Context,intent
"I'm going through some things with my feelings and myself. I barely sleep and I do nothing but think about how I'm worthless and how I shouldn't be here.
   I've never tried or contemplated suicide. I've always wanted to fix my issues, but I never get around to it.
   How can I change my feeling of being worthless to everyone?",sleep
"I have so many issues to address. I have a history of sexual abuse, I’m a breast cancer survivor and I am a lifetime insomniac.    I have a long history of depression and I’m beginning to have anxiety. I have low self esteem but I’ve been happily married for almost 35 years.
   I’ve never had counseling about any of this. Do I have too many issues to address in counseling?",sleep
"I have been feeling more and more down for over a month. I have started having trouble sleeping due to panic attacks, but they are almost never triggered by something that I know of.",sleep
I’m facing severe depression and anxiety and I just feel like I’m going through a lot. This really distracts me and I cant get my mind off the things that are bothering me.    How do I overcome this anxierty and depression?,sadness_low_mood
"I have a severe back problem. I've had 3 major and several minor operations, but I'm still in constant pain. How can I deal with the depression from this chronic pain?",sadness_low_mood
"I suffer from adult ADHD, anxiety disorder, and depression. It has been difficult to find a doctor in my area and my primary physician won't help. I am unemployed and overwhelmed. What would you suggest I do?",overwhelmed_identity
"A few years ago I was making love to my wife when for no known reason I lost my erection,    Now I'm In my early 30s and my problem has become more and more frequent. This is causing major problems for my ego and it's diminishing my self esteem. This has resulted in ongoing depression and tearing apart my marriage.    I am devastated and cannot find a cause for these issues. I am very attracted to my wife and want to express it in the bedroom like I used to.    What could be causing this, and what can I do about it?",self_care_coping
"I struggle with depression as well as pretty intense mood swings throughout the month. I experience highs where I feel amazing and energetic and then lows where I lack focus, energy, and generally have a more dark outlook on my life. How can I live a more balanced life?",sadness_low_mood
"I self-harm, and I stop for awhile. Then when I see something sad or depressing, I automatically want to self-harm.",sadness_low_mood
"I have been diagnosed with general anxiety and depression by my family doctor. They wrote a prescription for me to have an emotional support dog, I have the paper work, and I gave it to my apartment manager. They said I can't keep the ESD because I'm not disabled. What do you suggest I do?",self_care_coping
"I tried telling my husband I was depressed, and he ignored me. He said ""you're always sad or depressed."" And he picked up his phone and ignored me. I said, ""Please don't exaggerate, that isn't true."" And he said, ""Whatever babe. You just want to be sad.""
   How can I get through to him so he will take me seriously?",sadness_low_mood
"It's not entirely true to say I enjoy being sad, but I always find a way to feel that way. I listen to sad music, read tragic stories, and, in a twisted way, like how bad it makes me feel. I focus on negative aspects of my life even if they aren't legitimate or I just make it seem negative.",sadness_low_mood
Every winter I find myself getting sad because of the weather. How can I fight this?,overwhelmed_identity
"I am going through a divorce. He is extremely angry. He refuses to physically assist me with our teenager daughter. I have no extended family support. Often times, I feel overwhelmed, tired, and joyless. I feel out of control, sad and depressed on a daily basis. I am just going through the motions of life every day. I am in my mid-50s. I have almost 29 years on my job. How can I handle this?",sleep
"I can't even smile or fake one. I can't feel happiness about anything and I can't show love towards another person not even my girlfriend. I hate myself sometimes. All I see is ugly.
   I can't get over the loss of a loved one and I'm not close to my family. What can I do?",self_care_coping
My girlfriend just quit drinking and she became really depressed. She told me that she wants to move. What can I do to help her? I want her to stay.,self_care_coping
"I'm a teenager. My dad has been jail for the last five years. It's tough, but my mom really tries to give a normal life to my two sisters, my brother, and I. I feel like I took upon a parent role when I'm the second youngest, and I'm not stable. My mother and sisters say I'm overdramatic. I’m just so hurt, and I keep breaking down.",sadness_low_mood
"I'm in my mid 20s with a husband and children. I love my family, but I feel like I've lost my identity, and I don't know who I am other than a mom and wife. At times, all I can think is what I gave up and how I feel unhappy and trapped, but I know I'd feel like worse without them. I loathe myself at times. I have an amazing life, so why can't I just enjoy it?",overwhelmed_identity
"I have been dealing with depression and anxiety for a number of years. I have been on medication, but lately my depression has felt worse. Can counseling help?",sadness_low_mood
"There are many people willing to lovingly provide me with a home. I have food, clothes, and a university education, but I never feel like I belong. Even when I have a good time with people who are supposed to be close, I feel like I'm just out with friends and I never go home.",relationship_support
I am really worried about one of my friends because I think he has major depression. He disagrees with me on that. He is shut off when it comes to talking to people and telling them how he really feels. He told me he feels empty inside and the only emotions he feels are anger and sadness. I suggested to him to get help and talk to his mom about it but he refuses.,sadness_low_mood
I've become so jaded that I can't control my thoughts. I cannot focus on anything and been having anxiety attacks.,anxiety_worry
"When I get around a particular person or when I go home, I'm just sad or irritated. The feeling comes and goes all day every day. I don't know what wrong. I'm not sure if I'm just making up symptoms and problems in my head or if there is something actually wrong.",sadness_low_mood
"I am a teenager. I have been experiencing major episodes of depression (if that's even what it is) for several years. It’s always getting worse. I have been having panic attacks, feeling like I can't control my fears, and I can't even bring myself to care if I live or die anymore. The problem is that I don't know who to ask for help. When I try to talk to my parents, I freeze completely and can't do anything but make a joke because never once in my life have we talked about our feelings.",overwhelmed_identity
I feel lazy and numb. I have no interest in things.,sleep
"In the past year, two of my best and only close friends moved to different states. Now I have nobody to hang out with. I'm always alone, and I honestly haven't hung out with anyone since they left. I'm super lonely. What should I do to make new friends? Because they moved and I have no friends now, I think I'm falling into a depression or something. I just need help.",sadness_low_mood
I am the problem. I make my family argue because of me. My mom has even said it. It's constantly like this. I cause problems. I am worthless. I can't stop crying. Sometimes I have to cry myself to sleep. I can't even leave my room because my family can't stand me.,sleep
"I'm depressed often, and my mind goes a million miles a minute. Every once in a while, things are okay for a few days. After a bit, I start noticing that I am picking at my skin profusely. After roughly a week, the anxiety is back and still picking. Sometimes I find myself causing fights to have change.",overwhelmed_identity
I'm very depressed. How do I find someone to talk to?,sadness_low_mood
I'm constantly in a bad mood and I have no energy. Is that depression?,sadness_low_mood
"I'm in my late teens and live with my dad. The only time I go out is for my college classes. Sometimes when I see my friends I want to talk with them, but sometimes I won't want to talk to them for days or even weeks.    Sometimes I feel i'm not worth knowing or i'm never going to do anything right.
   Are they right, am I depressed?",sadness_low_mood
"She has trouble falling and staying asleep and she's always either extremely hungry or not hungry at all. She also gets angry and feels like crying really easily for no reason. She says she is always ""kind of down.""
   Is this depression? What can I do to help her?",self_care_coping
"I'm a teenager and I I go through periods of moodiness. I have extreme feelings (but I bury them), and then I feel nothing - just empty and emotionless.
   I have trust issues, low self esteem,ban extreme fear of abandonment, and I constantly reevaluate my relationships. I also don't know who I am as a person. I'm not happy overall, but I'm not suicidal. Can I just feel happy?",sadness_low_mood
"I had a very troubled up bringing and I'm currently dealing with alot right now. I know some people may not think so, but to me its a lot. I feel overwhelmed. Could this be depression?
   I use to be in therapy as a child. Alll throughout elementry, middle, and high school I had counseling 2-3 times a week. I haven't be in counseling lately though.",overwhelmed_identity
"I think adult life is making him depressed and we often sleep in on weekends untill 1 or 2 pm. We just eat, smoke weed, watch movies, and he'll go on his phone all day. He doesn't seem motivated to do much and he's often angry.
    I have no clue how to help him take his mind off the negative, or to distract him into a different light. How do I help him?",sleep
My mother is combative with me when I say I don't want to talk with her about my depression.    She hasn't been supportive of me in the past and she isn't someone that I feel comfortable opening up to. She constantly tries to instigate conversations where she asks me questions that I don't want to or can't answer. I tell her I don't want to talk and she starts arguments with me.    How can I get her to understand?,sadness_low_mood
I just feel sad all the time and I don't like anyone in my family. I feel like they're trying to control me and won't let me grow.,sadness_low_mood
"I can't seem to feel any emotion except anxiety, not even for myself.",overwhelmed_identity
I know I need to deal with my depression. But I don't know how and I don't want to tell anyone.    How can I deal with depression without telling anyone?,sadness_low_mood
I'm dealing with an illness that will never go away and I feel like my life will never change for the better. I feel alone and that i have no one.    How can I overcome this pain and learn to be happy alone?,relationship_support
"How do I make myself happy without the people who made me happy? Now that they’re gone, I feel sad. It’s been two months now but I seem to be unable to stay okay and independent.",overwhelmed_identity
"I feel like I am internally screaming all the time. Externally, I am calm, but I have this intense, unidentifiable emotion constantly. I don't feel sad. I don't cry a lot. I feel rather emotionally distant other than the internal screaming. It kind of feels like I'm a caged animal.",sadness_low_mood
"I've never been able to talk with my parents. My parents are in their sixties while I am a teenager. I love both of them but not their personalities. I feel that they do not take me seriously whenever I talk about a serious event in my life. If my dad doesn’t believe me, then my mom goes along with my dad and acts like she doesn’t believe me either. I’m a pansexual, but I can’t trust my own parents.
 I've fought depression and won; however, stress and anxiety are killing me. I feel that my friends don't listen to me. I know they have their own problems, which I do my best to help with. But they don't always try to help me with mine, when I really need them. I feel as if my childhood has been taken from me. I feel as if I have no one whom I can trust.",sadness_low_mood
"I don't know how else to explain it. All I can say is that I feel empty, I feel nothing. How do I stop feeling this way?",sadness_low_mood
"People who are parental figures in my life have, in the past, hurt me, and some continue to do so. It makes me feel like I'm not good enough for my husband or the life he provides me. I have had jobs, but I am going through a lot of my past garbage and trying to figure out when it all went wrong. Any time I bring these things up, I am expected to be over the issue. These are people that you can't just cut out, but I have never received apologies for so much of my pain. I don't know what to do any more. I don't know who I am anymore.",relationship_support
I am going through a very hard time and I'm so depressed. My parents are getting a divorce and a lot of bad things are happening. I want to lull myself.,overwhelmed_identity
"My depression has been reoccurring for a long time. It all started when I was being bullied in high school. In ninth grade, my principal told me I needed to stay home for a couple days to protect myself while she spoke to my classmates. I needed professional help for my stress because I was having crying spells from the stress of going to school and confronting my classmates. After that, I was fine for a couple of years. I entered my first year of college in a really tough program with high demands of expected work. I believe my depression re-booted from there with the stress. I began to cut myself because a friend of mine at the time told me how she used to do the same and it used to feel good for her. Obviously, that wasn't the right choice. I regret ever doing that, seeing as even though I'm not self-harming anymore, I always look back at that time whenever I feel very stressed. I have a big problem with handling problems in life. Whenever a problem arises, I get stressed and I feel hopeless, as if it's not going to get better. I get way too stressed from my problems, which leads to overreacting a lot (especially when talking to others), which then leads to depression. I have a hard time coping with stress because I know that if I could handle it easily then I wouldn't be sad all the time, and I would say and do the right thing instead of overreacting to my loved ones.",self_care_coping
"I've been depressed for quite a while. I've been trying to work through it, and my boyfriend has been my rock. He is honestly the only person I trust enough to talk to about anything, but he decided to break up with me because of my depression. I cannot afford to see a therapist or anything, so he saw no hope in staying with me. My insurance has a $5000 deductible, so I’m screwed. I've had everything from suicidal thoughts to trying to quit my job. I have no one. My family doesn't care about me; they kicked me out when I turned 18 a few years ago. I had friends, but they have all moved on with their lives and have no time for me. My ex-boyfriend is trying to help but is making things worse because every time I see or hear him, I break down into tears. I found out that I will never be promoted now because of my depression.",sadness_low_mood
"After he got home from the hospital he was angry, then for a time wonderful. Now he is depressed and hopeless again.",sadness_low_mood
I always feel like I'm doing something wrong. Everything I do is crappy. I want to cry all the time. I can't eat or sleep.,sleep
"I'm depressed. I have been for years. I hide it from everyone because I'm scared of the reactions I'll get. Last time I tried telling my parents, it was a huge argument about me being too young to be depressed (I’m a legal adult), calling me ungrateful, and telling me that if I can't handle things now, it's only going to get worse in the future (which is turning out to be true). It's exhausting pretending to be okay, and I don't know how much longer I can try. I'm just really tired, and sadly, I can't afford the help I need on my own.",sleep
"I have terrible anxiety and depression. I've tried various therapists and pills, but nothing's helped.",sadness_low_mood
"He said he would try and he never did. It's been nine months, and this is making me worse. Today, he said I have to respect whatever decision he makes. Is that true? Am I supposed to respect the decision to leave because he can't handle what I'm going through and leaves me here crying and worried every night? He's constantly changing his mind on if he wants to work it out.",overwhelmed_identity
"I'm in my late 50s. I never loved or have been loved. I need deeper help than is offered in my small town, but I cannot leave this town because of agoraphobia. I find myself losing hope more and more. My brain barely works anymore, and my memory so small, I forget in a moment. I serve no purpose. I'm incapable of work or anything of value, and I never have been. I’m a complete waste of time and resources, and yet I keep trying. Why? Why does God insist that I continue to exist? I’m not suicidal, just tired.",sleep
"Both of my parents committed suicide together, and I was the one who found them. I suffer from overwhelming depression, which is having an extreme effect on me and my husband’s sex lives. He does not understand at all and is always making me feel so uncomfortable about sex.",overwhelmed_identity
"I stress over everything. If I don't have enough ""quality time"" with my boyfriend, I start to feel resentment towards him. He has three children, and they are great kids, but I find we don't have much time together. I break down easily and find myself depressed.",overwhelmed_identity
"I have been falling into a deep depression where I can no function during the day and night. The only time I am at peace is when I’m asleep. If I am with friends, family, at work, and mainly alone, I cannot think straight. I no longer feel like myself.",sleep
I am pretty sure I have depression and anxiety. I also have voices in my head. I have problems sleeping too. I've already been diagnosed with attention-deficit disorder and obsessive-compulsive disorder. I have self-harmed in the last and used to be suicidal. How do I tell them this and ask for therapy?,sleep
"I'm depressed and recently went through a break up. It’s like every guy I like only wants me for sex. I think I'm ugly, and sometimes I just want to die. I have a son, and I got really big when I was pregnant. I have stretch marks on my stomach.",sadness_low_mood
"I'm not the same anymore, I don't know how to get back to who I am. I'm sad and confused and angry and tired. I don't sleep well.",sleep
"Over the years, I have slowly lost everything: my jobs, my cars, my freedom, and my money. I am a stay-at-home mom who doesn't make any money, doesn't have a car, never goes out, and cleans all day long everyday.",overwhelmed_identity
"I don't have time to live or take care of myself at times. It's causing depression, stress, and anxiety. I don't know what to do.",self_care_coping
"Two years ago, I was separated from the military into my contract for medical issues. It has emotionally destroyed me. I now basically hate myself. It's embarrassing to be separated from the one place who takes anyone. My family has been in the armed forces, and it has always been my dream. I can't do this alone anymore, and now my family is even worried.",overwhelmed_identity
"I feel depressed even though I act like a happy with my family. I act like I’m happy so my son doesn’t see me sad. I act like my life is a happy life, but I feel sad and depressed. I sometimes think of killing myself and that my family deserve someone better than me. I just cry and write in my book all these feelings.",overwhelmed_identity
"I think i may suffer from depression, and it is affecting my life and sleep. I am on my parent's insurance, and they won't let me see a therapist because they don't believe in it.",sleep
"When I'm sad and alone, I want to cut myself.",overwhelmed_identity
"I have friends, family, I live in a good home, I go to a nice high school, and I get pretty good grades, but I don’t know why I'm so unhappy. These friends are my best friends and they’re all amazing people, and yet I'm sad all the time and feel alone.",sadness_low_mood
"I'm starting to think that I might have depression. The thing is though, I'm not exactly sad. I can joke with my friends and stuff, but I've stopped caring about my work, and I've been starting to think that life is pointless. I really have no clue if I need help, or if I'm just tired or something.",sleep
"In the last ten months, I've been kicked out, moved around three times, worked many jobs, stopped school to make money, had dad and mom get sick, was cheated on while pregnant, lost my baby, had relationship issues, and was betrayed. I can't get a job. I have no friends. I feel lonely and isolated. I've been dealing with all this by myself.",overwhelmed_identity
"I've been feeling worthless, unaccomplished, and so frustrated. I want to break things, hit myself, run away, kick, scream, and cry. I just want to be happy and outgoing again. I want to be able to take care of my daughter and live comfortably.",self_care_coping
"I keep feeling paralyzed and unsure during interviews. Previous jobs have fired me for lack of performance, and five employers have rejected me after extensive personality tests and interviews. I'm afraid of continuing because my depression is getting worse. I'm already humiliated working for temp agencies and doubt my self-worth as a provider for my family.",sadness_low_mood
"I feel like I am not at a good state of mind. I'm very unsettled in my soul. I'm not happy with myself or the decisions I make, which makes me not happy with anyone else. I feel like a failure most of my days. I don't feel like I'm good at anything anymore. I feel like less of a person.",overwhelmed_identity
"I am not sure if I am depressed. I don't know how to bring it up to my parents, and that makes me miserable.",sadness_low_mood
"I have absolutely nothing to do with my life but lay in bed on my phone or hangout with my one friend. I don't have a job, my family doesn't include me in anything, and I don't have many friends. I have nothing to do besides go on my phone. I miss talking to people in person instead of online. I don't even talk to my family in person even from the other room.",relationship_support
My motivation has gone away. It's hard to get out of bed. I really don't know what to do anymore. I'm miserable. My anxiety and depression have taken over my life.,sadness_low_mood
"I sleep a lot. Music changes my mood. I cry every Wednesday. My mind is like a maze that even I get lost in. I don't usually feel my true emotions, but instead, I get fake mirrored ones.",sleep
I have twin toddlers. I experienced a death of loved one prior to giving birth. I had a horrible break up with the father. People told him he was using me for money. My ex-boyfriend had extreme meltdowns every day for three years. I’m always alone with no friends.,sadness_low_mood
"I live a normal life. I have tons of friends and family, but I feel lonely.",relationship_support
"I started having anxiety three months ago. I'm new to having anxiety, and it's making me depressed.",sadness_low_mood
"I have no friends, no hobbies, and no interest in anything. I get annoyed with everything and everyone. I am always tired, i can sleep 8 hrs or 12 hrs and im still tired. I don't know what to do. Is this normal?",sleep
"I have a lot on my mind, but all I want to do is stay locked in my room and not socialize with anyone. Why do I feel so alone?",relationship_support
"I've had posttraumatic stress disorder for years without my parents ever finding out. I want to overcome it, but it’s so vivid, it’s like it’s happening again. I'm scared and paranoid. I have depression, which I have been struggling with since a young age.",sadness_low_mood
"My dad passed away when I was a teenager. I never got any help, and five years later, I feel like I can't handle it anymore.",overwhelmed_identity
"I am a single mother. As a child, I was molested by my mother's boyfriend. I never knew my father. I started having children at 18 right after high school. After having children, I completely lost myself and gave all of my focus on my children. Now my children are getting older, but I still don't know myself. I've had several attempts at relationships, and they all fail. I stopped caring about a lot after my children's father left me. I fell into a spiral and got depressed.",overwhelmed_identity
"I always see the worst end of things. My boyfriend and I aren't talking, and I swear he's leaving me. I keep failing my road test, and I see my future crumble. I have no desire for friends. I pushed my best friend away after Christmas, and I have no desire to fix it or make new friends. My aunt died, and I cry all the time, even if I burn my lunch.",overwhelmed_identity
"I was anxious to go to middle school. I was afraid of what people might say about me, so when school started, I wasn't acting like myself. I was quiet, which I'm usually not. I didn't talk to anybody and didn't have any friends. Then a few years later, my grandma died. I really became depressed and stop going to school for a little. I hated myself and still do. I just need help. I need someone to care for me. I need someone to show that they care.",overwhelmed_identity
"I was in a situation with a guy. He’s my brother’s friend and kind of like a brother to me. He invited me over to hang out, and then came on to me. I was instantly terrified to say no, and I gave in. I don't know what's wrong with me. I can't figure out why I'm afraid to say no. This is giving me a lot of guilt and depression.",sadness_low_mood
"My life is completely normal, yet I feel empty inside. I feel as if I already know why I'm alive: to reproduce and die.",sadness_low_mood
"I'm almost never happy. Half of the time, I don't feel anything. I find it easy to make myself feel nothing. I know I push people away because it’s easier. I just want answers. I'm sick of feeling this way. It’s ruining my relationships with people.",overwhelmed_identity
"My husband and I are in a terrible place. Part of me wants to fix it, but then I'm caught up with not knowing how and not being able to communicate my feelings to him because he always feels I'm blaming him. Sometimes I am because the feelings of distrust are so strong. I feel they must be coming from something he's doing, but sometimes I know I'm being irrational. Still, that doesn't stop the anxiety. The other half of the time, I just want to walk away, but I feel like that will only be a temporary fix.",anxiety_worry
"A girl and I were madly in love. We dated for over a year and were even talking about marriage and future plans together. She moved away for school, and we attempted a long distance relationship. We eventually broke up. It's been a year now, and I still haven't lost my feelings for her. I still love her the same way I did. I've suffered from depression ever since the breakup and have been unable to connect with anyone else. It's damaging me and my life.",overwhelmed_identity
"I've got so much anger. I don't know how to control myself. My girlfriend screams at me all the time, and sometime I don't know how to deal with life. I'm very depressed and angry. I feel lost.",overwhelmed_identity
"I've been having this ongoing problem for most of my life now. I am a young adult, and right now, driving and even being a passenger gives me terrible panic attacks and anxiety. I can't ride in the backseat or the front seat with the safety belt on. I have to lean the seat back a bit because the pressure on my back terrifies me. I miss so many opportunities to go places with friends and family because of my fears of having a panic attack. My family offers little to no support. They think it's fake or ""all in my head."" It makes me feel guilty and at times depressed to the point where I'd rather never wake up anymore. I am not self-harming, I just feel meaningless. This constant fear has taken over my thoughts and my life. I was such a happy person. I want my life back. I want to travel with my friends and family again, but I don't know how. I've almost given up hope on getting better and just accepting the fact that I'll live with this anxiety forever.",sadness_low_mood
"I am broke, but I am sure I have been depressed for the past couple of years. I have always had anxiety. I just need someone to talk to right now. I don't have any friends or family I can talk to. I'm on the verge of just giving up.",sadness_low_mood
"I don't know how to have emotions. I never had any from my birth. Being human, I think of myself as a monster. I enjoy pain. I cut myself for my climax during sex. I think most of the time, I lie, even when sometimes it would have been easy just to tell the truth. I was in rehabilitation for four year. I have made love with both men and women, but it made no impact in my emotions. The books that I enjoy reading H.P. Lovecraft and Edgar Allen Poe. I go hunting every Saturday. I feel powerful. I don't enjoy the killing of the creature, but the hunt of it and to eat and drink the flesh and blood of the creature.",overwhelmed_identity
I am on my own with my daughter. I am so worried and stressed about her.,anxiety_worry
"I just had a newborn. When I brought him home, my mom told me to leave. Now I'm in a women's home. I don't see my boyfriend that often because he works. The women's place is helping me find an apartment so I can go back to work and get child care.",relationship_support
"I have experienced cycles of depression for the past four years, and it hits me harder every time it comes back. This past time, it was extremely debilitating, so I went on Wellbutrin. I could feel the effects of the medicine after the first week. A month and a half later, I decided that my depression was being caused by my own unwillingness to move forward and address my behaviors and thoughts that were keeping me in a place of despair. I became worried that the medicine was making me complacent and prohibiting me from working out what I needed to in my life to bring back true fulfillment. I stopped taking it a month ago and feel okay; a lot of the anxiety it was paired with has gone away. However, I still don't feel my sense of self has been completely regained, and I have days where I feel a zombie-like haze of having no interests or the ability to fully concentrate on anything. Is it better to continue letting time and good habits work out the remaining depression or should I go back on the medicine?",sleep
"At school, it feels like I've lost all my friends, and I've been really weird with my sleeping patterns. I used to cut myself, and I really want to again, but I change in the locker rooms because I don’t want anybody to see. I get ticked off easy and overreact. At night, I’m very depressed and listen to sad music and all that sort of stuff. Please help me. I just want to be happy again, and I feel like I’m starting to fake a smile at school.",sleep
I think about death all the time because I feel so alone. I want someone to love and someone to love me.,relationship_support
I'm unemployed just relocated. I can't get approved for a place to live because of past mistakes which follow me to this day. I'm depressed and on the verge of loosing my partner because I'm overwhelmed and have trouble functioning on a daily basis. I see no light at the end of this tunnel and need some help. I see no point in this chaos infested joke some call life.,overwhelmed_identity
"I'm supposed to stay here the rest of my academic life, but I've never liked it here, not even before I came. I’ve never felt like I belong, I’ve missed my country every second in the past four months, and I'm just miserable. I'm gaining weight, doing nothing, and crying for hours straight. Is it time to go back home or is it just culture shock?",sleep
"I am in high school and have been facing anxiety issues lately. Whenever I get close to being in a relationship, some kind of anxiety takes over and keeps me from the relationship. This anxiety causes me depression at times and even makes me want to vomit. While a semi-relationship should be joyous, for me, it’s an emotional nightmare I can’t get to the bottom of. I’ve had this before and had to leave the semi-relationship to avoid throwing up every time I made contact with my crush. What could be the reason behind this? Is it massive nerve problems? Is it a fear of a bad relationship?
   While I’m not quite ready to be in one anyway, I want to get to the bottom of this for a brighter future in which I can be in one. I don’t take medications and have no desire to, I have read forums, and I’ve talked about the issue with my sister who has faced similar problems.",sadness_low_mood
"I just got out of a two year relationship. I broke up with my boyfriend because he wasn't showing any affection at all. He was talking to other women and lying about it. It pushed me away and hurt me, but I'm still in love with him. A couple days after our breakup, he was talking to someone new. He told me he wasn't sure if he loved me. I cried for several days, lost my appetite, and couldn't sleep. Our whole relationship was only us. We didn't have friends. It was me and him against the world. We didn't talk to anyone else because we only wanted to talk to each other. We hung out constantly and Skyped to sleep every single night. Then, when I cut myself, we talked on Skype. He cried and told me ""I'm still in love with you, I never stopped loving you,"" and I cried tears of joy. I asked multiple times if he loved me and asked to make sure he wasn't just saying that because of me being so depressed. He promised and assured me he loved me. He came over after that, and we had sex because he wanted to. He went the home that night and told me he didn't love me, and he lied because he was scared. He told me I wasn't attractive, I wasn’t beautiful to him, and that I changed. He also told me he was 100% sure he'd never love me again. I'm still in love with him. Why do I love him? How do I stop? Just knowing that someone else is with him hurts me. That I wasn't good enough and that I'm no longer beautiful hurts me. I think I need a therapist, but don't know if I should.",sleep
"A friend of mine taking psychology advised I go to my doctor to check if I have major depressive disorder. I'm afraid of the consequences of doing so. If I do become diagnosed with major depressive disorder, won’t that go on my records? I will never be able to become a counselor along with a list of other things I may be prohibited from. I’m also afraid of taking any anti-depressants. This year, my doctor gave me some for a ""dislocated hip."" I had a severe reaction and passed out moments after taking them. Everyone I know who has taken anti-depressants says it’s a bad idea all around and you’re better getting treatment without them. I’m concerned they might take me to a clinic and force me to take medication because I am unable to make decisions on my own. I’m not really suicidal, but I am not really taking care of myself either. Someone also told me they still use electroshock therapy. I’m not keen on that. I’m wondering if I am better off just getting self-help and working things out on my own. It’s just that I've been an emotional mess since I was in elementary school. I’ve graduated now and tried to stay positive and be happy, but I cannot deny I still am not good.",overwhelmed_identity
"I have no real friends. I have a girlfriend who irritates me but loves me to death. I push her away and pushes me away. We’re going through a breakup, and I have nobody.",relationship_support
"I've been hospitalized twice. Once was last month for psychiatric help. I'm on medicine, but I'm struggling with fighting the negative thoughts, irrational fears, and loneliness. The people around me aren't helping much.",anxiety_worry
"I'm going through a divorce with my wife of three years, who I've known since the 4th grade and been involved with for seven years! We just had a baby seven months ago and never got along with my mother, who I've lived with for years. I am now back with my mother because I have nowhere to go with this divorce looming. I'm heart broken because I fell into a depression, I haven't seen my child in a while, I'm having good and bad dreams, and I feel hated. Can you help? Can you intervene? Can I speak with someone?",sadness_low_mood
"I was married to a narcissist sociopath for 10 years. During that time I was a general manager. I used to help him financially and in other ways when we were together. But things began to change. He emotionally and sexually drained me. I lost my spirit. I used to be a very happy person but now I am a loner. I left him and moved to another state. Currently, I'm working as a server which makes me believe less in myself. I feel pity for myself a lot but don't know what to do. When I have money problems, he does not help me. He actually enjoys seeing me have a hard time in my life. I need help.",self_care_coping
I have manic depression and last summer was very very bad. I have recurring nightmares and I avoid anything that will give me a similar feeling as I did that summer.,sadness_low_mood
"My doctor thinks that seeing a psychiatrist will help with my depression and anxiety. Now my anxiety is worse, what do I do? Writing on here has taken every bit of strength I have left.",sadness_low_mood
I am always down and out. Could this be postpartum depression?,sadness_low_mood
"My last relationships have ended horribly. They just up and abandoned me. One of them I have never gotten closure with over it, leaving me emotionally wrecked. I know something's wrong with me but I don't know how to even start trying to better myself.
 I get into these depressed like states whenever anyone I care about is too busy to be with me. I know that I shouldn't act like that because people are genuinely busy, but I feel like they're doing it just because they don't want to be around me.",overwhelmed_identity
"I don't know what's wrong with me. At times I can be really happy, excited, I'll talk fast, and I want to do things. But lately I've been staying up way later and sleeping too much. I don't hang out with friends, I don't really have them. I feel nothing, worthless. I want to do nothing, I have no interest in anything.    All I usually do is stay in my room. I want to be happy, I want to be nice. What's wrong with me?",sleep
"I've have lived for sometime with depression but things have gotten a lot better, but why is it so hard to get over anxiety and social isolation?",sadness_low_mood
I'm in a state of depression right now. Who can I talk to? I've been sick in a lot of pain and crying. Don't know where to turn.,sadness_low_mood
"I've been married for 3 years and I have two kids. During my 3-years married, my husband cheated on me twice. The second time really got to me and at my lowest I hurt him back. We aren't communicating as well as I would like. What do I do?",relationship_support
"When I'm in large crowds I get angry and I just can't deal with people. I don't really like other people (I prefer animals) they make me nervous and scared.
   I lay awake at night thinking and having conversations in my head and i almost always end up making myself feel terrible and crying, I have more conversions in my head than I do with actual people.    I don't know what's wrong with me and why I feel this way. What should I do?",sleep
"Sometimes I can't stop thinking about life after death. I was raised in a religion that teaches that we will live on forever either in hell or in heaven.  When I think of living forever (even if it is in heaven which should be good), I feel overwhelmed. I don't like the thought of living forever and ever and ever. Sometimes I just can't get the thought out of my mind and the thoughts lead to panic and anxiety.  Am I crazy? I don't think these thoughts are normal.",overwhelmed_identity
I get very nervous and anxious/scared before sex.,anxiety_worry
I know this fear doesn't make sense. How can I overcome it?,anxiety_worry
"I have anxieties about everyday stressors, i.e. finances, work, relationships, kids, and maintaining a household.",anxiety_worry
I've gone to a couple therapy sessions so far and still everytime I walk in I get nervous and shaky. Is this normal? Should I still be feeling like this?,anxiety_worry
I'm 17 and I'm sick and tired of going back and forth. I'd like to stay at my mother's house. This problem has really affected me. I've had anxiety attacks and suicidal thoughts and self-harm in the past.    Currently I'm going through anxiety and my thearapist is not available. How do I handle this?,sleep
"I have these dreams of men, and they always seem to try to hurt me. It's gotten so bad that I first wake at 4:30, then 4:45, and finally stay awake by 6:00. I'm always the last one to fall asleep and the first to wake. I hate falling asleep. The longest I've went without sleep is three days.",sleep
"I have been with my boyfriend for more than a year. He recently got a new job and travels a lot. I’m not used to him being gone all the time. I feel as though he has forgotten about me because he does not talk with me as much and doesn’t keep me up to date on everything that he does throughout the day, which he used to.
 I feel lost, sad and unwanted. This is really a tough new challenge. I just want to break up with him, but I love him so much. I don’t know why he is acting this way lately. I believe I have separation anxiety. Is there anything that I can do to help me cope with this while he is out of town?",self_care_coping
"I panicked over a minor parking lot mistake. It was totally my fault, but due to another insurance issue, I left a note with an illegible phone number. Guilty over this, I got an envelope containing several hundred dollars. Unfortunately, by the time I returned, the other driver had seen my ersatz note and drove away. Since I cannot make this up to that individual, how do I atone for my cowardly act? I have been trying to do random acts of kindness in hopes that karma will somehow even out.",sadness_low_mood
"I've been having horrible anxiety for the last week. I can't sleep. I get a sense of doom, and it's hard to breathe. I feel like nothing I do makes it better.",sleep
"When I get talked to by my dad or stepmom, or if I'm in trouble, I will begin to cry and not say what's wrong with me. When my dad or stepmom ask what is wrong, I never know the answers or the words to put together what is actually wrong with me.",sadness_low_mood
"I just took a job that requires me to travel far away from home. My family and I really need this job.
   People keep telling me I have ""anxiety"" and I'm terrified of having an anxiety attack on the road. This is all new to me. What can I do?",self_care_coping
"I recently broke up with my boyfriend After being together for over 4 years. I truly believe I did the right thing, but omehow being single now has made me very needy and unsure of myself.
    I am seeing someone casually and I am losing my mind with anxiety about how he feels about me and this need for validation.
   How can I learn to be content and at peace with myself regardless of my career, relationship status, etc?",overwhelmed_identity
"I'm a teenager, and while I’ve never been to any kind of therapist, I noticed I experience several anxiety symptoms. I frequently find myself not going out and following my parent around the house. I can't go into stores (grocery stores specifically) on my own, and when I do, I have to be on the phone with my dad the whole time. I also forget things a lot.",overwhelmed_identity
"I am a really shy person. I'm currently in a graduate program which requires lots of presentations, but they always make me feel stressed out and less confident. How can I get more confident?",anxiety_worry
"I start counseling/therapy in a few days (I'm freaking out) but my main fear is that I'll cry and embarrass myself, is it something to worry about?",overwhelmed_identity
I feel too scared to meet people I don't know - even relatives. I don't ever raise my hand or talk in school. I feel like no one understands. How can I handle this?,anxiety_worry
"I'm a male in my early 20s. Lately, my paranoia about being around kids is causing me too breathe heavy and sweat a lot. I then start to act weird because I'm trying to fight my paranoia. This leads to people starring at me because they don't know that I'm suffering from panic attacks and paranoia. They just notice me acting scared around kids and they think I'm a threat because of it.    I'm not a pervert or predator. I would never hurt a kid. I like kids and don't know why I'm so scared to be around them.    I don't understand why I feel like this. Am I a bad person? How do I make this stop?",anxiety_worry
"Example would be homecoming? I was at my high school's home football game on Friday, and I left because I felt uncomfortable with all the people there and I just wanted to be by myself. Why is that?",overwhelmed_identity
"I am a female and in my early teens. I don't want to feel afraid of people. When I meet someone, I know that they are okay, but I still feel afraid.",anxiety_worry
"My son was diagnosed with autism a few years ago and I stopped working so that I could take care of him. I also was dealing with an abusive relationship (mentally, physically, and emotionally). Now I live like a recluse and I always feel nervous around people.
   How can I feel more comfortable around other people?",self_care_coping
"Sometimes, I'm fine and can go out or meet people, but other days, my heart races and words physically cannot come out of my mouth. I've always thought it was normal and I was just nervous, but the other day, it took me almost 30 minutes of sitting in my car to find the courage to enter Target by myself.",overwhelmed_identity
"A lot of times, I avoid situations where I am to meet new people because I have a fear of embarrassing myself. I often avoid large groups of people, like parties, because I think they all constantly judge me.",overwhelmed_identity
"My partner lives in Canada while I live in the US. We visit each other, but we go months in between visits. I have anxiety, and I'm always anxious about him cheating or still having feelings for an ex that he dated for three years. He doesn't understand my anxiety. How do I stop myself from worrying so much?",overwhelmed_identity
I just about fall asleep then I can't help but sit up and walk around.,sleep
I have severe anxiety and have tried everything. Everything makes it worst.The only thing that helps is my emotional support animal.,anxiety_worry
"I'm just an extremely paranoid person. I constantly feel as though I am in some sort of danger, like as though I live in a horror movie with no resolution. It worsens at night. It gets to the point I'm scared in my own home more so than anything. I have no access to the help I need so I'm desperate.",anxiety_worry
"I don't know if I'm normal. I'm really scared to touch a girl. I'm a young adult and a virgin. My fiancée and I want to have sex soon, and this might mess everything up because she wants a baby soon as well.",anxiety_worry
"I am a peaceful person, but I often find myself having thoughts about killing people. Eventhough I like the thoughts at the time, they make me cry. Why do I feel like this?",overwhelmed_identity
I shake and have panic attacks.,anxiety_worry
I haven't been feeling like myself lately. I've been upset for no reason and feeling anxious. I'm feeling burnt out. What can help me feel better?,overwhelmed_identity
"I have a fear of something and I want to face that fear to overcome it, but I don't know how. What can I do?",self_care_coping
"I've hit my head on walls and floors ever since I was young. I sometimes still do it but I don't exactly know why,    I have anxiety and I had a rough childhood but now I'll start to hit my head and sometimes not realize it but I don't know how to stop or even why I'm doing it.    How can I help myself to change my behavior?",overwhelmed_identity
Why am I so afraid of it? I don't understand.,anxiety_worry
"I have attention-deficit/hyperactivity disorder, posttraumatic stress disorder, anxiety, anger, and memory problems. I can't work. I have no income. I'm on medicine, but I feel worthless. I want to be normal.",sadness_low_mood
"I never feel like myself. I can’t even think straight anymore. I start stuttering and I can’t remember anything. I always get nervous and usually talk myself down but recently end up fighting with, what feels like, someone else. I don’t know why I feel this way, but I hate it.",overwhelmed_identity
"I had to put a restraining order against my ex-fiancé. He was served last night. He was mentally and verbally abusive towards me. I thought it was my nerves, but every time I stand up, I get sick. If I sit and rock, I'm fine.",sleep
"I've been dealing with this for years. My mom thinks I'm overly emotional and refuses to offer any help, like therapy or seeing a doctor. She's seen me when I'm having a panic attack and just said I was faking for attention or that I'm a hypochondriac. I just want to get better.",anxiety_worry
"I’ve been on 0.5 mg of Xanax twice a day for the past month. It hasn't been helping me at all, but when I take 1 mg during a big anxiety attack, it calms me down. I was wondering how I can ask my psychologist to up the dose to 1 mg twice a day without her thinking I'm abusing them. I just have very big anxiety attacks. Should I stay on the 0.5mg and deal with the attacks or should I ask to up the dose? I'm afraid she will take me off them and put me on something else.",sadness_low_mood
"I am so terrified of having sex anymore because I have been told over and over that sex is dangerous even though me and my partner used both forms of protection. My partner is not happy about this and simply wants more sex, and honestly, I want to give that to her.",relationship_support
"I was in a car accident and totaled my car. I gave up my job of nine years to pursue school full-time to better myself. I failed a class, and my boyfriend that I live with thinks I’m stupid and wants to break up with me. I have nowhere to go, and I feel like I’m losing everything.",overwhelmed_identity
It's especially bad at night time. I am scared of sleeping alone.,sleep
"I am on the track and softball team. My school is small, so I play all four sports it offers. I feel obligated to do track because I'm not a horrible runner, and my dad wants me to. The catch is is that the days before a track meet and the morning of, I get sick and cry.",sadness_low_mood
"I'm socially awkward. I've always want to be popular. I've had the opportunity to be popular, but every time I get i,t I'm too scared. All I have to do is talk the popular people. They're really nice to me, but I'm too scared of change. I really want to work up the courage to lose my fear.",anxiety_worry
I have a bad habit of thinking and worrying about what others may think of me. I really want to stop it and enjoy things.,anxiety_worry
I feel really uncomfortable when I have people's attention. It makes me not want to talk in public or answer questions in class. Can I get over this social anxiety?,anxiety_worry
I have been having a lot of nightmares where I am being killed in different ways. I either wake up in a panic or just crying and sweating. It has made me terrified of falling asleep and is now affecting my daily life too. Can I make the nightmares stop?,sleep
"My boyfriend and I have been dating for almost a year. We go to different schools, and we don't see each other that often. I just feel very paranoid that there's someone else or that he could be hiding something from me.",relationship_support
"I'm concerned about my boyfriend. I suffer from anxiety, but I always have this feeling he wants to hurt me because he told me he was interested in BDSM intercourse. We haven't tried it, but I've had this feeling he always wants to.",sleep
"I get so much anxiety, and I don’t know why. I feel like I can’t do anything by myself because I’m scared of the outcomes.",overwhelmed_identity
"I started dating my fiancé two years ago. My first cousin is married to my fiancé’s sister. There has always been a communication issue between my uncle and aunt and my cousin and his wife. My uncle goes to my mom instead of talking to my cousin, and it upsets my mom.",relationship_support
"I am a teenage girl. I've been seeing the same dream once in a while since I was very young. The problem is that I don't remember anything about this dream. I still know that it's the same one, and then I wake up in a panic, and I cry really loud without knowing the reason. Why do I see the same dream, why can I not remember it, and what should I do to remember it?",sadness_low_mood
"I’ve been with my boyfriend for a year and a half. He loves me a lot, and I love him. It hurts to be apart from him for so long. It hurts all over, and then I feel like it won't last.",relationship_support
"I started seeing this guy that I met at a mutual friend’s place. He recently broke up with his ex-girlfriend and started seeing me. Everything was great in the beginning, then I started having low self-esteem thoughts and thinking he was hanging with his ex-girlfriend again. It’s all I think about. I am still seeing him, but things have changed because I am at a loss for words. I get stuck in my own thoughts. I like and care for him a lot. He just makes me nervous and gives me the butterflies.",anxiety_worry
"I have not had a friend since I was 19. I don't go anywhere, and I have no job, all because I'm afraid of people.",anxiety_worry
"I feel insecure in my life. I don't think my wife truly wants our relationship even though she says she does. I have turned to drinking to help relieve my repressed stress about this and other issues. I have had a drinking problem for a few years. I feel the reason I drink is not just because I like to, but because I have lately been on edge. I’ve been very oddly emotional when watching movies that I have been watching for years. I’m paranoid about driving on main roads. I’m very jumpy at the slightest noises.",anxiety_worry
"I think I'm annoying and bothersome, but my girlfriend says I'm just fine. I don't think so, I think I'm stressing everyone else out",anxiety_worry
"When I go to school, I feel like everyone is judging me, even my friends. I get overwhelmed which these thoughts and sometimes cannot get out of what I call a deep hole of thoughts. I barely go to any of our school dances because of all of the people. Not even when I am completely alone do these thoughts go away. I still feel like people can see me and are judging me.",overwhelmed_identity
"Recently, I had a close call after delivering my second child (blood clot followed by internal bleeding and several blood transfusions). It was a close call. I am currently undergoing medical treatment because of the event, and I am constantly afraid the whole ordeal will happen again. I have never really had anxiety in the past, but I find now that it consumes my every day and night. With two beautiful children to raise, I am most terrified of not being able to raise and protect them.",anxiety_worry
"I constantly have this urge to throw away all my stuff. It’s constantly on my mind and makes me feel anxious. I don’t sleep because I’m thinking about something I can get rid of. I don’t know why I do it. I started years ago when I lived with my dad then I stopped when I moved in with my mom. Years later, it has started again.",sleep
"I met a guy a while ago, and I can't stop thinking about him. I feel like I love him, but I don't think I know him. What if he is not who I think he is? I cry sometimes thinking someone is going to be with him or that he has a girlfriend. I don't know, am I too obsessive? Every time we talk though, it's like magic. He makes me feel amazing, but what if I'm mistaken?",sadness_low_mood
"I've been experiencing a lot of anxiety and panic attacks lately. I was recently diagnosed by my psychiatrist with obsessive-compulsive disorder. Lately, I've been questioning everything from my career to my relationship. My boyfriend and I just moved in a few months ago. All of a sudden, I don't feel as comfortable around him as I used to, although I can't seem to find a reason as to why I feel this way.",anxiety_worry
"I have lately been having lots of anxiety and self-loathing about the fact that I am a young adult virgin girl who has never had a boyfriend before. It seems like everyone my age has already had boyfriends by now or are not virgins anymore, and I just had my first kiss five months ago. I’m worried that, at this rate, I won’t have a boyfriend for a very long time. The problem is that I want to lose my virginity to my first boyfriend who cares about me, but at the same time, I don't want to be waiting forever in order to experience sex. I have already given in to bad temptations by hooking up with random strangers on social media sites and having oral sex with them. Luckily, they were nice guys, but none of them wanted a relationship with me. I feel dirty by doing this, but I feel pressured to do this things in order to seem normal.
   Most people are surprised when they find out that I am a virgin or never had a boyfriend because people think I am really good looking. I am tall, I play lots of sports, and I get excellent grades in school. I am in my first year of university right now, and no guys have approached me to go out on a date or showed any interest. It bothers me. Most of the people in my family have been in relationships at my age already. I feel like I will be single forever sometimes.",sleep
"For my whole life, I’ve been very unconfident, insecure, and self-questioning. I'm super quiet because I'm scared of what people will think of me. I avoid all social situations as it causes me great anxiety. It is how both of my parents have always been, and I feel like I'm doomed to that life also. It makes it super hard for me at work as the other employees try to use me and walk all over me because I’m too nice. It causes me depression and brings me down. I’m in my early twenties, and I really need to create a better life for myself. I've been like this for so long, so how do I change?",overwhelmed_identity
"I have a lot of issues going on right now. First of all, I have a lot of trouble sleeping at times, while other nights I sleep too much and still feel quite tired. I’m also noticing increased irritability and experiencing anxiety attacks that last for hours. Is there something wrong with me and if so what should I do?",sleep
"I feel that I need to end my present relationship. He lives three hours away and likes the reassurance of having someone to talk to multiple times per day and seeing me once or twice a month. I want someone who is more present and more of a life companion. Lately, he has had a very busy work schedule and I have only seen him a few times in the last 6 weeks. I told him that I can't continue in this way because I constantly feel frustrated and angry and that he is not making the relationship enough of a priority. I also feel it is keeping me from possibly finding the relationship I want. We have been together 7 years. The problem is that I panic and experience anxiety and depression thinking of him with someone else and then thinking I will never meet someone I like. We have gone through this cycle already 4-5 times and I feel it is unhealthy to stay in it, but my aversion to the anxiety and depression I experience upon separation always leads me to reconcile.",sadness_low_mood
"I'm a teenager, and I struggle with going out and talking to people. I feel awful about leaving home. I know I can't afford a therapist so I don't know what my problem is, but I think I might have social anxiety.",anxiety_worry
"Whenever I don't tell my friends or anyone what I did or stuff that's not really important, I feel terrible, like there’s a hole in my stomach. It only goes away when I hurt myself.",overwhelmed_identity
"I was raped repeatedly when I was younger. I told my parents and action was taken, but now that I’m an adult, I suffer from extreme anxiety.",anxiety_worry
"I find myself being very outgoing most of the time, but there are some times when I don't know what to say. I don't even want to talk at all. It's like, I search for the right thing to say and nothing ever comes out. I don't know if I'm outgoing only to fill the void of not knowing what to say. I don’t know if people like that about me. I'm very self-conscious and always think people are talking about me, so it makes me have a cold shoulder and not want to talk.",overwhelmed_identity
"My dad refuses to acknowledge my anxieties about going to parties, dinners, etc. Whenever I have an opinion it gets shut down. My mom and everyone else behaves likewise. For my father who heads a company, this is normal. He has to be right all the time. He blatantly refuses to even try to see it from my angle.    Recently however, it's been getting to the point where I feel pressured and unable to speak my mind. It isn't possible for me to get professional one-on-one help. He tells me to grow a pair and get over it. I recently have been developing more severe body image and self-confidence issues, which I have had all my life. I feel invalidated by my dad. I have been more paranoid lately as well. I can't turn on location services anymore on my phone because of a past incident. He makes me feel guilty about it. I feel rather worthless more often than not, unfortunately. What do I do?",sadness_low_mood
"Whenever I leave my girlfriend I get panic attacks. I'm taking medications to control them, but I'm thinking of moving in with her since I get so anxious.",anxiety_worry
I had a head injury a few years ago and my mind races all the time. I have trouble sleeping and have a lot of anxiety. Every medicine I have been on my body rejects; I get sick to my stomach and get blisters in my mouth. How can I calm my self down? I'm a wreck.,sleep
"When my daughter is stressed about a silly thing from school, she starts crying and freaking out. She is a bright student, always has a 4.0, but I am afraid she is stressing too much. I’m afraid it’s going to break her. I don't know if I should get her to a doctor or someone because this is not normal.",overwhelmed_identity
"I'm being verbally abused on a daily basis by my parents in front of my child. I feel like I’m trapped and I have no escape. I feel like I have to listen to the horrible things they say and just take all of it.
   I need some way of learning how to cope with listening to it especially since I have nowhere else to go. I feel very emotionally drained How can I deal with this?",self_care_coping
"he just walks in the house whenever he wants to see his kids. My fiancé tells me it makes her angry and doesn't like it, but she seems afraid to say anything to him about it for some reason. Is it okay for him to do this?",anxiety_worry
"My ex-wife married and used me to have a child. She now uses that child as a pawn. I know my child misses me, but I need to move on and not live in the past. How do I do this? Do I see my child as much as possible or very little? Is it more confusing for the child?",relationship_support
"When my son was a teenager, we sent him to live with his dad because of the constant disrespectful attitude. A week after he graduated, his dad made him leave because of the same issues. All four parents tried to talk to him, and he just refuses help all around. He is now living with his grandparents. He had a job, and took steps to get his license and an insured vehicle. I thought he was heading down the right road, and then he tells me he quit his job because he didn’t like it. I just don’t know what to do.",sadness_low_mood
"She cried because she lost all trust in me. Now I feel disgusting and like my heart just got stabbed, what do I do?",overwhelmed_identity
"There is just no communication at all between us. She sleeps constantly all day (not at night). She acts angry and unfocused and stays in her very messy room all the time. The only time she comes out is to eat.    She has aches and fatigue, weight gain, hair loss and skin problems. She does not look after her health.
   I don't know how to communicate with her. She is not open to any suggestions. How do I get through to her?",sleep
"I'm concerned about My 12 year old daughter.    About a month or two ago she started walking on her toes, as well as coloring and writing very messy. This all happened very suddenly. She has never walked on her tiptoes and has always colored and written very neatly.    Is this something I should be concerned abou? Any advice will help.",self_care_coping
I have three children. The oldest is nine and not my biological child. The middle child is three and the youngest is one. I have a great relationship with the oldest two children but I haven't developed the same level of attatchment to the youngest child. I rarely want her around and look forward to her nap times. Is this normal?,relationship_support
"My step nephew, a preteen, has begun masturbating. I also had to take away the internet because he was caught looking up porn. I’m worried about him.",anxiety_worry
I am in my 30s with 2 kids and no job and I'm behind on the bills. I've been trying everything with no results. I feel like everyone else puts their needs in front on mine. I give intil it hurts and I'm afraid that I'm going to fail my babies    I've been struggling for 5 yrs in a relationship with no communication and no alone time. How can I get some support?,anxiety_worry
"My daughter was overly tired and throwing a fit at her grandparent's house. She wanted to come home at midnight and cried screamed said she said she hated her grandma and that she wanted to kill herself!
    We also have a new baby in the house i didn't know if this would contribute to this. How should I approach this?",sleep
"I am in my early 20s and I still live with my parents because I can't afford to live alone.
   My mother says that if I live under her roof I have to follow her rules. She is trying to control my life. What should I do?",relationship_support
"My dad makes me feel like shit and like I'm worthless. He calls me names and makes me feel depressed. I want to move out because I swear if I stay here, I'm going to lose it. What can I do?",self_care_coping
I want to live with my mom. My dad gets angry and makes me feel like everything is my fault. I still talk to my mom although My dad tells me that I'm no allowed to. I'm scared I will make the wrong decision and that my dad will hate me.    How do I tell him that I want to live with my mom?,anxiety_worry
"I told her that if daddy dies, we will never see him again. She started crying because I wouldn't make her daddy die.",sadness_low_mood
Is this something I should be worried about? Should I do something about it?,anxiety_worry
"Me and my adult daughter just do not get along. She's very belittling to me when I don't agree with her. It's almost like she scolds me. We get into all out war. She's said I don't support her in what she does and that I've never loved her. She calls me horrible names, and she pushes my buttons to the point I call her names.",relationship_support
"I am divorced and happily remarried. Our blended family of children are in their 20s. My youngest, age 20, continues to call me crazy and favors her dad. He was abusive to me, and I left with injuries. He never wanted kids, and I did. He paid child support only through forced wage earners. Now my daughters favor him after all the sacrifices I made for them the past 15 years as a single mom. I don’t deny them a relationship with their dad, but to be called crazy and then watch them hang out with him hurts me to the very core. I’m not sure how to handle this.",relationship_support
"My brother just broke up with his girlfriend. While they were dating for the past two years, her son spent the weekends with me and my mother. Now she doesn't think her son should have any interaction with us. How should we approach the situation? Is she doing the right thing for her child?",relationship_support
"My mother-in-law is mentally ill. She has been for most of her life. She cuts herself. She has been in and out of psychiatric hospitals for about 40 years. She has voices in her head that tell her to cut herself. She has had multiple shock therapy treatments, and she’s on enough medication to take down an elephant. Her parental rights for her two children were taken away from her when my husband was a boy—he is now in his late 30s. She doesn’t even have custody of herself. She hasn’t asked yet, but she has been insinuating that she wants to babysit my child. How do I go about saying no without creating an issue?",sadness_low_mood
"My fiancé and I have been in a relationship for two years. We have an infant son. My fiancé also has a child from a previous relationship. We do not live together. I live with my mother currently while I get on my feet, and he's living with some friends. My mother and I have an awful relationship that is completely unbearable most of the time. We cannot even stand to be around one another while living in the same house. She has made it clear that she wants me gone. Recently, I was talking to my father who lives in a different state. My father and I have always had a good relationship. I explained to him the situation I am in with my mother, and he said he would like for me, my fiancé, and our son to come live with him and his wife. I would really love to go. I do not want my son to be in this environment with constant arguing and negativity any longer. There is nowhere else for me to stay while remaining in this state. The problem is my fiancé is refusing to move away with me because he does not want to leave behind his other child. He and his child's mother have a horrible relationship, and she would absolutely not be willing to let him visit if we moved away. I believe I would be doing what is best for my child by moving away, but I do not want to leave without my fiancé. I have already explained the situation to him, and he will not give in. Do I continue to stay in this negative environment with my child and keep our family together? Do I move away with my child and have my relationship end? I do not want to take him out of either of his kids’ lives. What do I do?",relationship_support
"My boyfriend has a child he gets every other weekend. He goes to see her twice a week or more. Every time she leaves, he gets into these funks like when his mom died. When she’s here, she’s disrespectful, and his answer is “Well, I don’t know what to tell you.” She swears and talks back, and he laughs. He and her mom have been apart for three years, and he blames her behavior on that and her being so young. We never have adult time when she’s not here. She’s the ""golden child,"" and he won’t listen to anyone.",relationship_support
"My ex-husband told my two adolescents that Santa doesn't exist on the day before Christmas. They are desperate to hold on to the magic of Christmas, but I don't know if it's right for me to lie to them and tell them that Santa is real. I don't want to let them down and make them lose out on those memories, but I also don't want to lose their trust.",sadness_low_mood
"My toddler is having a real hard time with toilet training. He almost throws up every time he sees his poop. He gags and will not go on the toilet. We have tried a toilet chair and ring that goes on the big-boy toilet, but he refuses to use it. When he sits on the toilet, he just sits there forever and only will pee. He holds the poop in until he get up and then will poop in his diaper. I dump his diaper in the toilet and let him know that it is where it goes to try to encourage him. How can I help him get over this fear and passed the stress?",anxiety_worry
"I’m a senior high school student. I’m also five months pregnant. I got pregnant by my boyfriend of three years. My parents don’t want us to communicate with each other. He can’t even come to visit my gynecologist. My mom goes to attend all of my doctor’s appointments. She’s supportive of me. I wish, though, that my boyfriend was next to me and be able to see his daughter on a sonogram, at the very least. My family does not understand that he deserves that much. I cry all the time because I feel lost and hopeless.
 I need guidance and I believe that you can give it to me. Am I wrong for wanting him around? Are they right for keeping him away from the appointments and not letting us communicate with each other even though we are the parents? I do everything that they ask of me. I just want him to be around. When I ask my parents to let him be here, they call me a selfish person. Please help me.",overwhelmed_identity
"Tonight, my husband seemed to put our son down through an incorrect approach. His approach was perfectly wrong. I found myself defending my son. I told him that what he did was not the way to encourage our son.
 Instead of watching my husband’s harsh behavior I decided to sit beside my son and, together, we worked on his science assignment in order to encourage him to study. My husband got upset and he was swearing at me. He threatened me. I knew that he was not joking. His words scared me a lot!",overwhelmed_identity
"She was raised by her abusive father and his wife. 30 years ago I shot and killed my rapist and was convicted in Louisiana. I lost custody of my daughter and served 5 years. When I was released, she was 5 and didn't remember me. Many many sad memories came from my having to leave her visit after visit, having to leave her in Texas to travel back to Louisiana. She doesn't remember that. I do. Over the years, I thought we had developed a close mother daughter relationship. She gave me good reason to doubt that on several occasions but especially last year. I have been cruel to her verbally and to my son who I met years after giving him up for adoption. Last night, I was angry at the world and afraid of God. I drank and cussed out a maintenance worker for not doing his job 4 months running. Now I'm not only feeling guilty for that but afraid of being evicted now. Help.",overwhelmed_identity
"What makes my step child, an 8 year old boy, choke my daughter, a 6 year old girl? This has been going on for 4 years. The boy tells my daughter not to tell on him. He knows it's wrong; we have did time out, spanking, taking away toys, and sitting on the wall. I am afraid for my daughters safety!",anxiety_worry
"All my friends have either hooked up or had a girlfriend but me. I try to be happy for them, but I get really upset every time they hook up.",relationship_support
"I'm always told I'm not good enough or trying hard enough. I put 100% in to every thing. I'm worn out, I've worked on all of my family relationships, I'm doing great in school, I'm kind to those in need and otherwise. I stick to my religious beliefs and leave room for mistakes and learn from others so I don't have to make as many and the ones I do I learn from.  Somehow it's still not good enough and nothing I do works. Nothing has changed, and I feel hopeless. Any suggestions or ideas?",sadness_low_mood
My grandma had a stroke and passed away recently. I lost my home and job. I'm looking but haven't found a job. I've been binge watching television and binge eating.,overwhelmed_identity
I feel like I hate myself physically and emotionally sometimes. How can I start accepting myself and be more confident?,overwhelmed_identity
"I've always thought that there wasn't much good out there for me. Now that things are actually going well, it kind of scares me. I spent most of my life feeling unwanted and figured I would be alone. I recently met a great woman who seems to really like me, and I don't know how to process this. It's bothering both of us.",relationship_support
"I'm a male in my 20s. My girlfriend is in her late 30s. She's great. She's funny and smart, she has a big heart, and we have an excellent sex life. She recently moved in with me partially because she wanted to and partially because she had no place to go. We fight a lot. It’s mostly my fault, I must admit. She doesn't like my insecurity and lack of trust I have for her. I have trust issues. Also, I can't fathom why a woman like her is with me, so I'm always dreading when a better dude will come along. I don't think she's happy. She's very submissive and she loves me very much, but also the fact that she has nowhere to go must be influencing her decision to stay. I love her so much, but my jealousy is not likely to diminish. I never believed in the whole ""If you love them, let them go,"" but I do now. I really want her to be happy. Should I end it with her? She has no place to go so I feel like I can’t break up with her. I’m literally trapped.",relationship_support
"I feel as though I'm suffering severe abandonment issues stemming from childhood. I convince myself I'm not worthy of happiness, and I’m always afraid I'm doing something wrong. It's as if I create little scenarios in my mind, and I start to believe them.",overwhelmed_identity
"For the past year, I have been feeling pressured to do well in school, and it put a ton of stress on me. I have been bullied for five years, and for some reason, it is now sinking in, and I can't stop it. For some other reason, I can't find a hobby I can see myself doing without thinking bad about myself.",overwhelmed_identity
"What am I doing wrong? My wife and I are fighting all the time. What can I do? We don't agree on anything and she usually jumps to conclusions, which are usually wrong on how I feel. She is very family-oriented while all of my family left me on my butt, abused, ignored and messed up with me mentally. I'm not a family-oriented person. I only have two people in my life - my best friend and my wife.    My mother forced my father out of my life so I do not know who he really is. We've gotten in contact but he just makes comments on how much I look like her when in fact I look more like him. This makes me mad because I don't want to look like my mother. I hate her. All that she did was bring me down and make me homeless, which she was successful at. I need guidance in my life. I don't want to lose my wife but we need to have a space because we usually hit each other and it's not healthy. I'm dying to make our relationship healthy. I've never wanted anything more than this. Please help me. I need your advice.",self_care_coping
On the first day of school I wore a bra that was too big so that it would look like I had bigger boobs. I did that the whole school year and my parents never found out. But now I can never hang out with my friends at my house or invite them over because it would be around my parents and my friends would see there is nothing there on my chest.    How do I fix this?,relationship_support
I hate everything I see in the mirror. I don't like being in pictures and always scribble out my face. It's stressing me out. I don't trust my parents enough to tell them and I don't know what to do.,anxiety_worry
"Whether it's to a guy or girl, I always feel insecure talking, and I am afraid of embarrassing myself and not being good enough. Even when I am walking, I worry about my appearance and facial expression and such.",overwhelmed_identity
"My roommate has had a drinking problem for a while. She goes out, gets trashed, and then expects everyone to take care of her. The next morning, she apologizes constantly until she feels validated. She also thinks everyone hates her all the time. If I don't seem anything other than happy, she asks me ""Do you hate me? You hate me. Tell me you love me,"" and I feel like I have to pity her because she has also been suicidal before.",self_care_coping
"I always feel the need to impress people, whether it's my family, the people at school, or just random people. I know that no matter what I do or how I change, there will always be some people who hate me. Why do I feel this way?",relationship_support
"I feel like I was born in the wrong body I feel like I should be a girl not a boy
 Ever since I was young, I have wanted to be a girl. I felt like what I was wasn’t me. I want to know what I can do about it. My family is against transgender people and don't want anything to do with them. I want to be “me.” I feel as if I'll be happy then. I don't look in mirrors, and I don't like my reflection. Recently, I have been taking things to help even though they were not prescribed. I know I should have this handled by a professional.",relationship_support
"I am in my mid 30s. I feel I have used only 5% of my potential. I am in film making, but everything is stuck. I've never had a serious relationship. I had worthless jobs. I do a lot of meditation to try to fix it.",sadness_low_mood
"Something happened this summer that I cannot forgive myself for. When I think about what happened, I feel ashamed and guilty even though my loved ones forgave me.",overwhelmed_identity
"I constantly feel like everyone is up against me and trying their best to shut me down. It's ruining my mood and even my whole self. I have trouble sleeping, and I keep having sleep paralysis while dreaming of others mocking and judging me.",sleep
I feel like I'm trying to convince myself that I'm okay when I'm not. I'm always blocking out the bad things and forgetting. I also feel like nobody cares for me and they never will. I feel truly alone.,overwhelmed_identity
"I feel so irritated and frustrated because of it. I get so angry to the point that I feel like I'm going to explode. I feel pathetic, stupid, and worthless. I just can't take this anymore.",sadness_low_mood
"I have been in a relationship with my boyfriend for about six years now. In the past, our relationship was difficult and frustrating. We argued a lot, and due to that, there was a lot of tension between us. We stayed together because we love each other and wanted to make it work. I used to party a lot, and several times I got into situations where I would end up kissing someone else. These situations were never more than just kissing. I have come clean about these situations with my boyfriend, and he decided to forgive and move forward with me. I love him so much and want to work things out too, but I'm having a difficult time understanding how he can forgive me. I can't seem to forgive myself. I'm overwhelmed with feelings of guilt and unworthiness.",overwhelmed_identity
"When I'm not cutting, I'm drinking. When I try healthy outlets such as exercise, I end up running myself down into an asthma attack. From weapons, to words, I can't help but self harm. What am I supposed to do, how do I stop this cycle? I don't know how else to cope or motivate myself without pain.",self_care_coping
"I'm in my late 20s, and I've never had a boyfriend or even been on a date. I have no friends. I hate Facebook because everyone else has kids and a great husband and great paying jobs. I work in retail, and I can't find a job. I have an Associate degree. No one is not giving me a chance, and I'm getting upset and frustrated. I feel worthless and feel like everyone hates me. I feel like a failure, and I still live with my Dad. It's very embarrassing!",overwhelmed_identity
"I'm in my early 20s. I’ve been married once, and he cheated on me. Ever since then, I've felt ugly no matter what. I'm engaged, and I still feel ugly. I don't like to take pictures of myself.",overwhelmed_identity
"I'm scared that I am with this man so I won't be alone. He should be with somebody who deserves him if this is the case, and I don’t want to hurt him.",anxiety_worry
"I was raped by multiple men, and now I can't stand the sight of myself. I wear lingerie to get my self excited enough to have sex with my wife.",overwhelmed_identity
"I found messages between my boyfriend and this girl on social media. He was asking her for naked pictures and then hung out with her once, but nothing happened. I didn’t find out about the messages until last month and that was six months after it happened. I can’t trust him anymore and I'm just wondering if I ever will. He admitted that he wanted to have sex with her but he didn't. He was only talking with her because he thought we were going to have a break up. My heart is completely broken. I feel like I'm in competition with every girl on the planet for my boyfriend’s affection. I'm afraid that he doesn't like me anymore, but without me he's homeless and without a car. I love him so much. It's been tearing me apart. I don't feel pretty anymore though. I don't feel good enough for anyone or anything. I thought I knew him as well as I knew myself. Then all of a sudden my world was flipped upside down. I'm still trying to figure out which way is up.",overwhelmed_identity
I'm going through a majorly bad divorce and my wife is making things so impossible for me. I need help.,relationship_support
"About 5 months ago my ex left without fully explaining why. For me it seemed out of the blue. I don't miss her as much as I used to but I just don't trust people anymore, not even my friends who I have known since my childhood not even my family. I'm so terrified of being judged or dismissed. Instead of acting like someone else or putting on a mask of a personality, I've just shut down. I haven't felt that sense of comfort and happiness with myself since everything fell apart. I'm scared to because I don't want it to be taken away from me again. I feel like ever lesson I learn only last a day. I just don't know what to do. I'm working at a place I know I should enjoy. I'm keeping up with my creative passions: working out, eating healthy, etc. I'm doing everything the books say I should do, but I don't feel any different. I just don't know what to do.",overwhelmed_identity
I feel like I have to be promiscuous in order to keep people around? It started after I got raped by my ex-boyfriend.,relationship_support
"A few nights ago I talked to this girl I know about my self esteem issues for the first time. We talked for hours and she told me time and again that I was a great guy. She told me I was attractive, and have a great personality, etc. I really started to feel better about myself by the time I woke up the next morning. Now, though, I can't stop thinking about her, but I leave to go back to college in a few days and I go to school 4 hours away from her. So now I feel constantly depressed because even if I told her how I felt it wouldn't matter. I feel helpless and I don't know what to do.",overwhelmed_identity
How do I decide if I should end my relationship with my boyfriend?,relationship_support
"My husband and I are separated and he doesn't even want to talk to me.    He says he doesn't love me anymore, but I would do anything to get him back. Is there any hope?",relationship_support
"I got married in 2014. I have a two year old son. His mom and I decided to separate due to my infidelities. We've tried to reconcile our differences but it never works out. Since we've been separated, I've dated someone, and we are expecting a baby girl. Is this something I should mention to my wife? The current woman whom I'm dating has been telling me for months to break up with her, but it's hard because I actually love her.",relationship_support
"Our relationship ended about 7 years ago, but don't know how to let go. How can I get over that person and move on?",relationship_support
"I know that I need to get past my feelings for this person I fell in love with, but t's so difficult to move on because he showed me feelings I've never felt before.    I feel like I don't want to be without my genuine love for him, but logically, I know I need to be without him. I can't discuss this with anybody in my life because the conditions surrounding our love are considered ""wrong"" by a lot of people.
   How can I get myself to just move on?",overwhelmed_identity
"I got engaged, and everything was going well. Things went downhill at some point, and I broke off the engagement due to an opportunity to go to college. After that, I found out she had been cheating on me. I think about her all the time now, and we have been communicating on and off, but my friends/family don't know.",sadness_low_mood
"He was in love with someone years ago, and he still thinks about her time to time. He said, and I quote, ""That relationship is definitely over. I love you, but that girl will always be in my mind."" It just didn't feel like he appreciated all the things I've done to make him happy.",relationship_support
My husband and I are separated. He says he needs some time apart. He says he needs to get back the “in love” part of a relationship but doesn’t want to lose me. Should I wait or start over new?,relationship_support
"I want a secure relationship with someone that wants to be with me and who will actually put effort into it.
 I seem to gravitate toward unavailable men and those that want intimacy and no relationship. I let men dictate and control me because they accuse me of being controlling. I let men emotionally abuse me and I am at their beck and call.
 I am not comfortable being alone or doing anything by myself. I feel I need the security of someone being around just to survive. I know what I'm doing wrong and I do it anyway just hoping things will change. How do I stop this behavior and thought process?",overwhelmed_identity
"After my fiancé cheated on me because of a miscommunication, I pulled myself away from him.    Now he says all he wants is be with me. I'm pushing him away mentally now because he cheated on me again. I make plans with him that I don't keep. I really do love him still and I care about him. Should I give home one more chance?",overwhelmed_identity
"I recently went through a divorce. My ex-husband called my sister saying bad things about me. My sister never defended me. Now that I showed the truth, she's shutting me up and saying she doesn't care about the fight. Why didn't she convey that to him from the beginning?",relationship_support
"She said she needed space after three days of dating, and she got a boyfriend a week later. I still really miss her, and she told me she still likes me.",relationship_support
"My ex-girlfriend says she's bored and wants to experience life single. I treated her really badly and caused meaningless fights when she didn't do anything, I feel remorseful, and I'm willing to do whatever it takes to get her back. She's unhappy. When I called her, she was crying and said she will text me when she's ready.",sadness_low_mood
My fiancé and I broke up. He cheated on me numerous times. I kept forgiving but questioning his every move. He got tired and left.,sleep
"I was in a relationship with a woman for four years. We both made mistakes, but I do love her.    She has moved in with another lady. I think she is just cheating on me to make me miss her. How can I find out for sure?",relationship_support
"He had a sexual relationship with his sister and kept it from me for years, I confronted about it and he finally told me what happened. But I dont think he is telling me the whole story. He works with her and sees her every day.    I feel that I shouldn't stay with him , but he says he ended it long time ago. Should I trust my husband and stay with him?",relationship_support
"Ive been in an on an off relationship with a this man for almost 3 years. Even though I care about him, he continues to hurt me.    He and his wife were separated when we met. Now he's going through a really difficult divorce from her and is taking it really hard. I want to end this relationship, but I don't feel like I can. How can I let go?",relationship_support
"I was in a relationship for almost five years. We were friends for a few years before we got into a relationship. He was a caring, friendly, and charming guy up until three and a half years in. He started controlling me: who I hung out with, where I was at all times, and he had a huge hissy fit if I tried to ask him the same questions. All that time, he just liked me as a friend and was cheating on me with my so-called friends. At the end, he was a nasty and narcissistic person. Now it’s hard to be social.",relationship_support
"My husband told me last year he never loved me and should have never married me. He's been talking about divorce, but he hasn't filed. Now he has a girlfriend and he abandoned me and his kids. He has no financial help, and he has been out of the home for four months. He became very angry and mean. He says it's all my fault, and that we're not compatible.",relationship_support
"My husband used a lot of negative words to hurt me, and I moved out. He is seeing a counselor and wants another chance to make things right. I'm not sure if I trust that he will not go back to his old ways.",relationship_support
"My ex-boyfriend boyfriend and I lived together. He had a two year affair with a girl and had three pregnancies with her. One was an abortion, another was a miscarriage, and then she had the third baby. They are not together, but he continues to contact me and wants me back. He has nothing to offer me.",relationship_support
"My husband and I got into a huge dispute. He said he wanted a divorce, and I left. I still come home a lot and see my kids, and he has not filed yet even though he still said he is. What does that mean for our marriage?",relationship_support
"In 2008 my former husband of 14 years walked away from my life and we've been separated ever since. We have always been together sexually and both have experienced sleeping with others. I stopped because I wanted my marriage to work out but he did not. If he stops sleeping with other women, can our marriage be saved? Or should we just part ways? I still care deeply about him after all that I did and he has done. But he is seeing someone else on and off for years now. Will our marriage still be saved if he decides that he wants to try to do so?",sleep
I keep on begging him to come back. I am so unhappy with him but am so scared of being a single parent to our son. I was abused as a little girl and that has made to be very abusive to men. What should I do...,anxiety_worry
My wife just last week said she wants a divorce and it's all sudden. I understand that marriages have their ups and downs but I don't understand why she can't tell me why she wants a divorce. Should I fight for my family (daughter and wife)?,sadness_low_mood
"I am going through a divorce from a narcissistic sociopath who left me for another woman after mentally and emotionally abusing me for 11 years. I have moved to a different state and after giving up my successful business am working as a server at a restaurant. I’m coping as best as I can. Is it normal and healthy to not adapt as quickly and be as strong as I think I should be? I am astounded at his cruelty and how much he doesn't care, as well as most other people in my life. I feel like I don't exist to anyone anymore as there is no contact from anyone who I thought cared about me. My brother just said no to lending me a few hundred dollars for me to live on. I am losing faith in humanity itself.",self_care_coping
"I am conflicted with this guy I work with. He is a coworker and close friend whom I've had a crush on since meeting him four years ago. We made out once after years of flirting. I was hoping for more, but nothing happened. I distanced myself a lot after.",overwhelmed_identity
I believe it is wrong for men to look at inappropriate content. The father of my child has agreed to respect my beliefs. His co-worker sent him an inappropriate video. He got mad because he does not think he should tell his friend to not send him things like that.,relationship_support
"I am in a high stress position for a tech company. I am being overworked and underpaid for my contributions and it is not only giving me anxiety, but also demoralizing.
   What can I do to manage my stress?",self_care_coping
"My wife is always accusing me of cheating and telling me that I'm doing things she finds disrespectful even when I don't mean it like that. For example, she gets offended when I call someone at work ""sweetheart."" I wish I had a penny for every time she accused me of cheating on her. She doesn't, and never will say she was wrong. How do I get her to understand?",relationship_support
"I was having a sexual relationship with a coworker. He decided he was going to get a hotel room for the weekend. Before I got paid, I told him I would have $25.00, which I thought I would. But when I saw my paycheck, I could not pay the $25.00. He says I lied to him about it. He wants me to reimburse him $25.00 for the hotel room he decided to get. He stayed at the hotel, and I left. I don't think it's right that he want me to reimburse him $25.00 for a hotel room he wanted to get in the first place. He is out of town right now and texted me yesterday telling me I am a liar and that I should never said I was going to have $25.00 when I knew I wasn't. I told him I had to pay rent and my rent was late. He texted me saying I need to get two or three jobs.",relationship_support
"I'm a teenager, and I just got my first job. I am a month and a half in. Yesterday, my boss pushed me to the point where I had to go to the restroom and cry. She didn't see me, and I'm glad, but when I went to talk to her about it today, I let a tear or two come out. I hate it. I feel like they're not going to keep me anymore.",sleep
"I've worked with this guy for about three years now, and I knew the first time I saw him that I was attracted. Over time, he became a very dear friend, and we talked about our relationship problems, family, dreams, and so on. There was always flirtation with us, and one day pretty recently, it progressed to making out. We agreed to keep it quiet, and we did, but in the back of my mind, I hoped it would become something more. It didn't, and three months later, I'm still not over it.
   I'm trying so hard to maintain the friendship because that's what he wants. We're no longer in the same office, which I thought would help me get over these feelings, but we still talk about work, and he's constantly touching me, so I'm still very drawn to him. He's a hugger and such a sweet guy, so I find myself fantasizing all the time about what could have been and what could still be, but he's clearly not interested. He's younger than me and prefers model types, but I see him checking me out a lot, which gives me hope. How do I get him out of my system and still maintain the friendship?",sleep
"I was born a girl, but I want to be a boy. Because of my religion I can't tell my family. I know they won't accept me. What do I do?",relationship_support
"My fiancé and I come from a strong Christian background but both went off the ""straight and narrow"" once before. He is having a hard time accepting my past, especially that I'm not a virgin. He has a hard time in general accepting himself and others.    His insecurities are hurting our relationship. How can I help him let go of my past and decide to live in the present?",relationship_support
"I'm a Christian teenage girl, and I have lost my virginity. My boyfriend is a Christian teenager too, but things just got out of hand between us in a sexual manner. I planned to abstain from sex but I guess I wasn't clear about this because I was also tempted and led him on. We continued to have sex. Does it mean that he isn't the one God planned for me? We're so young, but that doesn't stop me from dreaming of a potential future together. I really do feel like he is in my life for an important reason. I'm incredibly happy for I was able to escape from several abusive relationships because of him. I love him very much.",overwhelmed_identity
"I'm a young adult woman, and I have trouble finding my true identity being at home. This all started when I had a boyfriend about 10 months ago. My boyfriend and I were dating for a couple months and decided to get in to sexual acts. At the time, I was pretty religious, but I let this happen. I don't know why. I felt kind of guilty but mostly because I know my parents wouldn't like it. My parents are very religious—they're Christians. We did things every time he'd come over to my house. We didn't have anything to do at our house, so we would get tempted to do things when we'd watch movies by ourselves.
   One day, my parents found out I did this stuff with him because my dad read my messages. As soon as my dad found this out, he told my mom. They were both aggravated. They told me he was just a boy that wanted to get inside my pants. They said he wanted me for sex and he's not a Christian. I took their advice and broke up with him. Once we broke up for about a month, I decided to get back together with him a little after school started. My parents found out eventually, and I decided to not listen this time. I would constantly talk to my boyfriend about what they say about him: how's he's not the right one for me, and God totally forbids him. I would kind of try to break up with him, and then eventually I would just never listen to my parents. They're always yelling at me about how I shouldn't date this boy. I felt too old to listen to them. Now I'm kind of just stuck. Is the real me religious? Have I been brainwashed by him? I don't talk to my parents anymore about him, and my parents think I'm deceiving because of it. They threatened me that if I'm still with him, I can't do track and they won't support me. They've also called me slut, and now they called me basically a devil worshipper. They say my boyfriend is taking me away from my parents. I'm actually very happy with him. They also say I'm living a separate life at home than I am at school. They say they want what's best for me and love me because they adopted me.",self_care_coping
"In particular during family gatherings (such as funerals), where there are different customs.",relationship_support
"I was raped a couple months ago, Since then, along with other unfortunately events that have occurred, I have been having trouble feeling emotions. It's almost as if I'm a sociopath lacking any feeling. What can I do to change this?",self_care_coping
"I have been diagnosed with posttraumatic stress disorder due to my military experiences. Not a year ago, I had a car accident. Could this experience add more problems?",anxiety_worry
I am a survivor of multiple sexual abuse/rape experiences. Triggers are having an effect on my daily life and my sexual relationship with my partner. I'm trying to learn to cope with them.,self_care_coping
"My girlfriend was abused as a child. Now, if I hug or touch her in any kind of way she says she feels as if she is being abused as a child. What might be going on?",relationship_support
I recently lost a friend to suicide. I'm smoking marijuana and drinking more to cope with it. How can I handle this better?,self_care_coping
"I have family issues, and my dad was both violent and a cheater.",relationship_support
"My dad beat and mentally abused me so badly that I can't function properly. Letting go of the past is important to moving on and getting better, but I’m terrified to get better because I don't even know who I am without the trauma. I've never gotten to be myself. I don't even know who I am.",overwhelmed_identity
"My boyfriend and I have a terrible sex life after three years of dating, and I don't know what to do. I have this lingering fear of pain during sex after having two partners previously who weren't careful. How can I stop projecting this onto my current boyfriend?",anxiety_worry
"At a friend's house, we had some drinks and watched some television. He got up and went to bed. I felt sick. He came out to see if I was okay, and I said no. I said I wanted to go home, and he told me to come lay down. As I laid down on the bed, he started touching me. A friend called me, then I able to leave.",sadness_low_mood
"I was kidnapped at fourteen and raped at gunpoint. The guy got six months. When the same thing happened with two ""friends"" at nineteen, I didn't even report it.",relationship_support
"I was a victim of an incident. I've been made fun of and have been beating myself up for it because I don't feel anyone honestly believes me. There are so many other factors I deal with on a daily basis. I ignore my problems when I'm with my friends, but it’s scary when I’m alone.",overwhelmed_identity
My boyfriend is seeking therapy. He is in his 40s and has some childhood issues. He has kids from his previous ex-wife and is unable to see them.,relationship_support
"An organization admitted to implanting thoughts in my head with technologies. The study was to implant a fantasy other people are having, but to me, it's a nightmare. I lost my kids, my job, and all that. I was an unwilling participant. I no longer trust a therapist. I'm too afraid to go under hypnosis or anything.",overwhelmed_identity
I did some horrible sexual things as a kid and I regret everything. Can someone help me cope with myself? Can someone help me remember my past?,self_care_coping
"Every time my partner gets angry for anything, she takes it out on me. Nothing I do is right, and once she's mad, she calls me all kinds of names and is verbally abusive. She says it isn’t abuse, it’s just angry verbal bashing, and that it’s different. It gets worse each time. The names are very vulgar now.",relationship_support
"I have an emotionally abusive relationship. We have been together for a year and a half. He got out of prison exactly a year ago and a half ago, and we have a infant. I love my boyfriend, and I don't want to leave without fighting for this first. He's an emotionally disconnected person. We never say “I love you” to each other. Every fight is worse than the last one, and I don't know what to do. He doesn't let me speak because he's louder than me, and that makes me feel frustrated. I have another problem: English is my second language. I pay half of the bills, and every time I want to speak to him, he kicks me out of the house. He apologizes sometimes. I feel like I'm the only one fighting for this. He agreed to have counseling.",relationship_support
"He is verbally abusive. When he gets mad, he just yells at me. At times, I feel scared.",anxiety_worry
"I am a survivor of domestic violence from a past relationship. Even after seven years, I still have horrible nightmares. I wake up in sweat, and the dreams feel so real.",relationship_support
"My husband and I have been together for seven years now. I will be honest: I have a problem lying to him about stupid stuff. I recently stupidly lied to my husband about an accident because I was afraid to tell him what happened. Ever since then, he gives me the cold shoulder. He gets so mad and ignores me for days. He's really verbally and emotionally abusive. He tells me all the bad things about me and calls me awful names. Should we call it quits? I'm tired of crying, but we have a toddler together.",sleep
"My boyfriend and I have been together for five years now. Throughout the entire first day that we met, he and I had the opportunity to interact quite a lot and instantly sparked a deep connection with one another. That same night, he and a friend stayed over at my house (without my mom's acknowledgment) and we kissed. The next two days were a repetition of the first day. On the third night, my mother finally caught us, and I was kicked out of my house. I left with him of course, and we went from meeting each other to being like a married couple. It was very hard for us. His stepdad also kicked him out of his home, and we were staying at cheap hotels and friend's houses with the little money we had. I quit my job and dropped out of school because it was hard to do anything without a stable home. There were times when we had nowhere else to go but sleep in the car outside a Walmart parking lot. Our honeymoon stage, as they call it, probably only lasted one month. After that, it was a downward spiral. We were constantly arguing about money, food, and our families. We kept having the famous ""you're doing it wrong—do it this way"" argument. After six months, we moved across the country only to live the same thing, and that's when the violence started. One afternoon, after a serious argument, he got into his truck and threatened to leave me. I was frightened that he would actually go through with his word, given that we had just moved to a place where we knew no one. He told me to let him leave or he would hit me. He had once promised he would never touch me, so I challenged him to do it. He slapped me, and ever since that time, when we have serious fights, he loses control and hurts me. I haven't had the courage to leave him, and there's really nothing stopping me now. I don't live with him, I don't depend on him, and we don't have children. We both haven't been able to let go of that deep connection that we still have and that has been damaged so badly. He always apologizes, and at the beginning, he was more willing to change. Now he just wants me to understand why he does it and how I don't ever make the effort to try to be okay. I've read enough about domestic violence to know that it's not my fault that he loses control, so that's not even an issue for me. I know he has to change that on his own. I just want to know if there's people who have gone through this and had the tables turned? Is there hope for a better future together?",sleep
"I have anger issues that have worsened over the years because I’ve never dealt with my emotions. My anger has never been expressed physically until the past year. My girlfriend has had to endure these episodes. I love her, and I think I’m about to lose her, if I already haven’t. I throw things at her when I’m angry, and sometimes I hit her. I may not hit her enough to cause harm, but I still physically lash out at her. I don’t want to lose her, and I don’t want the situation to worsen. I am a lesbian in my early 30s, and I have been dealing with anger since my childhood. I'm ready to change. I need help now. I'm about to explode.",relationship_support
"I've been with my boyfriend over 3 years. He cheated on me and the woman is now pregnant. He is physically and mentally abusive towards me. I have attempted to talk with him in order to resolve our issues; however, he never wants to talk and often blames me for everything. I’m always there when he needs my help. He tells me although I help him doesn’t mean that I am a good person. He always discredits me as a woman and it’s hurtful. I spend most day crying and feeling lonely. I am unhappy and unsure of what I need to do.",sadness_low_mood
"I have a child with my baby mother. She works I take care of our young son. She says she is not cheating I have not found anything but she always putting me down, telling me to get out and telling me she doesn't love me, but then the next day after our fight she says she does. I'm having a hard time because before our child she said she was raped by a family member but she never went to the hospital or the cops. Now me and my family don't talk. She's always telling me I'm annoying and just belittles me. Nothing I do is right. She says I work you watch the baby. On her days off she never cooks or cleans. I have no friends or family and a couple months ago she was confiding to some guy, but says he's not any thing to her. What do I do? I don't want to leave.",self_care_coping
"I’ve known my boyfriend for several years. We were friends for a long time. In 2013 we started a relationship, and he even asked me to move in with him since I lived out of state. I planned to move in with him in 2014 after I finished school and he found a job. However, during this time we had a few arguments and broke up with each other for a short period of time. We decided later to make it work. Shortly after, I found out that I was pregnant. I wanted to tell him during his next visit. However, he never came to see me and instead asked me for money. After I gave him money, he quit answering my phone calls and texts.    Soon after, I experienced a miscarriage. I texted him about what had happened, and he didn’t seem to care. I was extremely hurt by this. I still decided to move back as I had originally planned. He helped me with the move and replaced the money I had lent him. During this time, I asked if he wanted to be in this relationship because I needed to know. Although he says he did, I hardly ever see him. He never got a job, which was in the original plan.    After that, we both started seeing other people for a short amount of time but once again got back together. Once we got back together, I cut all ties with the former relationship I had been in. I thought he had too. But I found out that he did not attempt to do as I did and was still talking with another woman. In fact, he had even sent inappropriate pictures to her. When I confronted him about this, he wasn’t apologetic. He said that he only did it to get even with me and was actually mad at me for looking through his phone. He even closed his car window on my finger and tried to throw me out of his car. I don’t know what to do.",relationship_support
Now I have anger and trust issues. How can I treat this and fix myself?,overwhelmed_identity
I snap easy and push people away. I need help before I push my boyfriend away.,relationship_support
My roommate is a unapologetic person who doesn't care who she hurts. She never apologizes to me or my family. She made me lose my temper today to the point where I was using swear words in front of my mom and brother.,relationship_support
I get angry and act out. It scares my wife and child.,relationship_support
"When I got home, my boyfriend and I got into an argument. He got upset and he started hitting his face. That is the first time he has ever done that, but I would be lying if I said that didn't scare me. I locked myself in the room.",overwhelmed_identity
I get really mad easily at my parents and family.,relationship_support
My long-term girlfriend broke up with me recently. She says it's because of my anger.,relationship_support
"I been having anger problems a lot lately. It only takes one word wrongly said to set me off. I use to not be like this until I got with my soon-to-be husband. I think his mood and rage/anger problems have rubbed off on me a lot. I don't get nearly as bad as he does, but I yell almost constantly and I can't seem to just stop. I have two young babies that have to hear this, and I don't want my girls growing up with a mommy like I have been lately. I just don't know how to get back to my old self.",relationship_support
"I have not been able to really sleep. I stay up all times of the night not even knowing why. Every day, I feel like I have anger inside of me. I have a little family, but I can't open up to them like I want to. I have a son, and I feel that I take my anger out on him by screaming at him.",sleep
"My issue isn't resisting angry urges; it's the anger itself. My rage is extreme and vastly disproportionate to the direct stressor. It causes violent thoughts, but I never act. I stay lucid enough to know the rage is violent, not me. I don't want to drown myself in anger and resentment.",overwhelmed_identity
"Whenever I run into a situation that makes me upset or angry, I tend to start cursing and badly offending the person I am confronting. I say mean things to let my anger out. Whenever people tell me stuff about my relationship (like starting rumors or saying negative things about me or my relationship) I lash out not just them but at my boyfriend. I feel like I keep causing drama due to my personality. I want to be a better person and learn to let things not get to me and be happy and graceful. I hurt the ones I love with my words. I want to be better for myself and them.",overwhelmed_identity
"The sounds of eating and breathing gives me headaches—mostly mouth breathing and snoring. It makes me angry, and I want to solve it myself.",overwhelmed_identity
"I am so angry. I feel like the arguments with my parents have caused me so much anxiety and stress, and I don't know what to do. I want to sit down with a psychologist, but I cannot afford one, nor do I have my own health insurance. I can feel myself starting to get violent. I throw things of value when I start to get mad. I have punched holes in my wall. I can feel my aggression getting worse.",overwhelmed_identity
"Every time I speak, he says I anger him. Also, when he’s mad at something, like work, he gets angry at me. I feel like we’re so distant from each other now. We used to laugh all the time, and I feel like he lets too much negativity in. What should I do? We've been married for two years but together for seven.",overwhelmed_identity
"I'm a teenager. I get random spurts of anger, like complete, pure rage. I figured it was hormones, but others notice it too. I get self-destructive. I used to cut but stopped. Now when I get mad, I bite my arms and fingers, pull my hair, scratch my face, or punch my thighs. Basically, I do things I can hide instead of breaking anything in my room and having to explain it to my mom. I don't live in a bad household. I have a great family, a great relationship with my boyfriend, and a good job. I have no idea what this is and I don't know how to control it. It's over any little thing. Tonight, it was because I couldn't get my earrings out. This happens maybe two to three times on a good week, and it's always over stupid, petty things.",relationship_support
"It takes me a long time to fall asleep; I’d estimate about two hours. I often have nightmares, starting with being eaten by a monster, and I often wake up frightened and unable to breathe. I believe I started losing sleep after breaking up with a girlfriend of 8 years. Also, my father’s business went bankrupt and my mother has a chronic condition. I was under a lot of stress, and life lost meaning. After improving my life and developing a habit of running and exercise to release stress, my symptoms improved. However in the past couple months, I started losing sleep again and having nightmares without warning. How can I solve this issue?",sleep
"I've pretty much been on my own since day one, I'm a middle child of five, and I can't seem to put my trust in anyone. It took me four years to finally open up a little to my best friend. Every time I realize that I have feelings for someone, I freak out and never talk to them again. I really want some help.",relationship_support
"I have been married for 11 years. Within the past 2 years we have drifted far apart. We coexist together but there is very little personal interest in each other. I often feel that my husband has ""friends"" at work that he is more emotional invested in than me. I feel very alone and just uncared for. Is there anything I can do to feel reconnected?",sleep
"For some reason I feel very uncomfortable with my girlfriend showing off her body in certain poses on social media. I know she is proud of her body and I respect that, but I dont feel comfortable with her openly showing off her body the way she does.
   Anytime I bring it up to her she thinks Im calling her a whore. How can I deal with my girlfriend showing off her body on social media and not hurt her feelings?",relationship_support
"My husband and I had our first threesome recently. Everyone was drinking and he was on her more then me.    He and I talked about it afterwards and it made me feel better, and now I'm craving more of it. But before it gets close to happening I get this empty feeling. Why am I feeling this way?",sadness_low_mood
"I have cheated on my husband of five years roughly ten times. I pretend we aren't married at my work. Recently, he has caught on, but I lie to cover it. He use to talk to girls online, but I have caught myself constantly having a affair.",overwhelmed_identity
"My husband and I have been married for seven years, and in that time, we have only had sex four or five times. Others have told me that most men would have left me by now. Honestly, I think I have a low sex drive or neither one of us actually knows what we are doing. I want to be better connected with my husband.",relationship_support
"My fiancé and I have been together for 3 years and our relationship has always been good. The only issue we had was that he felt like he wasn't getting enough sexual attention from me.    I recently found out he cheated on me with another women. He says he wants his family back but I'm confused on what to do. Is it possible for us to get past the cheating, or should I just move on?",relationship_support
"I was with my friends at the park, and we were talking and having fun. After a while, I met a girl there. We talked and flirted for a while, then we gave our numbers to each other and left. We talked for a few months, then we met up again. She kissed me, so I assumed we were dating. Then I found out she has a boyfriend.",sadness_low_mood
"My husband had an emotional affair with his ex-wife in November. She invited him to dinner, alone, with their daughter. I wasn’t aware of this until after 11pm when I asked where he was. He had been drinking, and I told him not to come home that night. The next morning, we talked about going to counseling. He went out that night with friends and said his ex-wife wasn't going. I found out in April that she did go. I gave him the chance to get everything out in the open. I found out that he stayed that second night with her. I asked if they slept in the same bed, and he said yes, both nights. His daughter wasn't there the second night. He claims they didn't have sex, but what else should I think?",relationship_support
"She's busy because her mom makes her clean all the time and go out places with her family. We don't talk much because of it. Also, we have little fights. We want to work it out but we don't know how.",relationship_support
"I went to my ex-boyfriend to reach out to one of his high school friends who's attempted to commit suicide. When I went to him to reach out to his high school friend, he told me that I put him in a terrible position and put an enormous load on his shoulders. He was very angry that I went to him to do that. Am I in the wrong for going to him to reach out? He helped me so much with my depression and bad habits, so that's why I thought of him to reach out. He made me feel awful for thinking highly of him to help. Why did he react this way towards me? I think he's being selfish.",sadness_low_mood
"He told me he started to back away because I was asking for too much in the relationship. The more I tried to fix things, the worse it got. I want to make us better again, but I don't know how.",overwhelmed_identity
"My boyfriend has this close female friend. It always bothered me because of how close they are, so I decided to meet her. That made the situation worse because they were even closer than what I thought. They acted like a couple rather than friends with each other. There was no physical interaction, but he talks to this girl a lot. What can I do? Leaving him isn't an option.",self_care_coping
"She has lied about every aspect of her life. She's created three fake relationships. The most recent one is concerning because she has fake photos, phone calls, and text messages, and it’s with a married man with kids. Her lying is becoming dangerous because she could ruin lives.",relationship_support
"My boyfriend lost his dad to suicide. He says that because his dad died, so did his heart. He says that he can't be there for me or love me anymore and wants nothing to do with me ever again. Why is he doing this when we were very happy together? He says that I have done nothing wrong but he just can't be with me.",overwhelmed_identity
"Ever since my ex-boyfriend and I broke up, I can't seem to get close to anyone else. I know I'm completely over him, but I just can't break down my walls and let someone new into my life.",sadness_low_mood
"When my boyfriend gets in a snit, he gives me the silent treatment for days. When I ask what is wrong, I get nothing: no reply, no phone call. If he does reply, it is something very sarcastic and hurtful. He never admits he is wrong and never apologizes.",relationship_support
"My husband cheated while I was pregnant with our son with a so-called friend. This was before we were married. We split and eventually worked things out. I thought I trusted him so we got married. Now he flirts with girls in front of me. I've talked to him, but nothing helps.",relationship_support
"Every day for five years, my husband mentally abused me and said he will change. I have a child with him. I try so hard to stay strong for her, but at this point, I am completely broken. I am holding on to nothing but hope and have been for years. Is there any hope or am I wasting my time?",relationship_support
"My boyfriend and I have been disagreeing on a lot lately. It's really coming down to the fact that we want opposite things sometimes. I do a lot for him: I take care and protect him, and in the end, he still doesn't trust me. We've both come to the conclusion that when I want something and he doesn't want it, he's not willing to find a happy medium whatsoever. It's just non-negotiable. I'm not sure what to do honestly. He doesn't trust me as much as I wish he did. Honestly, sometimes I feel like his enemy, and it kills me.",self_care_coping
"I have been pushing people away all my life. I finally have a great boyfriend who loves me, but I keep pushing him away and I don't want to. I need to learn to open up.",relationship_support
"I have been dating my boyfriend for eight years. We met in college off away from home and things went from good to bad when I met his family who treats him like he is their man. They expect him to take them on dates like to the movies and out to eat when they come around, and he thinks it's okay.",relationship_support
"He's lied about his past/present situations. Since time has passed, he has changed, but I still have my doubts. I have no idea if I should stay or go, but I hate this feeling. I don't trust him all too much, but yet he hasn't done anything for me not to trust him recently.",overwhelmed_identity
"My fiancé of 15 years is always helping out his family, and I feel like his family takes advantage of his kindness. We're about to get married this Saturday, but I feel like he is always gonna put them first instead of myself and our three kids. I am not enjoying our engagement at all.",overwhelmed_identity
"The eight months I've been dating my boyfriend, I have lied about a lot of things. I slept with a couple guys to get back at my boyfriend for breaking up with me. Now anything I say to him he won't believe, even if I'm being honest. I don't know what else to do at this point. He constantly criticizes me.",relationship_support
"I've been in a relationship for almost a year, and I absolutely trust my boyfriend. He treats me nice, checks on me, and tells me sweet things. However, when it comes to making life decisions, I feel he is very immature. I try to talk things out so we can compromise or make sound decisions together, but he lacks any ideas and prefers to just go with anything to avoid fighting. As far as dates, if I don't say anything, plan it, or have money to chip in, we will not go. I feel like I put in a lot of work supporting and sometimes spoiling, and all I get is a loyal man who will not cheat and say sweet things on occasion.",relationship_support
"My best friend and I've been really close for almost three years. She lives in the UK, and I live in the US. Ever since her boyfriend flew from Oregon to Scotland, I've been angry at him. Ever since he came into her life, he took her away from me. My best friend would always say sorry, and I'm sick of it.",relationship_support
"My boyfriend won't touch me intimately, he won't kiss me while we are having sex and he won't have oral sex with me. I know he has done this things with other women in the past. I don't know why he won't do them with me. What should I do?",relationship_support
"He said that if I were to visit my mother, he will be gone when I get back. My boyfriend and I hit a rough patch in our relationship a few months back, and my mom had a few choice words with him.",relationship_support
I'm 15 and my girlfriend is 14. Am I a pedophile because I'm attracted to her and she's under 18?,relationship_support
I love my girlfriend so much. I get an erection even just thinking about her or seeing her. But the two times we tried to have sex I couldn't get an erection. We've only had sex once and it was a long time ago.    Why this is happening and what can I do about it?,self_care_coping
"My wife and I got separated because I asked about her contact with a male friend of hers. The next day, she kicked me out. She let me move back two days later. Yesterday, she said she wanted a divorce then quickly changed her mind. I asked if the other guy was a factor, but she says it's not my business.",relationship_support
"My boyfriend shows affection, but I just push him away. Every time my boyfriend tries to kiss, hug, or touch me I almost always push him away. I'm on birth control and it has killed my sex drive.     I love him so much. Why do I do this?",relationship_support
"I’m trying to make marriage work after a split. Before our split, he lied a lot and broke every promise to me. I don't think he cheated. Last month, I asked what women work with him, so he told me. Yesterday, I found out about a girl that he said he forgot about. Should I be upset?",relationship_support
"I believe my partner has a masturbation and porn problem. He masturbates daily, even when I am lying in bed sleeping beside him. We have sex once a week. He is rough and worries about his needs. He never touches me, and treats me like a porn star, wanting to finish on my face or chest.",sleep
"I'm feeling rejected and frustrated. This is not new. The first month we were together, sex was about every day. Then it slowed down to once a month right away. I love my husband, but I am struggling with this.",sadness_low_mood
"We have been together over a year. We spend time together every day no matter how busy. He started to be unusually fatigued and losing weight. He also began to be distant and sexually selfish. We had a argument, and he confided he has late stage stomach cancer. He wont treat it.",sleep
"I’m in a relationship with my child's father. I’m a really jealous person. We don’t go out or do anything with other people because of me. To keep our relationship going, I know I have to stop being jealous, but I can’t. How can I get over these issues?",relationship_support
"I'm in my early 20s, and I've been seeing my boyfriend for a year now. My boyfriend has always been the sweetest guy until recently. He has made comments such as “you would look better as a Tumblr girl"" or ""you should start doing more squats."" It's really hurtful.",relationship_support
"My girlfriend remains friends with ex boyfriends/lovers on Facebook who actively like and comment on posts. It causes me to get jealous because I'm afraid they might reconnect somehow. I've attempted to talk to her about it, but she avoids it and doesn't seem to worry about how I feel about it.",anxiety_worry
"My wife works late most days, so I'm lonely. I love my wife with all my heart, however I don't feel the intimacy we used to have. We don't have sex anymore, which bothers me tremendously. I have become close friends with a coworker, which I know is not helping. Nothing will happen with that, but there’s the thought.",relationship_support
"My boyfriend of eight years and father of our two children is a truck driver. He is never home and only contributes to our family financially. There is no other support given. He comes home when able, sleeps, gives money, and leaves again. I can't get him to do anything with me or the kids. He just sleeps and works.",sleep
"My boyfriend and I have been going out for about a year. I suddenly find myself jealous when I see him talking to other girls. I have never been this way before. I don't like these feelings. He said that my jealousy would cause our relationship to have problems. I told him I can't help these feelings. I don't know where they are coming from, but this is how I feel, I tried to stop, but I can't. I really like this guy, but I'm afraid that I'm messing up the relationship. It's just stupid.",overwhelmed_identity
"My husband and I are in our 40s. We’ve been married 17 years. Three weeks ago, he said he loves me but is not in love with me. He was going to leave me, but he said he thought about it and decided to stay. I don't know how to feel any more. How should I take what he said and not feel so hurt? He has been very blunt, and hurtful words just come out of his mouth. He makes me feel like I'm nothing, but I so dearly love him with everything in me. He said it wasn’t a mid-life crisis.",relationship_support
"There are intimate things she did early in the relationship, and things she had once agreed to try that she will not do now. I end up thinking about it all day. I feel rejected and think I married the wrong person.",relationship_support
"I am a female, and I am afraid of having sex. I am afraid of disappointing my partner by being inexperienced. I think he thinks I'm not a virgin. I am also scared that he will be disappointed with my naked body. I don't want my partner to think differently of me because I am afraid of having sex.",anxiety_worry
"I am married, but I had sex with my friend. I feel guilty, but I feel not guilty too. Do I need to feel guilty? It's my body, and I have full rights to do what I like.",relationship_support
"As I was growing up, my mother and father always fought. With that, I grew trust issues. I think it's going to affect my relationship now and end it sooner then I want to. I try not to let it affect me, but I can’t.",relationship_support
"We had our first kid 15 years ago, and sex has been nonexistent ever since. It only happens every three or four months. We have been to counseling, and I have been told over and over again she will come around. She hasn't, and I'm intimately lonely! I think it's time to move on, but how do I do that without hurting my kids?",relationship_support
"I have been dating a guy for two years. I think I love him, but I don't know any more. I am in my late teens, and I have been living with him for most of our relationship. I have been talking to a guy friend, and I feel more loved by him than my boyfriend.",relationship_support
"He owns his own business. Sometimes, he stays out all night but doesn't tell me. We have a son together, and I get to stay home with him. He says I complain too much about what he's doing. We've been together a year and a half. I got pregnant after being together for a month. We moved in together when I had my son in July. Everything was great, and then he started the staying out. He then started not spending time with either of us. I just don't know if I'm doing something wrong. We've talked and he says this is just how he is, but he wasn't like this before.",overwhelmed_identity
"My fiancé and I have almost the best relationship every girl wants, but lately it's changed. I get less attention and little to no intercourse. He works a lot and goes to the gym a lot (he's a football player for an indoor league), but he has no time for me. We live two hours from family, and when I leave home to see family, he'll text me saying ""whatever"" and ""leave me alone."" But when we're together, everything is okay. No fighting or anything. I love this man, but I just don't know what to do anymore.",relationship_support
"I have been married for ten years. My husband is 29 years my senior. We have a young daughter. Ever since she was born, my husband has ""shut down."" We have no intimacy; he doesn't even kiss me. I've told him how I feel for years, and he swears he loves me and wants to make me happy, but I still have to literally beg for sex and affection. My self-esteem is gone, and I feel so alone. He has stranded me. He uses his passive-aggressive ways and ignores every comment I make. He refuses to talk to me in detail.",sadness_low_mood
"My boyfriend of five years told me he cheated on me during our relationship after we broke up. We've since gotten back together and are trying to make it work. I don't know how to trust him now, but I really want to make it work, and it seems like he does too. But my trust issues are getting in the way and causing problems.",relationship_support
"I’m in love with my friend who is also a girl. I fell in love with her in a few months. That was my first love. We used to talk for the whole day and night over the phone and on Facebook. I thought she had the same feelings for me, but I was wrong. I always wanted to touch her warmly and stay with her all my life. But all my dreams get broken apart after she got into a relationship with a guy. I’ve tried to be in relationship with guys, but I can’t be in love with them.",relationship_support
I've been getting told lately by my partner that it’s embarrassing that I'm so antisocial around his family and friends. I believe it's because I'm not as social as him.,relationship_support
"My partner and I have had an amazing relationship and connection for over two years. We're very committed to each other and are planning a very long life together. However, he recently was very open and honest that he isn't interested in having sex with me anymore. He says this has happened in every past relationships and has ended it as a result. He knows it's because it's the ""same person"" feeling, but how can he get over this?",sleep
"My wife and I have a great relationship except for our sex lives. We are pretty transparent and honest, and basically, she feels bad because she never wants to have sex. She doesn't have the desire. She's also never orgasmed. She feels like a terrible wife and fears I'll cheat on her. She doesn't know why. Last time we had sex, she cried and felt bad and didn't know why she cried. However, she also told me that the last time we had sex, she felt me in her, but it just felt ""ehh"" and wanted to stop. That makes me feel really awful. We rarely have foreplay. Everything I try tickles her, so she makes me stop. We are both frustrated but very much in love. She and I are in our early 20s. We’re married and we have a baby on the way.",anxiety_worry
"We got into arguments, and we would break if off but start it back up again. We clicked, or so I thought. We are both married with problems in our marriage. We never have sex; we just send a lot of pictures back and forth and talk about doing things together. His wife found out, and he lied to her and didn't even refer to it as an affair. I can't stop thinking about him. We just click. I've been married for 16 years, and I've never liked anyone other than my husband. Now I like him, and we’ll never be together.",relationship_support
"My boyfriend of five months expresses how much he cares for me and loves me, and I believe it. It has been one of the best relationships I have been in for a short period of time, but he has lied to me so much. He’ll tell me that he'll stop lying, and while he’s saying that, he's hiding something or lying about something. First, it was about a girl. He hid text messages and claimed she was a friend and it was a friendly conversation when it was a girl he once found interest in. Next was his ex-girlfriend. He put a fake contact name, and it was just friendly, but he lied to my face. All the time, he claims he never cheated and still expresses his love the same way and that he wants to change and do better.",sleep
"I was texting a guy who wasn't my boyfriend, and my boyfriend found out. We work together, so he went to work and told everyone I was cheating on him. I moved out of the house. There have been previous problems, and I feel like I'm usually the issue here. In order for us to move on, he wants me to sign this contract that he wrote out listing things he doesn't want me to do anymore. I'm wondering if this a healthy relationship to save or if I should walk away.",relationship_support
"About a month ago, I went through my boyfriend’s phone and found him messaging his ex-girlfriend that he was dating before me. He gave her a promise ring when they were together, and he still had it hiding in his memory box in our son’s room. I found many things on his phone, but that broke my heart the most. He deleted all the messages but two. I can't help thinking they were talking about the old times together or something like that. It really kills me, and I can't stop thinking about it.",relationship_support
"I have been married for 20 years. He and I both cheated. I hid my cheating for 14 years. Over that time, I let life stress me out. I became depressed. When I finally woke up, he felt I had pushed him out.",sadness_low_mood
"My boyfriend recently got a kitty. I hate cats in general, and he knows it. It grosses me out and makes me very upset when he pets his cat. I want to throw out the cat. I feel very jealous.",relationship_support
"Over the course of a few days, my wife was unsure about her feelings for me due to constant intimacy issues. After she thought things through, she came to the realization that she is no longer ""in love"" or attracted romantically to me. She instead has more of a platonic love and just cares for me as just ""family."" At that point, she said our marriage was over. Now over the course of the last few days, she has taken a ""friendship"" from a coworker. She insists there is nothing more than friends, but she has spent all her free time with him.",relationship_support
"I have no idea what happened. I go places and do things but still feel lonely. I honestly have no friends, and I am always the one texting people and bothering people. I feel invisible, like someone that no one wants to be around.",relationship_support
"I love my boyfriend and everything that leads to sex, but when it comes to the actual penetration, I hate it. I don't know why, but I just want it to be over. I feel like crying. I don't know why I don’t like it because all of my friends enjoy it.",sadness_low_mood
I didn't trust my wife when I found out that she had a new guy friend that she was texting and calling. I investigated him before I found out that he was gay and that there was nothing going on. Now all my wife and I do is fight about trust.,relationship_support
"I've been in a relationship for over a year. He's cheated and lied. I heard he's married, but he says he's not. Everything is very up and down; there's no trust. Recently, he went on a trip, and I promised him I'd behave and not drink because when I drink, I drink too much, and I tend to make poor choices. This time, I made a huge mistake: I drank too much, and I cheated on him. I slept with another man for about five minutes before realizing what I was doing is wrong. I told him and he just got really rude. He called me names and threatened me. I feel bad as I do love him. We just have so many issues. I'm not a bad person, I've just made a lot of bad mistakes. It’s unintentional, and I know right from wrong, but why do I still make the wrong choice?",overwhelmed_identity
"I've been with my husband for eight years now. We have split twice before, and the first time was because he cheated. I took him back months later, and he really tried making it up to me by making a lot of changes. However, we continued to have issues because of my lack of trust. My insecurities and trust issues lead to physical abuse, which lead to us separating again. During that separation, he consoled himself by talking to the same girl he cheated on me with. But we then ended up back together and worked it out for a while until I got pregnant with our second child.
   The baby was a few months old, and he confessed to me about his secret relationship with her. He told me how he could never stop talking to her and how, during our issues, she has been and is the only women he's gone behind my back with (but on a friendship level because she's miles away). He confessed how he fought feelings for her and feels like he's possibly in love with her too. He said he feels like he's in love with the both of us now because this women has fallen for him, and she hasn't been able to leave him alone since. Even though she knows that he's still with me and happy with our family, she can’t help it, and he confessed how his feeling for her are mutual. Being that he loves me too, he wanted to be with the both of us at the same time. He wanted to have affairs with her behind my back by flying her out and staying at a hotels, but he didn't want me to find out, so he told me everything. He said he didn't want to continue to lie to me and so I can finally stop accusing him of being with other women when it's only been this one girl the whole time. He feels like my insecurities and trust issues are what pushed him closer towards her, and that no matter what he did to do right, I would still accuse him. He's caught up in his feelings and pretty much says that he wants her but doesn't want me to leave him because I'm the one he wants to be with for the rest of his life.
   I'm of course hurt and in shock. I feel like I have to make a decision on whether I want to allow it and deal with having to share him or walk away. Both of these decisions are really hard to make because I feel like whether I stay or go, my heart will still be torn apart. I have to make a decision quick because she will be flying out sooner than I thought.",sleep
"I just got married with my husband. I have four kids of my own, and he accepts me with my kids. I am thankful he loves my kids even though they’re not his. Now we are having problems in our relationship because of my past. I know all marriages have problems, but sometimes I feel it’s not going to work out if there’s no trust. It’s hard for me to let go because I love him, but I am getting tired.",sleep
"My boyfriend and I have not had sex in a couple of weeks. He had to have a cyst removed on his testicles. I have been wanting to have sex with him for a while now, and it drives me crazy not to be able to make love to him. I'm scared to touch him and get close to him because I'm afraid that I will hurt him.",anxiety_worry
"My dad cheated on my mom for 13 years. I cannot stop obsessing over the fact that my boyfriend might be cheating on me even when I know he isn't. I have full access to his phone, social media, and e-mails. I never find anything, but I'm obsessed with constantly checking just in case. How do I stop this? It's driving a wedge between us.",relationship_support
"My husband always works. He does work from home, but his hours are from morning until night, and he neglects his family. If I have anything I want to do, I have to find a babysitter, but he does what he wants. He rarely comes to bed when I do, and we never have date nights.",relationship_support
"My wife and I are newly married, about 2 months. We've had some issues surrounding sex, particularly her lack of libido. She's on an anxiety medication, of which diminished libido is a side effect, but I think our issue is also partly one of a lack of intimacy/romance centered around my hectic schedule. Our sex life has suffered as a result. Tonight she made a genuine effort to let me know she wanted sex, which is a big deal. Once things started, she had the most obviously fake orgasm I've ever encountered. I was honest with her about why, and told her that the most important thing to me in sex was knowing that she was legitimately enjoying it. She responded angrily with a complete denial of the faking. I don't know how to broach this subject and have an honest conversation. I think she will continue to lie to me about faking it which will cause our sex life to spiral further. Please help.",anxiety_worry
I have this weird fetish that I'm afraid to open up about it. What should I do?,anxiety_worry
My boyfriend can't get over my promiscuous past. He says he loves me but says the thought of my past is disgusting and a sexual distraction. He says he should have had more sex with different people. I don't know how to handle this.,relationship_support
"I have no sex drive due to medical issues. I’ve shut down completely and closed everyone out. I’ve even told my husband that I wanted a divorce since that’s what I thought he wanted to hear. However, it devastated me when I learned he's seeing someone else.
 I’ve since told him that I wanted to work things out but he’s not sure I actually mean it. He thinks the only reason I want him back is because I’m jealous. How do I show him I’m serious?",sadness_low_mood
"I just lost my grandpa and i'm having a rough time with it.    I need some help to deal with the loss, but I don’t think I can pay for counseling. Where Can I get help?",overwhelmed_identity
My grandma and brother both passed away 11 years ago and sometimes at night I just can't stop crying while thinking about the good memories we had but won't have ever again. I can't sleep at night when the memories and tears come I'll be fine all day then at night...boom! it's like waterfalls from my eyes. Why can't I stop crying?,sleep
"Last year, I just always felt hopeless. I don't have a great relationship with my sister. I lost my mother recently, and that really added to my sadness. My sister always brings up how I was never close to my mother.",overwhelmed_identity
The past always feels much brighter and more beautiful than my present. Everything about what's gone feels so amazing; almost like I'm high off nostalgia. But in the end it just makes me feel sadder knowing that all of the memories (and a close friend that left me) are gone forever. How do I move past that and live more in the present?,sadness_low_mood
"My wife is trying to leave. She agreed to come back and give me a little time. Even said she hopes I can do it. We buried our first born in Jan 13 years ago. She never got past it. So every year around this time, she gets emotional and says she doesn't think she loves me, but then we go back to normal. This time, another guy came in and showed her attention. I'll forgive the cheating if she'll come home.",relationship_support
What can I do to stop grieving my mother’s death? When I am awake I just cry every day. I don't have anyone to talk to. I need help; I am still cry over her. Will I ever stop crying? It’s been 3 years.,self_care_coping
"My friend is abusing her prescription medicine. Even though she told me she didn't have any more pills, I found she has prescriptions for anxiety medications.",anxiety_worry
"My new daughter-in-law just informed me that she is smoking marijuana while pregnant because of her morning sickness. I’m in shock and I don’t know how to respond. I just lost my mom, and she was good with advice.",self_care_coping
"My mother has Alzheimer's and she has become so nasty and mean to everyone and she always asks for unrealistic, silly or meaningless items. I get so frustrated and angry, but then I feel guilty because I know it probably isn’t her fault. How can I cope with feeling like this?",self_care_coping
"My mother has Alzheimer's and I can see that she has lost some of her intellectual abilities. Even though I know this disease is not her fault, I’m still finding it difficult to separate my own feelings of disappointment and frustration when my mom seems to ignore my opinions and wishes, and seems",overwhelmed_identity
"I have a mother who is still running my life even though I'm almost 30 years old. I want to move out and live my own life, but it feels like as long as I do what my mom wants our relationship is okay. It's never okay if I don't do what she wants.    I don't know how to start making my own decisions and not worry about whether it's right in her eyes. Would it help for me to talk to someone about this?",anxiety_worry
"I have known her for years. She was dating my brother-in-law when we met. My kids think of her as their aunt. On Halloween 2014, I lost my mom to cancer. My mom and dad were still married when she passed away. My friend was there for me through that and my own cancer diagnosis. She has been a very big part of both me and my kids’ life, but now last month, my dad told me that he really likes my friend and wants to marry her. She’s like a sister to me. My kids hate the idea.",overwhelmed_identity
"I'm a teenage gay girl, and I'm in love with a girl a few years older than me. She loves me too, but we're not physically together at the moment. I've been thinking about being transgender soon too, but my family doesn't accept me, so I honestly don't know what to do about that because I feel like I have to constantly hide the real me. It hurts so much to hide the real me. What can I do?",self_care_coping
"My older brother (in his 60s) started dating a lady with Asperger's. She is hyper-sexual and flirty. She does not understand boundaries. They’ve been dating for a few months, and she's talking marriage. Another sibling and his wife have met her, and they have said she is never invited back. My brother always picks similar ladies. Do we speak honestly and risk losing a relationship?",relationship_support
"I'm a teenager, and I know the importance of my upcoming schooling. However, no matter how much I put in my best effort, my family thinks I have done zero effort in total. What can I do?",self_care_coping
"I’m a teenager. My entire family needs family therapy, and more than likely individual therapy. My parents refuse to take action, and I'm tired of it. Is there any way I can get out of this myself?",sleep
My boyfriend and I have been arguing every night about the same thing. He also tells me that if I go visit my mother out of state he will be gone when I get back. He and my mother do not get along. What should I do?,relationship_support
"I don’t love my sister. I would never wish her harm, but if I could, I would wish for us not to be related. Is this cruel? Why must blood mean we have to be friends? Am I being unreasonable and is there a way to fix this? I do care about her, like I do every human being, but I’d rather be with my friends than be with her at all. It’s not just a ""teenager phase."" I still love my mom and dad, and I’m very close to them. However, it’s my sister I don’t love or have ever really liked at all.",relationship_support
"My wife and mother are having tense disagreements. In the past, they’ve had minor differences. For example, my wife would complain to me my mother is too overbearing; my mother would complain my wife is lazy.
 However, it’s intensified lately. I think the cause is my wife talked back to her once. Now, any little disagreement is magnified, leading to major disagreements. What can I do?",self_care_coping
For the past week or so me and my boyfriend have been fighting. He has been making a lot of bad choices and he is currently hospitalized. I'm barely eating or sleeping because I'm constantly worried about him. Everyone else in my life says that I should just forget about him and walk away. What should I do?,sleep
Ever since my mother passed away my family has treated me like a stranger. Now I'm concerned that my father will need to go into a nursing home. If that happens I think I'm going to be on my own to handle it.    What should I do? I'm going to need my family's help and support.,relationship_support
"We rent from from my boyfriend's parents. His father drops by unannounced and stays for long periods of time. He lets himself into our home when we aren't there on a daily basis and takes our dogs to his house. He picks up our mail. He has NO boundaries.    He's an opinionated, rude pushy person. He expects to spend every weekend around us, gives unsolicited advice on child rearing and does not respect our privacy at all. He barges in with no warning. He has a key and lets himself into our house without asking permission. I need help. How do I address this?",self_care_coping
I have been dating my ex-boyfriend’s cousin for a few years. We have gotten pretty serious. He wants to cut it off because people are giving him a hard time that our kids will be related to my ex.,relationship_support
"My dad doesn't like the fact that I'm a boy. He yells at me daily because of it and he tells me I'm extreme and over dramatic.
   I get so depressed because of my dad's yelling. He keeps asking me why I can't just be happy the way I am and yells at me on a daily basis. Is this considered emotional abuse?",sadness_low_mood
"How do I ever trust another woman? I have found myself constantly reading between the lines with every other woman that I meet. I am having a difficult time making any sort of connection to anyone because of her deception and willingness to say and do literally anything in order to control my emotions.
 Once the ""relationship"" was over, she became extremely abusive and has attempted to intimidate me into silence regarding the many false claims made on her immigration application.",overwhelmed_identity
"I have known I was always different. This year, in December, I found out that I never felt female. I did research and have identified myself as male but don't know how to tell my dad.",overwhelmed_identity
"I have three siblings. My mom loves them and not me. She’s always yelling at me, but when it comes to my siblings, she talks to them. I’m always crying in my room.",sadness_low_mood
"Any time my family and friends are in an altercation, I’m the one who steps in. I’m the one they call to fight for them. I do this even though I have a tough time trusting the people I’m fighting for. I’m only in my early 20s.",relationship_support
"I'm in my mid-twenties now, and my boyfriend of seven years and I want to start a life. My mother is 100% codependent on me and is extremely manipulative. She suffers from type 1 diabetes, which she uses to guilt me if I ever leave her. The problem is that I will feel guilty.",relationship_support
"My mother and I have an okay relationship. I know she loves me unconditionally, and I love her the same. However, more times than not, I'm afraid to tell her anything personal because she either doesn't listen, she turns it around and makes everything about her, or she ignores things - even when they are about my mental health.",anxiety_worry
"It happens especially at me and my sister, and then she gets emotional and brings up the past. How should I deal with it? She is always stressed about her work and doesn't put her family first.",anxiety_worry
"I'm in love with my own gender, and my parents are against that. I don't know how to tell them because I'm afraid they'll not want me anymore.",anxiety_worry
"I work two jobs and go to school for criminal justice. Over the summer, my father had a stroke. It was very devastating. My father isn't the same, and my family fights every day. I have been kicked out the house many times. I break down a lot.",sadness_low_mood
She is living with her boyfriend of seven years. He is in therapy for depression and social anxiety. He hasn't worked in all this time.,sadness_low_mood
"I keep being mean to my best friend, and I don't know why all the time. I did come to maybe some kind of conclusion that it is because my mother is mean to me all the time. Could that be a cause?",relationship_support
"My mom and I have been fighting a lot now, and I just want a good relationship with her.",relationship_support
"I am a teenager, and my brother is a few years older. He has a girlfriend who is always with him. He never hangs out with me anymore. We were really close, and it is making me really sad.",sadness_low_mood
"I've been hurt by a man for five years. He doesn't involve me with the family or kids. Everyone in the family is against me. There is a Mass today for a family member, and he never asked me to go. I'm to sit home alone now and Christmas too. He expects me to sit alone while he enjoys being with the family. We are in our 50s, and it hurts that he won't even think of me or involve me as part of the family. He doesn't even care. I am leaving him as soon as possible, but I hurt so bad that I didn't know who to turn too. I'm now in this low funk of depression, and I'm scared because I do stupid things to myself and give up. I have no friends because I was a truck driver. I've been getting serious headaches and can't sleep. I don't eat; I've lost my appetite. This has been going on for a couple weeks now.",sleep
"Hello, I have a cousin in my family who has been making me feel belittled, insecure, and frustrated during her stay here in the city. I know she comes from a place of love, but she has always been short-fused and highly temperamental if something doesn't work out the way she planned it. I have tried my best to coordinate plans with her, but she always ends up frustrated about the lack of communication I seem to have on my part and then makes condescending comments about my character that include: inconsiderate, negative, oblivious, and self consumed.    I have tried to talk to her openly about this, but it always comes back as an attack on my character and I have never heard these comments from anyone else before. I have been thinking a lot about her comments and whether I truly am an inconsiderate person who is not thoughtful, spatially aware of surroundings/people, or positive, but in the end, I am feeling awfully hurt about how this has affected our relationship.    What can I do?",self_care_coping
"I use to be so happy. No matter what, I always was happy. I got into a relationship with this guy. I love him so much. We’re both teenagers. The week after his birthday, my mom made me stop talking to him. It broke me. He came to my house and talked to her, and she let us date again but not see each other. He comes up to my school every day and it tears me apart that I have to lie to her.",relationship_support
"I am always arguing with my father. He gets stressed over work and health and talks to me in a tone of voice that seems very demanding and seems more like yelling. I get upset often at this. Am I too sensitive? He always says I am overreacting but never seems to understand that he is hurting my feelings. No matter how often I try to tell him this, he never listens.",anxiety_worry
"I am constantly having problems with the same two people who will always be in my life. I had a daughter with my ex-boyfriend. I am now married, and my husband’s ex-girlfriend is involved with my ex-boyfriend. They also have a daughter together. My issue is that there is always drama. I am pregnant, and I told my ex-boyfriend that I don't want any drama or arguments. I want to get along as much as possible, and he agreed. However, we just had an incident where my ex-boyfriend started discussing drop-off details about my stepdaughter. I told him that he needed to ask my husband because I can't make decisions about my stepdaughter regarding the matter. That led to an argument. I told him all my concern is when I pick up my daughter. My stepdaughter’s pick-up details are between my husband and his ex-girlfriend. I especially told him I didn't want to be involved. Somehow, he turned it around and then wanted to change the schedule we agreed on. He threatened me and got ugly because I wouldn’t discuss my stepdaughter’s matters with him.
   The point is there is so much drama. I try my best to get along with everyone. I don't understand where I went wrong (besides replying back to his question). I feel like I'm going crazy because this is a constant battle where everyone’s frustrations are taken out on each other, and it's the children that are hurting. I had a party planned for my daughter’s birthday, and my ex-boyfriend told me to cancel those plans because he wouldn’t let me have her. In my eyes, it’s the child that is hurting. I was throwing a party for her birthday, and because of the problem with stupid pick-up details about my stepdaughter, which I have no control over, he took it out on our daughter.",relationship_support
"I am having a problem with extended family members who are inappropriately urinating in my home. They are peeing in cat litter boxes, bottles, and directly on floors and in corners of my house.
 Is there any literature that supports why such adults would behave this way? This is not a joke. I am trying to understand.",relationship_support
I am married to a beautiful lady. I love my wife with all my heart. We have 3 boys and I have a daughter from a previous marriage. We also have 3 grandchildren. Now this event is tearing us apart. I want our family to be together and happy. It was a mistake from so long ago. My wife wants to leave and I don't want that to happen I love her so much. Please help me save my marriage. Even my 3 boys want us to work it out. They love us both and want our family together. Please give me some advice or hope. Sincerely heart broken.,self_care_coping
"I started dating a guy I met online. He told me that he registered sex offender but he didn't do anything. He took a plea to always register as sex offender and he did two years. That was more than two decades ago. Nothing on his record since. I always believe the past should be left in past. But my roommates, their family and my son are unforgiving. Should I forgive this man that I'm falling in love with or should I dump him? If I stay with him I will never see my family and granddaughter again.",relationship_support
"I'm having issues with my relative. The police never believe the experiences I have been through because I am only a kid. 
   I've even had trouble trying to reach a therapist because I said I wanted to get an adult to help me. Could you please give me advice?",self_care_coping
"The last of my emotions belong to my pets. Today my dad said he might get rid of them tomorrow. If that does happen I might dig hole in the ground with a paper that says ""here lays my emotions. R.I.P."" I practically have no emotions left and I came to the realization about this not being normal by comparing my reaction to certain situations to my family's. What's wrong with me?",relationship_support
"I have secrets in my mind, and I don't know what to do with them. I don't want to tell my wife and mom because I don't want to hurt them. But I'm not sure how long that I can keep the secret to myself. What should I do? It's becoming annoying and making me anxious. Help me out",overwhelmed_identity
What makes a healthy marriage last?,relationship_support
"I found out today that my wife is cheating on me. I love her, but she won’t tell the truth even when I have proof. When I beg her to tell the truth, she yells, cusses, and gets a huge attitude.",relationship_support
"I'm always listening to my husband, but it feels like he never listens to me.    How do I get my husband to listen to me instead of me listening to him all the time?",relationship_support
"Cheating is something unacceptable for me but because we have two daughters I decided not to break up the family. However, now I am struggling to forget and forgive what happened. I feel like I cannot trust him. Without trust, I cannot stay in this relationship. On the other hand, I do not want my children to get hurt. I'm not sure how to move forward?",relationship_support
"I love him, but he doesn’t show me love. He talks badly about me to his friends.",relationship_support
My father is in the hospital and was diagnosed with leukemia. I have been dealing with that all day. My husband keeps getting mad at me for things that I said.,relationship_support
"My husband took a job out of state for the next year and seems to be a different person. Before, he worked and slept, and on off days, he'd stay home because he didn't want to do anything else. Now he's going out with friends several nights a week while I'm still home working a 50 hours a week job and taking care of two kids by myself. He's suddenly saying he misses me and wants me to be his adored wife, but the whole time, I'm remembering how I've been emotionally starving for the last five years.",overwhelmed_identity
"I decided to stay and work it out. I just don’t want to sit on the couch. Other than that, I have been getting over the situation. I don't feel it is fair that she expects me to sit on that couch and won’t leave me alone about it. I can move on and continue to love, laugh, and play with my wife. I just don't want to sit on that couch.",relationship_support
I'm feeling different towards my husband. I feel I am growing from the relationship. I have been with my husband for six years and married for almost five. I just don't feel that connection anymore. I feel nothing. I don't know why or if I'm just being irrational.,relationship_support
"I have an overwhelming desire to watch my wife have sex with another man. I talked to her about it, and she said she will do it for me. The idea excites me to no end, but I don’t want to because it disgusts me. How can I stop wanting it, or should I just give into it and do it? I’ve been struggling for years with this. It won’t go away. By the way, I am in my mid 30s and my wife is in her mid 40s.",overwhelmed_identity
"My husband and I have been together since high school. We have been married going on for nearly ten years, and we have three beautiful children. A few weeks ago, my husband decided he need some time apart and moved over to his dad’s for a while. He comes home to see the kids and acts like there is not too much wrong. Can this marriage be saved or is it too late? He said he would go to counseling, so I don't think he has given up.",overwhelmed_identity
"That phrase makes me crazy. It happens anytime I point out something to my husband that he needs to change, such as looking up from his iPad long enough for me to tell him the grandbaby almost pulled the shelf unit over or explaining to him that I got all the things he needs to bake a pie. Another example is when he opens the front door, the dog runs out if he doesn't pick him up. Over and over again, he lets the dog run out, and I am afraid he will get hit by a car.",anxiety_worry
"My husband doesn’t trust me for some past we had. I know all marriages have their ups and downs, but sometimes, I feel I am getting tired of the same thing over and over: that I am messing around, which I am not.",sleep
My husband cheated on me and it hurt me very bad. It was a time when my health was poor. I'm have a hard time moving on.,relationship_support
"I have been with my husband for almost 7 years. We got engaged a little after 5 years of being together. I had always been clear that I wanted to get married and I sadly would drop hints about how i wanted him to propose.  When he did propose it was during a random vacation that I had planned. I was happy but I couldn't help feeling disappointed too. I had told him numerous times before that I wanted him to do it in front of my friends and family. I know it sounds dumb to be upset but I couldn't help how I was feeling. We are now married but the wedding and ring were also far from what I wanted and it wasn't due to lack of funds. I know this is all material and the marriage is the most important thing but I cant help but get jealous and envious every time I see someone get a proposal or wedding that I had wanted. I cant help my anger because I know we only get one proposal and one wedding. What I wanted will never happen. I have been working on my feelings for the past year and half to get over it. I try to focus on our marriage but every time I see someone have the best proposals and weddings I get upset. I know it is selfish and I know its petty but I just can't control it. It's ruining our relationship because I constantly think about it. Plus, I get mad at him for small things because I am trying to hide the fact that I am so disappointed.  Why can't I move on?",sadness_low_mood
"I've been bulimic for about 6 years now. I'm in my early 20s. I am about to start back to school to become an RN, and I really need to get better once and for all.    I lose control of myself and become angry and anxious and just eat and purge. Over and over. Can someone please point me in the right direction for help?",overwhelmed_identity
"I have a problem with binge eating, especially during times of stress. I binge eat and feel so overwhelmed with shame and disappointment that I end up going to the gym and trying to exercise the calories off. I am in my late 20s, and I have been dealing with this since I was a teenager. Are there any coping mechanisms I can use to break this cycle?",self_care_coping
There's this boy who asked me out awhile ago. I said no because my friends and family would think weirdly of me. How do I be with him and tell him and tell my friends?,relationship_support
"I have suffered many things at home and school. We never went to the doctor to diagnose depression or anything like that, but I always feel like a part of my heart is missing. I try to fill it in with objects or, in this case, a woman.",sadness_low_mood
"I have a friend that who I used to be in a relationship with. It was brief and turned into us being just good friends.
   I spent the weekend with him and it upset my boyfriend. Was i wrong?",relationship_support
"I've been with my partner for 4 years. She's given me no reason not to trust her. But lately I've been overreacting a lot when she's just doing normal things. I think it's triggering my bad past relationships.
   How can I get rid of these insecurities and be more trusting with her?",relationship_support
I’ve been in a long distance relationship with my girlfriend for just over a year. This past week she admitted to me that she has feelings for another guy. She says it’s “just a crush” but I don't know how to cope with it.    How should I deal with this?,self_care_coping
I'm having relationship problems and I want to fix them to make things right before I lose her. How can I learn how to listen and get myself together?,overwhelmed_identity
I told him I liked him. He called me lovely and pretty but he said he didn’t want a relationship. He would always flirt with me.,relationship_support
"I'm in a long-distance relationship with my ideal man, but I'm not as attracted to him as I should be. Everything else is perfect about him, but I find myself lusting over more attractive men. The next step is marriage, but I want to marry someone who I can wake up to and fall in love with all over again. However, I also don't want to throw away a great relationship over what might just be lust. Am I asking for too much in the ""perfect guy""? Is there such a thing? Am I truly in love?",overwhelmed_identity
"I met this girl in high school. She had switched schools at the end of the year, and I have not seen her since. It's been a few years. We had a very good and friendly relationship, and we seemed to have a lot in common. I never gained the courage to ask her out.",relationship_support
"I was never single, afraid to be alone, and I looked for my boyfriend to make me happy. I finally worked on my self, was in a relationship, and I did everything a healthy girlfriend does and it didn't work out. Now months later, no man peaks my interest. Am I ready to date again? Is there a reason no one sparks my interest?",sleep
"My boyfriend is always saying he's done with me and says he's leaving, but then at the end of the night, he's still here. He wakes up in the morning, acts like nothing happen, and repeats this every night.",relationship_support
I was with my boyfriend for years on and off. We dated and broke up three times. Since we broke up five months ago I can't move on. I want to get back together but he won't talk to me. What should I do?,relationship_support
"I really like this guy and I think he likes me back, but his sister is my bestfriend. I'm afraid that if I tell her I have a crush on her brother she would loose it. I once told her I thought her brother was cute and she got really angry. I've gotten to know her brother better lately and I've realized he may actually feel the same way. I don't want to lose her friendship. What do I do?",anxiety_worry
"I feel like I took our relationship for granted and he's now to the point that he's giving up.
   I have had trouble feeling like I could trust him but he's given me no reason not to trust him. I know my attitude is also a big issue for him. I have a lot of obligations at home so we don't spend a lot of time together.    How can I fix this relationship?",relationship_support
"Whenever I sing along with a song that I like (even if it's just for the beat and not the lyrics), my boyfriend assumes that the words of the song mean something negative about our realationship.    I don't why he gets so mad and assumes I mean something negative from every song. Now I can't enjoy and sing a song without him thinking I'm trying to give him a hint. He even accuses me of cheating and lying. It's driving me nuts. I love him and would never do such an awful thing ever. How can I get him to understand?",relationship_support
"I have a lot of child custody concerns, financial issues, insecurities and weigh gain. I also have no local family support. It's hard for me to stay positive. I get very emotional and take it out on the people I love. How can I stay strong?",relationship_support
"My girlfriend recently started hanging out a lot more with one of her friends who did her wrong in the past and just walked out on her. So for the past 3 years its been just me and my girlfriend. Things have been great up until the last month. Now she ignores me and texts and hangs oit with her friend more and more.
   I dont know what to do anymore. My girlfriend is so distant. How do I keep from losing her?",relationship_support
"My boyfriend and I have been dating for almost 2 years. I've been really sad lately and for the past few months I've realized I'm just way too dependent on him. It makes me really upset to be so dependent on someone else, but I can't help it. I don't even know who I am without him.
   How can I be less dependent on my him?",sadness_low_mood
"I feel so alone. I have so many people around me, but it seems as they just listen and dont understand. They say it will all be okay, or they don't listen to me st all. Everyone says they are here for me but it doesn't feel like they are. Why do I feel so alone?",relationship_support
"We’ve been together almost three years. We argue and he ends it by telling me he doesn’t love me. It's hurtful because I am all about resolving the problem, and he dwells on the issue even if I drop what he's done and just swallow my pride and say I am sorry. How can this be resolved? We have kids, and I don't want a broken family because we can't communicate.",relationship_support
"I'm dating this guy, Peter. My friend Jennifer used to date him a while ago, and she's fine with us dating. My ex-boyfriend, Paul, broke up with Jennifer, and she's devastated about it. Peter and I are going through a rough patch in our relationship. All of a sudden, Paul is in ""love"" with me, and he wants me back. I don't know what to do because I can't hurt my friend or my boyfriend, but I think I might Paul again.",relationship_support
My boyfriend called me a particular profanity and I broke up with him. This is the third time he's called me this and I'm just completely done with giving him chances. He knows how much it bothers me. I just want to know if I'm over reacting.,relationship_support
"My boyfriend is in Ireland for 11 days, and I am an emotional wreck.",relationship_support
"I have high functioning autism and I have been on a lot of dating sites like meet me, match, and zoosk. I haven't had any luck on any of the dating sites I have been on.
    I really want a boyfriend but I don't know what I should do. I just want to be in a relationship. How can I meet someone?",relationship_support
We've been in a long distance relationship for two and a half years. I recently saw his phone and saw the people he texts the most and one of them was a female coworker. I don't know how to approach this situation. How do I ask him about it?.,relationship_support
"We weren't long distance until he joined the military. I love him and I know he loves, me but it's complicated. He said he's not going to find someone else, but I'm afraid. How do I keep our relationship going?",anxiety_worry
"Over a year ago I had a female friend. She turned out to be kind of crazy so I decided to stop talking to her. When she would call me I wouldn't answer the phone. This made my girlfriend really suspicious. She would ask me why I wouldn't ever answer that phone number. I told my girlfriend that I don't want to be friends with that other woman, but I don't think she believes me. How can I get my girlfriend to understand?",sadness_low_mood
"My boyfriend and I have a toxic relationship due to his emotional and verbal abuse but he makes me feel like I could never find someone better, and that I can't be happy without him.
   How do I get away from this relationship?",relationship_support
"We had great chemistry, but then he became distant. I had the feeling that I can't be without him. As soon as I felt the difference, I was scared to lose him. I started freaking out if he did not answer, thinking that something bad happened.",anxiety_worry
"I’m in my early 20s. My ex’s parents are friends with them and have told them bad things about me. I left my ex due to an abusive situation, and they are making me look like I was the bad one.",relationship_support
"Ever since I was little, I loved the idea of loving someone and spending my whole life with them. I treated everyone nice. For girls I liked, I would spend every second with them. It always ends the same way: “I like you as a friend,” or “I love your attention but not you.”",relationship_support
"I'm dating a guy I really love. We have our problems, but I could see myself with him long term. But there's this other guy who I've had feelings for for awhile now. He gives me butterflies when we talk, and my heart beats fast when I see he's texted me, which i never felt with my current boyfriend.",overwhelmed_identity
"My ex-boyfriend and I have been back and forth for over a year now. He's in his late 20s, divorced for like five years now with two kids. He has a lot of narcissistic behaviors. He lies and cheats, but I love him. I've tried to date other people, but I always go back to him.",relationship_support
"I'm in a relationship, but I feel like I'm always putting more into it and not getting reciprocated. My ex told me that I will never find anyone else, and that's lingering in the back of my mind.",relationship_support
I blame my past relationship for it. I know it is bad to be this way. I want to get past it.,relationship_support
"I am currently suffering from erectile dysfunction and have tried Viagra, Cialis, etc. Nothing seemed to work. My girlfriend of 3 years is very sexually frustrated. I told her that it is okay for her to have sex with other men. Is that really okay?",relationship_support
"I've been with him for a couple months. We will talk everyday and he will get mad over something I will say and not talk to me. We have our great moments, but I just need to focus on my personal situations, and I feel he is slowing me down with that. I still wanna be with him, but not now.",sadness_low_mood
"I found out my boyfriend takes anti-depression medicine. Lately he's been saying he has a lot on his mind, and he needs time to think about us. We've only been dating 3 weeks but I like him a lot.",sadness_low_mood
Me and the father of my child have been dating for a year. We had a big argument and at first he wanted to work it out. But with time he started asking others and they told him to leave me. Now he wants me to wait on him to mature. He wants to talk to other people. Then come back in four years. He doesn't want to deal with me while I'm pregnant. He doesn't take me to the doctor or anything. I feel alone. How do I handle this situation?,relationship_support
I have several issues like I don't like people. They make me sick. I have issues with talking to people. I feel like they are talking about me and making fun of me. I have felt this way for years. When I look people in the eyes I have voices that tell me to hurt them and if I don't stop looking at who I am talking to it gets so loud I can't hear what they are saying. I just stay away from people to avoid this. I look at people and think how I could hurt them. I feel like I am worthless and would be better off not in this world where I don't fit in. Every day I wake up it's like another day. Any info would be good.,sadness_low_mood
"I was in a relationship with him for three years. My mom doesn't like it because she thinks I'm making a mistake. He got married a few months after we broke up, and now he is divorced. I forgave him for what he did in the past, and he says he’s sorry and he really loves me. I love him too, but is it bad that I'm giving him a second chance again?",relationship_support
"I am currently living in a hotel and I don’t have a family. I met a guy a month ago. He is a bisexual. He has a lot of gay friends on social networking sites. He would not help pay for the room. When I asked for the TV remote control, he threw it elsewhere and asked me to get it. I slapped him and asked him to leave my room. We recently just got back together. One time I was sick. He came to visit and feed me but left no money. Then he texts me and brags about his house and car knowing that I have struggles living at a hotel. He says that he has a whole house where he can put me in and orders me to text him whenever I need someone to have sex with. He left his bath soap so he could come and get it. I think that he is trying to find a way to come back. Please help me. What’s going on? I am a good, loyal woman. Why is he treating me like this?",relationship_support
"About two and a half months ago, I met a woman on a dating site. We went out on two dates, and then despite her original plans on how to pace and conduct the relationship, I ended up at her house on a the Friday night one week after our first date. We respectfully tried not to have sex, but after hours of trying to resist each other, we gave in and we had sex. After that, I slept at her house every night for almost two weeks. Then one day, she went to her family’s house on Thanksgiving and everything changed. Within the short time we were together, we got so close and serious really fast. We had finally found each other. We told each other that we loved each other all the time, even while we were making love. A few days after Thanksgiving, she told me that we would have to go back to her original plans of seeing each other much less frequently. I was very hurt and didn’t understand. Then another week later, she told me she couldn’t do it at all anymore. I was crushed!
   A few days later, she tells me how much she’s missing me and “let’s get together for lunch” or something like that. Then about two weeks later, we finally get together one night and we were so hot for each other (in love, not just sex), but she confessed that the reason for the sudden distance was that the father of her very young child told her he wants to get back together and this totally messed with her. So for her child’s sake, she is now considering the possibility of allowing that to happen. She had told me all about him previously, and it is definite that she has little to no attraction to him, but she would do this putting herself in misery again for her child. Our love for each other is fully established and acknowledged, but she is torn and confused. She doesn’t even think it would work between them as she had to kick him out before for not fulfilling his role properly. I know she needs time, and all I can do is take care of myself. We have agreed to remain friends, and if this doesn’t work out for her, we will try again. I’m completely in love with her, and I’m in extreme pain.",self_care_coping
"I got involved with my best friend who is married but has been very unhappy for the last five years. We both fell in love and have been together for eight months. He left the house and filed for divorce. He decided to tell her about our relationship, and she is willing to forgive and work on things. This shook him. They have two kids together. He decided to put the divorce on hold. He left town for a month to get clarity on the situation and see a therapist.",relationship_support
"I have been dating my boyfriend for a month, and we want a baby. We don't work or drive, and we haven't talked to our parents. What should we do?",relationship_support
"I was hanging out with my close guy friend. We started kissing, but afterwards, he said that we should just stay friends because he doesn't want to ruin anything. We both just got out of relationships. His was very sexual. I'm not a sexual person, and he knows that. I want to be with him, but I'm not ready for another relationship, and I don't know if he ever will want to be more than friends.",relationship_support
My partner seems to always get depressed over the fact that his kids have to see and go through the divorce process. It’s especially when the mother of his kids keeps making him feel bad and using the kids as an excuse to get back at him. I feel like just telling him to go back with his family and forget about me.,sadness_low_mood
"My girlfriend broke up with me five months ago because I said awful things to her one night for no reason of hers. I have been trying to get her back, but it isn’t easy. She is in her 50s and I am in my 40s. She is the one I want for my life, and this is killing me. Every day, I cry, and I am desperate for help.",sadness_low_mood
"I'm a female freshman in high school, and this question is for my male best friend. At the start of freshman year, we dated for about a week before his parents ended it because they said he is too young to date. He has been dating a really sweet senior girl for a month or two. I have nothing against her except for the fact that she has Tim's heart. He is convinced that they are in love, and maybe they are, but I don't really believe him.    Lately, Tim had been expressing concern about what is going to happen when Sally leaves for college at the end of term this year. He's been asking me to help him with Sally and what girls like to show her how much he loves her. But he's also been thinking about breaking up with her just so they won't have to deal with it when she leaves. He seems really torn up about it, and I want to know what to say to him and how to help him once she leaves.    He knows that I still crush on him. He doesn't rub it in my face. He's a good guy, but I want to actually help him out and recover before we think about maybe another relationship between us. How do I do that when the time comes? How do I support him and show him that I'm here without wanting to hook up? How do I make him feel better? He is convinced he's never going to be able to love anyone ever again, which I think is ridiculous.",relationship_support
"I have been seeing this guy for a little over a year. Back in August, he asked for us to step back for now. Since then, he has still been in contact with me every day. We spent some time together over the holidays, but then I was gone for New Years with family. I came to find out that he put himself on a dating site. When I found out, I asked him about it, and he responded with this: “My apologies if I got my signals crossed, or if I wasn’t honest with you. You have helped me tons this past year and I am glad you are in my life. I didn’t realize you were still interested in dating. Again, my apologies.” Also, is it better to say that I want him in my life or that I want him as part of my life?",sleep
"My girlfriend and I have broken up and gotten back together numerous times in the past two years. We recently just broke up again last night on New Year’s Eve. When we break up, the very next day, she calls me and acts as if nothing has happened. She acts like everything is alright. This has been going on for two years. I do love her and care about her and her children a lot, but she seems really demanding as far as what she deserves from a man. She is always telling me that she deserves this and that from a man. It makes me feel like crap because I cannot give her everything that she wants. She told me one time that she wants a man who is going to be afraid to lose her. Is that a normal thing that women want, or should I just move on already? I am in my 30s and she is in her 40s.",anxiety_worry
"I broke up with him three weeks ago because I felt that he needed to be more respectful. He has since had a rebound relationship. He says he loves and misses me but refuses to see me. He says it's going to be too difficult to see me. Every time we talk, it feels like I'm being pushy to see him. He used to be so madly in love with me, but now, it seems like he couldn’t care less. I think I'm running him away.",relationship_support
"I'm an early 20 something year-old virgin, and my boyfriend is in his early 20s with kids. He's cheated on me twice: once in the beginning and then four months ago. He wasn't use to dating a virgin and broke up with me three times because he wasn't sure. We both work at the same job (where we met) and it’s with the girl that works with us. I've been trying to get over it, but now my confidence and self-esteem are low, and sometimes I feel like he’ll do it again or that he's not ready to be with me. I think about it all over again when I see her. He says he's in love with me, and with the last time he cheated, it didn't feel right, and that's when he knew he had to stop because his feelings were for me. He's contacted her and told her he will not communicate with her because he's in a relationship with me.
   How do I gain confidence? Should I let him go? If I let him go, I don't want to be sad about it being that we work together. I try to tell myself I'm beautiful every day, and I think I am a pretty attractive female with a great personality, but I don't like the fact that she works there.",overwhelmed_identity
"I find that I imagine things sexually, and I hate it because it puts strain on my relationship. I feel helpless and guilty. I want it to go away, and I want to make my woman happy again.",relationship_support
"My boyfriend moved in with me a few months ago. I love him, but his dog is wrecking my house. Every day we get home, there is a huge mess on the floor, and several things will be ripped up (including the couch). He's slowly eating all of the doors, and there will be food and poop everywhere. Even though I come home during all of my breaks to take him out, he still poops and pees in the house every chance. I can't financially afford to have the dog wrecking my house. I've tried talking to my boyfriend about the dog to try and come up with a solution, but it never ends well. The dog is the only thing we fight about because I want him out of the house and my boyfriend doesn't want to see him go. It’s not the dog fault though; I understand that. The dog is only a year old, and he isn't a bad dog. He's just too big of a dog for where he is; he should be a farm dog instead of a town dog. I don't hate the dog, but I just can't afford to continue having my house torn to pieces.",relationship_support
"I had to go to the emergency room today to get an X-ray of my spine. My boyfriend didn't want to sit there and wait with me. Instead, he wanted to go do things for his friends while I waited. When I was done, he was twenty minutes late in picking me up. He doesn't understand why I'm mad, and we keep bickering at each other over the smallest things. He thinks I don't have a reason to be mad, but I believe that I do.",relationship_support
"My fiancé doesn't think I trust him because I was cheated on before. However, he hides his phone and has been texting his ex-girlfriend, who he has two kids with. What should I do?",relationship_support
"My long-distance girlfriend is in a sorority, and it's changing her. I feel like I'm becoming less important to her and it hurts. She just wants me to support the sorority, but it's so hard. I try every day to show her she's the most important thing to me, but she can't even stay relatively sober at a fraternity party for me so that I won't worry about her doing anything regretful. We love each other, but we're in a rough patch.",anxiety_worry
"Every once and a while, I think about my ex-boyfriend from four years ago, and my current friend. It’s like I can't get past it, and I need some kind of closure. I keep thinking about how we had something, but it got cut off due to parental intervention. Nothing was ever wrong with it. Now we've become friends, but there's this huge sexual tension between us, or at least I feel it when we're physically in the same place.
   Two summers ago, we saw each other casually for a while, but we never had sex then or while we were dating, which was only for two months three years ago. I'm now in my 20s, and my current boyfriend is amazing and in his 30s. Despite the age difference, I know we're a really good match. We've never really fought and are able to make compromises and talk everything out. I tell him everything. Also, my ex-boyfriend has a girlfriend now as well. He’s been seeing her on and off for the past two and a half years, besides when they broke up and we had our casual thing. That summer, I told him I didn't want anything serious and broke it off. Only a week later, he had gotten back together with his girlfriend. His girlfriend is kind of mean spirited. I'm sure she may be different around him, but I worry about him committing to her in the long run. They're supposed to move in together soon. But still, I feel this connection with my ex-boyfriend, and I feel like he does too.    I don't know what to do. I need some closure or I'm not going to be able to move on from this. I don't know what it is, but it's driving me crazy. I’m so happy with my current boyfriend, and I know he will do everything in his power to make my life beautiful and fulfilling. He’s such a good person. I also know my ex-boyfriend smokes marijuana and does other things, but I can't get it out of my head. I'm trying to take a nap right now between classes, but I can't sleep because my mind is racing. I've never been so hung up on something for this long ever.
   I want to just talk it out with my ex-boyfriend, but I don't know if that's a good idea because of the possibility that it could blow up in my face. If he told his girlfriend, everything could go wrong because she hates me. If my current boyfriend knew, he would be crushed. On one hand, I want my ex-boyfriend to say no to having feelings for me, but I would be terrified of what to do if he said he has feelings too. Where would I go from there? On the other hand, I feel like I can't move forward in my relationship with my current boyfriend without closure from this. Sometimes I wish I could just cut off everything that had to do with my ex, but I don't want to.
   Please help me, because I really have no idea what to do.",sleep
"My ex-boyfriend and I met over a year ago. We hit it off and fell in love pretty quick. However, he has trust issues and assumed I was cheating. When I found out I was pregnant, we had just broken up. Five months later, I lost the baby, and we did not speak for a few weeks. Now we are talking, and he says he loves me but is afraid I will hurt him ""again."" I just want to know where to go with this because I love him so much, and I want to get back to us being happy and a family.",overwhelmed_identity
"My ex-boyfriend, will not stop harassing and stalking me. We work together. I honestly think he needs help to move on. His accusations are angry lies. But I think he may believe them to be true.",relationship_support
"My boyfriend’s sneaky and puts his friends before me. He fights just to leave. One day, he's happy. The next, he's mean and blames me for everything. He can't admit faults. He thinks he's perfect and does no wrong.",relationship_support
"My boyfriend says I'm nuts. I need to get help because I get an overwhelming feeling that he is cheating on me. Whenever I try to talk with him about it, he always turns it around on me by telling me what I'm doing wrong. I know that accusing him does not help. When his whole demeanor shifts towards me, I can't help but think that something is wrong. Am I wrong for feeling this way? I try to talk with him to make it better. I let him know when I am feeling down. But I am not confident in these things.  Two weeks ago a girl texted his phone 3 times trying to hook up with him. He texted her back with ""Sorry, I've been working. I just read your message."" The girl was trying to get him to call her at a time when he was at home with me. He texted her back with ""Don't text me anymore."" I don't feel like I am way out of the line. But I can't talk with him if all that he will say is that I'm crazy and I need help. What should I do? How will I go about checking if there really is something wrong with me?",overwhelmed_identity
"I want us all to get along, but feel that I am not being respected. Of course I do have some insecurities because he was with his ex for 8 years. He wants to see his step daughter and ex makes it so he has to go there to see her, but she doesn't want me around. She has a boyfriend, but mine fixes their vehicles, goes over once a week and hangs out with the ex and does family things with her. Since he works nights, I only see him parts of Friday-Sunday and we live together. He won't let me use his phone when I forgot mine, says his ex used to mess with it. I don't think he's cheating, but he will lie about what time he actually left her place to come home or about going over early to be with them. I feel like the other woman. She has tried to mess with holiday plans by restricting when he can see the child. He only dated once person before her, so this could be why. I don't feel he has let go enough. He is a wonderful boyfriend other than this.",sleep
"I have been with my best friend for over a year, and we have had a beautiful baby girl. We were in love, and I still love her dearly. I am in my late teens and so is she. She says she has lost her connection with me. She is talking to a random guy that she says is just someone to talk to. But she says she still loves me. I'm very hurt and confused.",overwhelmed_identity
"I'm in a relationship with my fiancé and I currently found out that she's been cheating on me with a co-worker. I was very upset none the less. I understand what she did was wrong, but I want to spend the rest of my life with her. So I'm willing to forgive and move on. We have been together for a little over 9 years, and we have a son. At the beginning of our relationship, I was unfaithful and she caught me cheating. She forgave me for what I've done to her and since then I been completely faithful. I'm worried about our relationship and want to move forward but its been very unsettling. All I can think about is her with another man. I don't know what to do or where to go for advice?",self_care_coping
"We went out had great sex and I was really liking her. Then one day she says we should just be friends, but I can't stop thinking about her. She's always on mind and I want her back.",relationship_support
"I know someone who is extremely sensitive to stress and very sensitive to a negative tone of voice. Sometimes during a disagreement he tells me that my communication is having a harmful impact on him. Once he believes I am being negative I can't seem to find a better way of communicating. In fact, it is often a self fulling prophesy because his accusatory manner becomes unbearably frustrating.    What advice might you offer?",self_care_coping
What do I do if I have been feeling like I could never be with anyone because no one would want me. Or I couldn't have many friends because of who I am. It's strange I want to be loved but I'd hate to be because I always lose.,relationship_support
We kissed and he grabbed my boobs and we exchanged some texts and a few calls. It went on for about 8 months. Just when we were all together and our spouses were out of the room. Once I met him for lunch to tell him that we needed to stop. We ended up kissing after lunch and then I sent him a few more texts that day telling him I was serious and that was the end of it. His wife (my good friend) saw us kiss once and told my husband. I told him a couple of things then and we got over it. A year later she told him a couple of other things. Same story. It's been about 3 years since. They are now divorced and my husband and I have been happy. A few weeks ago the wife called me and said that her now ex told her more stuff we did. I decided to just tell my husband everything. We are trying to work things out. But he is having a really hard time believing that he knows all of it. How can I help him believe me?,relationship_support
He is in his late thirties and I am in my mid twenties. We have been together for about 5 months. I really like him. He says he cares about me and is willing to fight to make things right. He has been very apologetic and expressed he did it out of fear. I don't know if it's worth giving him a second chance.,anxiety_worry
"I keep getting into relationships with men that are in bad situations. I take them on and help them and do all I can and the relationship still fails. How do I learn to not get in relationships with men in bad situations? I see someone in need of help, I jump in. And it is getting me nowhere. I am alone sad and frustrated.",sadness_low_mood
"My girlfriend's grandma passed away 5 months ago. They were very close. She took care of her till she died. Things kinda returned to normal few weeks later. Last month it feels like we hit a brick wall. Intimacy fell off. I asked what's up. She says she can't connect with anyone and that it's not me. She used to be very open and expressive. Now she gives short answers and has no interest in sex or any touching. When we did have sex in the last month, something felt really off. Now I'm very insecure about us and have thoughts of her cheating. She says otherwise, but I don't know. It just feels like something is really off.",sleep
We have been fighting a lot and have 3 kids but we both want to stay together. I need some help to save our family.,relationship_support
I find myself lying about small everyday things that there is really no need to lie about. How do I figure out what triggers me to do this? And how do I help overcome this problem? I would like to become more honest and open no matter the situation.,overwhelmed_identity
I have dog obsession disorder and I am having problems with my girlfriend because I am placing more importance to my two dogs over her. How do I get over this problem and prioritize my girlfriend over my two dogs?,relationship_support
"He's been losing feelings and he doesn't know why. I love him very very much. He sometimes thinks I'm obsessed when I'm not at all. I give him his space and I make sure he's okay but sometimes I think if me and him saw each other more it would be better? I truly want me and him to get better, it's kind of hard not to stress about it, because the love of my life is losing feelings which is a sad feeling. He's a great guy! I just don't know why he's been losing feelings towards me. He's starting to put less effort in talking to me. At this point I'll do anything to just make us better as a couple. I tried talking to him but he doesn't like talking about it much. Advice on what to do?",self_care_coping
I haven't uttered one word to my boyfriend in days. Now I'm over it and don't know how to approach the situation?,relationship_support
"I have been with a guy for 4 years, he's a great guy and we also have a son together. The problem is that I'm in love with a guy that I've been talking to for about 2 years but I've never met him in person. Honestly I'm bored with the relationship I have with the first guy and he makes want to go after the second guy, I don't know how to tell him that. What should I do?",relationship_support
"I have been with this guy on and off for 8 years. At first, we used to do things together and our sex life was ok. Then things started to change, we'd break up and reconnect, and he cheated on me numerous times. We've also had two beautiful baby girls during this time. Now we argue and he says I am not affectionate at all or I don't know how to please a man, when I work part-time, take care of a 2 year old and a 5 month old and cook. Sometimes he cooks, but he also spends a lot of time on the internet. In addition, I have 2 boys and he has 1 son. I feel somewhere I have lost something. It's not that I don’t care, I truly love this guy, but I'm just tired of being the one who is always being judged. Please, I am in need of a Christian counselor to help us because I really need to speak to someone.",self_care_coping
"Me and my girlfriend just broke up. She said she loves me but is not in love anymore. This came out of nowhere. We seemed so happy together. It all started when she went to Missouri to visit her family. The first week she was there she was fine then once she went to this one sister’s house everything changed. That's when she told me she loved me but was not in love with me anymore. I thought maybe it was just because she missed her family and she just wanted to be home because she told me that she could not leave them again. Then she told me to come to her in Missouri. So that's what I did. I quit my job I dropped everything, said goodbye to my family in Florida and drove 15 straight hours to be with her. Once I got there everything was fine again.  She apologized for everything and said she didn't mean any of it then we were good for about a week. Then she went back to saying she didn’t love me anymore and had no feelings for me. The only thing that really gets me and makes me not want to accept this is that now she is pregnant. This wasn’t an accident. We were trying to get pregnant, so all this is hard to accept. I love her so much. I have never been bad to her. I've treated her the best I can. I wanted her to be my wife. I was going to propose to her when she got back. Now I'm losing my family and my mind. I don't know what to do.",relationship_support
"After 40 years of being straight, how could I now find myself interested in people of the same sex? I have had a few same sex encounters of my own doing.",sleep
"I've been going through a rough time lately. I been into nothing but women. I’ve never thought about men until a week ago. I’m very upset and depressed about this. It's not normal to me. I looked at gay porn more than once to prove that I’m not gay. I get the same results each time, and I feel disgust. This is tough on me. I'm scared that I looked too many times. I keep thinking about it and shake all the time.",sadness_low_mood
"I am a heterosexual male in my late 20s. I find myself wearing pantyhose, heels, skirts and other women's clothing in private. I am torn on how to feel about it. I enjoy it very much. I have had a pantyhose/stocking fascination and other kinky fetish interests since I was young. I have no history of sexual abuse growing up. I am currently single.",sleep
"In middle school and high school, my friends and family thought I was gay. I tried telling them, but they wouldn’t believe me. It almost feels like they wanted me to be. Now I’m actually starting to believe them. I know I wasn’t back then, and now I’m not sure anymore.",relationship_support
"I'm transgender, I know I am, but I've only told a few friends. I know I can't tell my family because of previous conversations we've had. They just wouldn't accept it.
 My gender dysphoria is getting really difficult to deal with on my own. I need some strategies for dealing with it. What should I do?",relationship_support
"I have been noticing myself really enjoying watching/reading about gay or lesbian couples. I've also been imagining what it might be like to date a girl, and I like the idea. I also find guys cute too. Does this make me bisexual?",overwhelmed_identity
I feel like I would be more comfortable as a girl even though I still like girls. I think I'm like a girl stuck in a guy body. I imagine myself as a girl too. I think this more because my friends say that if I was a girl I would be a hot looking one. And I don't care about having boobs or anything. I just feel like the way that I do act will make more sense if I was a girl.,overwhelmed_identity
"Often times I find myself thinking scary thoughts and sometimes I even scare myself into thinking that something bad is going to happen to me. Once it starts, the thought continues going through my head and I can't get it out. How can I stop these thoughts?",overwhelmed_identity
"I'm a teenager, and I created a sort of imaginary friend to help me cope with stressful situations or if I'm worried or upset. She ""gives me advice"" and comforts me and tells me it'll be okay. I've given her a name (Solace) and created a personality for her that's like a comforting motherly figure. I know it's just my own advice and my own thoughts, but it's just that I'm thinking of them through a voice other than my own. I do this because I know I never really listen to my own advice, and I thought it would be better if it was through someone else who knew my thought process in and out, through this imaginary friend. Is this normal? Could it develop into a separate personality with time if I continue a mentality that she is her own person?",self_care_coping
I am extremely possessive in my relationships and this is hurting my friendships. How can I fix my underlying issues?,relationship_support
"I know I'm ruining my life with a lot of the decisions I make. I consistently tell myself I need to make some serious changes in my life, but I just can't seem to even though I really want to. Why can't I force myself to change?",overwhelmed_identity
"I don't feel like myself anymore. For example, I could walk up an entire flight of stairs before realizing that my legs are moving. I feel like I’m watching my life be lived by someone else.",overwhelmed_identity
"I was with my friends fishing by a pond. I found a frog and stabbed it with my friend's knife. I'm not sure why I did it. My friends saw me do it it and were shocked and got really mad at me.
   Now if someone brings it up I get really upset and panicked. I don't know why I feel like this. Does this mean there is something wrong with me?",anxiety_worry
"Sometimes, when I look at my pet cat, I think about how innocent he is and how somebody could hurt or kill him. It makes me sad because I love him, but I always think about how helpless he is. There've even been split-seconds where I felt almost tempted to kick him, followed by shame and guilt.",sadness_low_mood
"My daughter basically freaked out out of nowhere over me saying “calm down” when she dropped her phone. Within seconds, the situation escalated to her kicking me out on the curb, saying horrifically unspeakable things, and her calling the cops on me. She seems unable to stop herself at times.",sadness_low_mood
"It's been like a couple of years that I've been feeling like this. I don't want to self-diagnose, but I get so sad and cry and then I feel better. But then I get upset with people so quickly, and I hurt their feelings. It's this constant rollercoaster, and it's hard.",sadness_low_mood
"I start to think of an issue that doesn't even matter or something bad that happened years ago. Then, I cry, pull at my hair, plug my ears, hit myself, and throw things. In loud public places, I get on edge and start being sarcastic and moody. I have an awful fear of people leaving me (which normally ends up happening) and I feel like I'm too clingy.",overwhelmed_identity
"I noticed lately that I've been thinking a lot about death. I don't want to die, and I'm not suicidal. I just think about what would happen if I died or if someone I loved died. I imagine how sad everyone I know would be. I know it isn't worth it, and I definitely want to live and have a future. I just think about it. When I'm driving, I sometimes imagine what would happen if I just let go of the wheel and kept going.",sadness_low_mood
"I am lazy. I am very aware of the problem and try to talk myself out of it all the time, but I never seem to shake the habits. I try to think of what it is doing to me and my future, but no matter what, I keep creating excuses for myself to continue the procrastination. All I'm ever left with is regrets and a low grade. I am at an all-time low in my life, and I'm not even that old. I've always been a straight-A student, but now I'm getting C's and F's, and it hurts me to know that I am way better than that. It's not even like the work is hard.",overwhelmed_identity
"This is my recovery, and I don't feel that it is okay for them to ask this. They told me it is policy due to the fact that I may run into a peer there. I am a peer counselor in the small community that I grew up in. I am in recovery myself. I was asked to come work for this organization after I was two years sober (I was in treatment in this organization). I work with mental health peers and run life skill groups. I don't work with substance peers.",overwhelmed_identity
"I terminated my counseling relationship with a social worker several years ago. I am now realizing that I would like to begin counseling again. The social worker’s voicemail message says that he returns calls in 24 hours, but he hasn't called me back. I called him on the weekend and made it clear that I want him to call me back. Can he just ignore me?",relationship_support
"My therapist is gay so there are no sexual issues here. However, my therapist for six years has made me believe that he cares about me and that we are friends. I have loaned money to him many times, and he always paid me back.
   I had a medical emergency last weekend and I was heavily medicated. I knew that this therapist came into my home and wrote down my credit card information so he could pay back what he owed me, but this therapist dropped me off and never came again. I don't know what to do.",sadness_low_mood
"I am an international student, and it is my first semester in graduate school in the United States. I faced a cultural shock, and I was so depressed when I arrived here. My counselor in the university was my savior. He helped me a great deal. Now I am going back to my country for a vacation. I was thinking to get him something special with my country's name on it, and I remembered that he likes wine. My country is known for that. Is it appropriate to give him wine as a gift after Christmas?",sadness_low_mood
I'm worried I should see a therapist due to past events and current mental status. I'm just so unsure of how to ask my doctor about seeing someone.,anxiety_worry
I need help dealing with stress. How can I handle it all and feel less stressed out?,anxiety_worry
I need help knowing how to deal with stress. What can I do?,self_care_coping
"I'm in my late 20s. I have two jobs right now, I'm in school, and I feel like I just have a lot under my belt right now. I get stressed out really easily. I tend to worry and over-think. I'm just worried about money and everything.",anxiety_worry
"I have been experiencing a lot of sexual tension with a lot of the guys that I talk to nowadays. I keep imagining having sex with them. I have never had sex before, nor have I had a boyfriend. I feel lonely and empty. I feel like my body is not okay, and I am missing something. I talk to so many boys in school, and I always fantasize about half of them. I want this feeling to stop because it is interfering with my time to study since most of the time, I am busy thinking about sex.",sadness_low_mood
"Back in high school, my friend and I used to masturbate around each other. I hate even talking about it now because it's so weird. We didn't even realize how messed up it was at the time. One time, it escalated and we ended up doing it for each other. It wasn't supposed to be a gay thing, but it sure sounds like it now that I talk about it. I pushed this away until it recently came up in my head again. I'm having a lot of trouble.",relationship_support
"My best friend and I were pranking her friend, and I told her to tell him that she likes him. She said no, but I forced her. After she told him, he told her that he likes her too. Their friendship is ruined because of me. She won't forgive me, and I feel really guilty. I feel like crying.",sadness_low_mood
"I was “mentored” by this guy for a few years spiritually. It was okay at times, but other times, it was just weird. I try not to think about it too much, but a lot of manipulation and lying happened, yet no one else really believed me when I told them. It's like he's two different people, and no one else really sees that side of him. I was blamed for a lot of our troubles, and now we don't really talk much. I'm worried because he's in a trusted position of leadership and no one suspects anything. They just think I'm attacking his character. How do I know for sure?",overwhelmed_identity
It's really hard to not have negative feelings about friends who don't put any effort into nourishing our relationship.,relationship_support
I would like to be able to have more positive relationships in the present.,relationship_support
"In this argument my friends are all against me so I'm wondering if I'm exaggerating my feelings. I feel like I'm being attacked and that is making me blow things out of proportion and taking the role of the victim, when in reality I'm the one being unreasonable and I am simply annoying my reasonable friends. Or are they really being insensitive and not respecting me in our friendship?",relationship_support
They're calling me names like hypocrite and a baby even when they act in the same manner as I do. I'm tired of being called names. What should I do?,sleep
"I've been bullied for years and the teachers have done nothing about it. I haven't been diagnosed with depression, but i have been extremely sad for years.
   How can I deal with being bullied at school when the teachers won't help?",sadness_low_mood
"I nanny a three year old. When he wakes up in the morning he calls out for someone to come get him. If I am the one to go get him out of bed he gets really upset and refuses to let me near him. He screams that he wants his mom or dad (they work from home).    The rest of the day he loves me. But not in the mornings.
   What can I do?",self_care_coping
I need to get on base to see my doctor. My ID card was in my wallet which was stolen. I’m unable to reach my husband at this time. He is only one who can take me on base in order to get a new ID so I can continue to see doctor. Is there anything I can do?,relationship_support
"Is it normal for people to cry during therapy, or is it just me?",sadness_low_mood
"My wife and mother are having tense disagreements. In the past, they’ve had minor differences. For example, my wife would complain to me my mother is too overbearing; my mother would complain my wife is lazy.
However, it’s intensified lately. I think the cause is my wife talked back to her once. Now, any little disagreement is magnified, leading to major disagreements. What can I do?",self_care_coping
"I have secrets in my mind, and I don't know what to do with them. I don't want to tell my wife and mom because I don't want to hurt them. But I'm not sure how long that I can keep the secret to myself.

What should I do? It's becoming annoying and making me anxious. Help me out",overwhelmed_identity
"I want a secure relationship with someone that wants to be with me and who will actually put effort into it.
I seem to gravitate toward unavailable men and those that want intimacy and no relationship. I let men dictate and control me because they accuse me of being controlling. I let men emotionally abuse me and I am at their beck and call.
I am not comfortable being alone or doing anything by myself. I feel I need the security of someone being around just to survive. I know what I'm doing wrong and I do it anyway just hoping things will change. How do I stop this behavior and thought process?",overwhelmed_identity
"It takes me a long time to fall asleep; I’d estimate about two hours. I often have nightmares, starting with being eaten by a monster, and I often wake up frightened and unable to breathe.

I believe I started losing sleep after breaking up with a girlfriend of 8 years. Also, my father’s business went bankrupt and my mother has a chronic condition. I was under a lot of stress, and life lost meaning.

After improving my life and developing a habit of running and exercise to release stress, my symptoms improved. However in the past couple months, I started losing sleep again and having nightmares without warning. How can I solve this issue?",sleep
"Cheating is something unacceptable for me but because we have two daughters I decided not to break up the family.
However, now I am struggling to forget and forgive what happened. I feel like I cannot trust him. Without trust, I cannot stay in this relationship. On the other hand, I do not want my children to get hurt. I'm not sure how to move forward?",relationship_support
"I have no sex drive due to medical issues. I’ve shut down completely and closed everyone out. I’ve even told my husband that I wanted a divorce since that’s what I thought he wanted to hear. However, it devastated me when I learned he's seeing someone else.
I’ve since told him that I wanted to work things out but he’s not sure I actually mean it. He thinks the only reason I want him back is because I’m jealous.  How do I show him I’m serious?",sadness_low_mood
"Me and my girlfriend just broke up. She said she loves me but is not in love anymore. This came out of nowhere. We seemed so happy together.
It all started when she went to Missouri to visit her family. The first week she was there she was fine then once she went to this one sister’s house everything changed. That's when she told me she loved me but was not in love with me anymore. I thought maybe it was just because she missed her family and she just wanted to be home because she told me that she could not leave them again.
Then she told me to come to her in Missouri. So that's what I did. I quit my job I dropped everything, said goodbye to my family in Florida and drove 15 straight hours to be with her.
Once I got there everything was fine again.  She apologized for everything and said she didn't mean any of it then we were good for about a week. Then she went back to saying she didn’t love me anymore and had no feelings for me.
The only thing that really gets me and makes me not want to accept this is that now she is pregnant. This wasn’t an accident. We were trying to get pregnant, so all this is hard to accept. I love her so much. I have never been bad to her. I've treated her the best I can. I wanted her to be my wife. I was going to propose to her when she got back. Now I'm losing my family and my mind. I don't know what to do.",relationship_support
"I've never been able to talk with my parents. My parents are in their sixties while I am a teenager. I love both of them but not their personalities. I feel that they do not take me seriously whenever I talk about a serious event in my life. If my dad doesn’t believe me, then my mom goes along with my dad and acts like she doesn’t believe me either. I’m a pansexual, but I can’t trust my own parents.
I've fought depression and won; however, stress and anxiety are killing me. I feel that my friends don't listen to me. I know they have their own problems, which I do my best to help with. But they don't always try to help me with mine, when I really need them. I feel as if my childhood has been taken from me. I feel as if I have no one whom I can trust.",sadness_low_mood
"I have been with this guy on and off for 8 years. At first, we used to do things together and our sex life was ok. Then things started to change, we'd break up and reconnect, and he cheated on me numerous times.  We've also had two beautiful baby girls during this time. Now we argue and he says I am not affectionate at all or I don't know how to please a man, when I work part-time, take care of a 2 year old and a 5 month old and cook. Sometimes he cooks, but he also spends a lot of time on the internet. In addition, I have 2 boys and he has 1 son. I feel somewhere I have lost something. It's not that I don’t care, I truly love this guy, but I'm just tired of being the one who is always being judged. Please, I am in need of a Christian counselor to help us because I really need to speak to someone.",self_care_coping
"I’ve known my boyfriend for several years. We were friends for a long time. In 2013 we started a relationship, and he even asked me to move in with him since I lived out of state. I planned to move in with him in 2014 after I finished school and he found a job. However, during this time we had a few arguments and broke up with each other for a short period of time. We decided later to make it work. Shortly after, I found out that I was pregnant. I wanted to tell him during his next visit. However, he never came to see me and instead asked me for money. After I gave him money, he quit answering my phone calls and texts. 

Soon after, I experienced a miscarriage. I texted him about what had happened, and he didn’t seem to care. I was extremely hurt by this. I still decided to move back as I had originally planned. He helped me with the move and replaced the money I had lent him. During this time, I asked if he wanted to be in this relationship because I needed to know. Although he says he did, I hardly ever see him. He never got a job, which was in the original plan.  

After that, we both started seeing other people for a short amount of time but once again got back together. Once we got back together, I cut all ties with the former relationship I had been in. I thought he had too. But I found out that he did not attempt to do as I did and was still talking with another woman. In fact, he had even sent inappropriate pictures to her. When I confronted him about this, he wasn’t apologetic. He said that he only did it to get even with me and was actually mad at me for looking through his phone. He even closed his car window on my finger and tried to throw me out of his car. I don’t know what to do.",relationship_support
"I've been married for 3 years and I have two kids. During my 3-years married, my husband cheated on me twice.  The second time really got to me and at my lowest I hurt him back. We aren't communicating as well as I would like. What do I do?",relationship_support
"I have been with my husband for almost 7 years. We got engaged a little after 5 years of being together. I had always been clear that I wanted to get married and I sadly would drop hints about how i wanted him to propose. 
When he did propose it was during a random vacation that I had planned. I was happy but I couldn't help feeling disappointed too.
I had told him numerous times before that I wanted him to do it in front of my friends and family. I know it sounds dumb to be upset but I couldn't help how I was feeling.
We are now married but the wedding and ring were also far from what I wanted and it wasn't due to lack of funds.  I know this is all material and the marriage is the most important thing but I cant help but get jealous and envious every time I see someone get a proposal or wedding that I had wanted.
I cant help my anger because I know we only get one proposal and one wedding. What I wanted will never happen.
I have been working on my feelings for the past year and half to get over it. I try to focus on our marriage but every time I see someone have the best proposals and weddings I get upset.
I know it is selfish and I know its petty but I just can't control it. It's ruining our relationship because I constantly think about it. Plus, I get mad at him for small things because I am trying to hide the fact that I am so disappointed. 
Why can't I move on?",sadness_low_mood
What can I do to stop grieving my mother’s death?  When I am awake I just cry every day. I don't have anyone to talk to. I need help; I am still cry over her.  Will I ever stop crying? It’s been 3 years.,self_care_coping
"I'm having issues with my relative. The police never believe the experiences I have been through because I am only a kid. 

I've even had trouble trying to reach a therapist because I said I wanted to get an adult to help me. Could you please give me advice?",self_care_coping
"I have been with a guy for 4 years,  he's a great guy and we also have a son together. The problem is that I'm in love with a guy that I've been talking to for about 2 years but I've never met him in person. Honestly I'm bored with the relationship I have with the first guy and he makes want to go after the second guy, I don't know how to tell him that. What should I do?",relationship_support
My boyfriend can't get over my promiscuous past. He says he loves me  but says the thought of my past is disgusting and a sexual distraction. He says he should have had more sex with different people. I don't know how to handle this.,relationship_support
"My dad refuses to acknowledge my anxieties about going to parties, dinners, etc. Whenever I have an opinion it gets shut down. My mom and everyone else behaves likewise. For my father who heads a company, this is normal. He has to be right all the time. He blatantly refuses to even try to see it from my angle. 

Recently however, it's been getting to the point where I feel pressured and unable to speak my mind. It isn't possible for me to get professional one-on-one help. He tells me to grow a pair and get over it. I recently have been developing more severe body image and self-confidence issues, which I have had all my life. I feel invalidated by my dad.  I have been more paranoid lately as well. I can't turn on location services anymore on my phone because of a past incident. He makes me feel guilty about it.  I feel rather worthless more often than not, unfortunately.  What do I do?",sadness_low_mood
"Hello, I have a cousin in my family who has been making me feel belittled, insecure, and frustrated during her stay here in the city. I know she comes from a place of love, but she has always been short-fused and highly temperamental if something doesn't work out the way she planned it. I have tried my best to coordinate plans with her, but she always ends up frustrated about the lack of communication I seem to have on my part and then makes condescending comments about my character that include: inconsiderate, negative, oblivious, and self consumed. 

I have tried to talk to her openly about this, but it always comes back as an attack on my character and I have never heard these comments from anyone else before. I have been thinking a lot about her comments and whether I truly am an inconsiderate person who is not thoughtful, spatially aware of surroundings/people, or positive, but in the end, I am feeling awfully hurt about how this has affected our relationship. 

What can I do?",self_care_coping
"I have a child with my baby mother. She works I take care of our young son. She says she is not cheating I have not found anything but she always putting me down, telling me to get out and telling me she doesn't love me, but then the next day after our fight she says she does. I'm having a hard time because before our child she said she was raped by a family member but she never went to the hospital or the cops. Now me and my family don't talk. She's always telling me I'm annoying and just belittles me. Nothing I do is right.

She says I work you watch the baby. On her days off she never cooks or cleans. I have no friends or family and a couple months ago she was confiding to some guy, but says he's not any thing to her. What do I do? I don't want to leave.",self_care_coping
"I don't know what's wrong with me. At times I can be really happy, excited, I'll talk fast, and I want to do things. But lately I've been staying up way later and sleeping too much. I don't hang out with friends, I don't really have them. I feel nothing, worthless. I want to do nothing, I have no interest in anything. 

All I usually do is stay in my room. I want to be happy, I want to be nice. What's wrong with me?",sleep
"My last relationships have ended horribly. They just up and abandoned me. One of them I have never gotten closure with over it, leaving me emotionally wrecked. I know something's wrong with me but I don't know how to even start trying to better myself.
I get into these depressed like states whenever anyone I care about is too busy to be with me. I know that I shouldn't act like that because people are genuinely busy, but I feel like they're doing it just because they don't want to be around me.",overwhelmed_identity
"I've been with my boyfriend over 3 years. He cheated on me and the woman is now pregnant. He is physically and mentally abusive towards me. I have attempted to talk with him in order to resolve our issues; however, he never wants to talk and often blames me for everything.
I’m always there when he needs my help. He tells me although I help him doesn’t mean that I am a good person. He always discredits me as a woman and it’s hurtful. I spend most day crying and feeling lonely. I am unhappy and unsure of what I need to do.",sadness_low_mood
"I started dating a guy I met online. He told me that he registered sex offender but he didn't do anything. He took a plea to always register as sex offender and he did two years. That was more than two decades ago. Nothing on his record since.
I always believe the past should be left in past. But my roommates, their family and my son are unforgiving. Should I forgive this man that I'm falling in love with or should I dump him? If I stay with him I will never see my family and granddaughter again.",relationship_support
"A few nights ago I talked to this girl I know about my self esteem issues for the first time. We talked for hours and she told me time and again that I was a great guy. She told me I was attractive, and have a great personality, etc. I really started to feel better about myself by the time I woke up the next morning.
Now, though, I can't stop thinking about her, but I leave to go back to college in a few days and I go to school 4 hours away from her. So now I feel constantly depressed because even if I told her how I felt it wouldn't matter. I feel helpless and I don't know what to do.",overwhelmed_identity
"I am married to a beautiful lady. I love my wife with all my heart. We have 3 boys and I have a daughter from a previous marriage. We also have 3 grandchildren.
Now this event is tearing us apart. I want our family to be together and happy. It was a mistake from so long ago. My wife wants to leave and I don't want that to happen I love her so much. Please help me save my marriage. Even my 3 boys want us to work it out. They love us both and want our family together. Please give me some advice or hope. Sincerely heart broken.",self_care_coping
"My wife and I are newly married, about 2 months. We've had some issues surrounding sex, particularly her lack of libido. She's on an anxiety medication, of which diminished libido is a side effect, but I think our issue is also partly one of a lack of intimacy/romance centered around my hectic schedule. Our sex life has suffered as a result.
Tonight she made a genuine effort to let me know she wanted sex, which is a big deal. Once things started, she had the most obviously fake orgasm I've ever encountered. I was honest with her about why, and told her that the most important thing to me in sex was knowing that she was legitimately enjoying it. She responded angrily with a complete denial of the faking. I don't know how to broach this subject and have an honest conversation. I think she will continue to lie to me about faking it which will cause our sex life to spiral further. Please help.",anxiety_worry
"I'm always told I'm not good enough or trying hard enough. I put 100% in to every thing. I'm worn out, I've worked on all of my family relationships, I'm doing great in school, I'm kind to those in need and otherwise. I stick to my religious beliefs and leave room for mistakes and learn from others so I don't have to make as many and the ones I do I learn from. 
Somehow it's still not good enough and nothing I do works. Nothing has changed, and I feel hopeless. Any suggestions or ideas?",sadness_low_mood
"He's been losing feelings and he doesn't know why. I love him very very much. He sometimes thinks I'm obsessed when I'm not at all. I give him his space and I make sure he's okay but  sometimes I think if me and him saw each other more it would be better?
I truly want me and him to get better, it's kind of hard not to stress about it, because the love of my life is losing feelings which is a sad feeling. He's a great guy! I just don't know why he's been losing feelings towards me. He's starting to put less effort in talking to me.
At this point I'll do anything to just make us better as a couple. I tried talking to him but he doesn't like talking about it much. Advice on what to do?",self_care_coping
"We kissed and he grabbed my boobs and we exchanged some texts and a few calls. It went on for about 8 months. Just when we were all together and our spouses were out of the room. Once I met him for lunch to tell him that we needed to stop. We ended up kissing after lunch and then I sent him a few more texts that day telling him I was serious and that was the end of it. His wife (my good friend) saw us kiss once and told my husband. I told him a couple of things then and we got over it.
A year later she told him a couple of other things. Same story. It's been about 3 years since. They are now divorced and my husband and I have been happy. A few weeks ago the wife called me and said that her now ex told her more stuff we did. I decided to just tell my husband everything. We are trying to work things out. But he is having a really hard time believing that he knows all of it. How can I help him believe me?",relationship_support
"I feel that I need to end my present relationship. He lives three hours away and likes the reassurance of having someone to talk to multiple times per day and seeing me once or twice a month.  I want someone who is more present and more of a life companion.
Lately, he has had a very busy work schedule and I have only seen him a few times in the last 6 weeks. I told him that I can't continue in this way because I constantly feel frustrated and angry and that he is not making the relationship enough of a priority. I also feel it is keeping me from possibly finding the relationship I want.
We have been together 7 years. The problem is that I panic and experience anxiety and depression thinking of him with someone else and then thinking I will never meet someone I like. We have gone through this cycle already 4-5 times and I feel it is unhealthy to stay in it, but my aversion to the anxiety and depression I experience upon separation always leads me to reconcile.",sadness_low_mood
"I know someone who is extremely sensitive to stress and very sensitive to a negative tone of voice. Sometimes during a disagreement he tells me that my communication is having a harmful impact on him. Once he believes I am being negative I can't seem to find a better way of communicating. In fact, it is often a self fulling prophesy because his accusatory manner becomes unbearably frustrating. 

What advice might you offer?",self_care_coping
"My girlfriend's grandma passed away 5 months ago. They were very close. She took care of her till she died. Things kinda returned to normal few weeks later. Last month it feels like we hit a brick wall. Intimacy fell off. I asked what's up. She says she can't connect with anyone and that it's not me. She used to be very open and expressive. Now she gives short answers and has no interest in sex or any touching.  When we did have sex in the last month, something felt really off. Now I'm very insecure about us and have thoughts of her cheating. She says otherwise, but I don't know. It just feels like something is really off.",sleep
"I'm in a relationship with my fiancé and I currently found out that she's been cheating on me with a co-worker. I was very upset none the less. I understand what she did was wrong, but I want to spend the rest of my life with her. So I'm willing to forgive and move on. We have been together for a little over 9 years, and we have a son. At the beginning of our relationship, I was unfaithful and she caught me cheating. She forgave me for what I've done to her and since then I been completely faithful. I'm worried about our relationship and want to move forward  but its been very unsettling. All I can think about is her with another man. I don't know what to do or where to go for advice?",self_care_coping
"My doctor thinks that seeing a psychiatrist will help with my depression and anxiety.  Now my anxiety is worse, what do I do?  Writing on here has taken every bit of strength I have left.",sadness_low_mood
"Sometimes I can't stop thinking about life after death. I was raised in a religion that teaches that we will live on forever either in hell or in heaven. 
When I think of living forever (even if it is in heaven which should be good), I feel overwhelmed. I don't like the thought of living forever and ever and ever. Sometimes I just can't get the thought out of my mind and the thoughts lead to panic and anxiety. 
Am I crazy? I don't think these thoughts are normal.",overwhelmed_identity
"She was raised by her abusive father and his wife. 30 years ago I shot and killed my rapist and was convicted in Louisiana. I lost custody of my daughter and served 5 years. When I was released, she was 5 and didn't remember me. Many many sad memories came from my having to leave her visit after visit, having to leave her in Texas to travel back to Louisiana. She doesn't remember that. I do.
Over the years, I thought we had developed a close mother daughter relationship. She gave me good reason to doubt that on several occasions but especially last year. I have been cruel to her verbally and to my son who I met years after giving him up for adoption. Last night, I was angry at the world and afraid of God. I drank and cussed out a maintenance worker for not doing his job 4 months running. Now I'm not only feeling guilty for that but afraid of being evicted now. Help.",overwhelmed_identity
"My therapist is gay so there are no sexual issues here. However, my therapist for six years has made me believe that he cares about me and that we are friends. I have loaned money to him many times, and he always paid me back.

I had a medical emergency last weekend and I was heavily medicated. I knew that this therapist came into my home and wrote down my credit card information so he could pay back what he owed me, but this therapist dropped me off and never came again.  I don't know what to do.",sadness_low_mood
"I found messages between my boyfriend and this girl on social media. He was asking her for naked pictures and then hung out with her once, but nothing happened.  I didn’t find out about the messages until last month and that was six months after it happened.  I can’t trust him anymore and I'm just wondering if I ever will. He admitted that he wanted to have sex with her but he didn't. He was only talking with her because he thought we were going to have a break up. My heart is completely broken. I feel like I'm in competition with every girl on the planet for my boyfriend’s affection. I'm afraid that he doesn't like me anymore, but without me he's homeless and without a car. I love him so much. It's been tearing me apart. I don't feel pretty anymore though. I don't feel good enough for anyone or anything. I thought I knew him as well as I knew myself. Then all of a sudden my world was flipped upside down. I'm still trying to figure out which way is up.",overwhelmed_identity
"In 2008 my former husband of 14 years walked away from my life and we've been separated ever since. We have always been together sexually and both have experienced sleeping with others.  I stopped because I wanted my marriage to work out but he did not.  If he stops sleeping with other women, can our marriage be saved? Or should we just part ways?  I still care deeply about him after all that I did and he has done.  But he is seeing someone else on and off for years now.  Will our marriage still be saved if he decides that he wants to try to do so?",sleep
"I was married to a narcissist sociopath for 10 years.  During that time I was a general manager.  I used to help him financially and in other ways when we were together. But things began to change.  He emotionally and sexually drained me. I lost my spirit. I used to be a very happy person but now I am a loner.  I left him and moved to another state.   Currently, I'm working as a server which makes me believe less in myself. I feel pity for myself a lot but don't know what to do. When I have money problems, he does not help me.  He actually enjoys seeing me have a hard time in my life.  I need help.",self_care_coping
"My boyfriend says I'm nuts. I need to get help because I get an overwhelming feeling that he is cheating on me.  Whenever I try to talk with him about it, he always turns it around on me by telling me what I'm doing wrong. I know that accusing him does not help.  When his whole demeanor shifts towards me, I can't help but think that something is wrong.  Am I wrong for feeling this way?  I try to talk with him to make it better.  I let him know when I am feeling down. But I am not confident in these things. 
Two weeks ago a girl texted his phone 3 times trying to hook up with him.  He texted her back with ""Sorry, I've been working.  I just read your message."" The girl was trying to get him to call her at a time when he was at home with me.  He texted her back with ""Don't text me anymore.""  I don't feel like I am way out of the line. But I can't talk with him if all that he will say is that I'm crazy and I need help.  What should I do?  How will I go about checking if there really is something wrong with me?",overwhelmed_identity
"I am having a problem with extended family members who are inappropriately urinating in my home. They are peeing in cat litter boxes, bottles, and directly on floors and in corners of my house.
Is there any literature that supports why such adults would behave this way? This is not a joke. I am trying to understand.",relationship_support
"Tonight, my husband seemed to put our son down through an incorrect approach. His approach was perfectly wrong. I found myself defending my son. I told him that what he did was not the way to encourage our son.
Instead of watching my husband’s harsh behavior I decided to sit beside my son and, together, we worked on his science assignment in order to encourage him to study. My husband got upset and he was swearing at me. He threatened me. I knew that he was not joking. His words scared me a lot!",overwhelmed_identity
"How do I ever trust another woman? I have found myself constantly reading between the lines with every other woman that I meet. I am having a difficult time making any sort of connection to anyone because of her deception and willingness to say and do literally anything in order to control my emotions.
Once the ""relationship"" was over, she became extremely abusive and has attempted to intimidate me into silence regarding the many false claims made on her immigration application.",overwhelmed_identity
"I am currently living in a hotel and I don’t have a family.  I met a guy a month ago.  He is a bisexual.  He has a lot of gay friends on social networking sites. He would not help pay for the room.  When I asked for the TV remote control, he threw it elsewhere and asked me to get it. I slapped him and asked him to leave my room.  We recently just got back together.  One time I was sick.  He came to visit and feed me but left no money.  Then he texts me and brags about his house and car knowing that I have struggles living at a hotel.  He says that he has a whole house where he can put me in and orders me to text him whenever I need someone to have sex with.  He left his bath soap so he could come and get it.  I think that he is trying to find a way to come back.  Please help me.  What’s going on?  I am a good, loyal woman.  Why is he treating me like this?",relationship_support
"I’m a senior high school student. I’m also five months pregnant. I got pregnant by my boyfriend of three years. My parents don’t want us to communicate with each other. He can’t even come to visit my gynecologist. My mom goes to attend all of my doctor’s appointments. She’s supportive of me. I wish, though, that my boyfriend was next to me and be able to see his daughter on a sonogram, at the very least. My family does not understand that he deserves that much. I cry all the time because I feel lost and hopeless.
I need guidance and I believe that you can give it to me.  Am I wrong for wanting him around? Are they right for keeping him away from the appointments and not letting us communicate with each other even though we are the parents? I do everything that they ask of me. I just want him to be around. When I ask my parents to let him be here, they call me a selfish person. Please help me.",overwhelmed_identity
"I have been with my boyfriend for more than a year. He recently got a new job and travels a lot. I’m not used to him being gone all the time. I feel as though he has forgotten about me because he does not talk with me as much and doesn’t keep me up to date on everything that he does throughout the day, which he used to.
I feel lost, sad and unwanted. This is really a tough new challenge. I just want to break up with him, but I love him so much. I don’t know why he is acting this way lately. I believe I have separation anxiety. Is there anything that I can do to help me cope with this while he is out of town?",self_care_coping
"Current medications are: topamax, ativan, brintellix, lamictal, restoril, abilify, tx: long term dbt, cbt",sleep
"I am currently suffering from erectile dysfunction and have tried Viagra, Cialis, etc.  Nothing seemed to work.  My girlfriend of 3 years is very sexually frustrated.  I told her that it is okay for her to have sex with other men.  Is that really okay?",relationship_support
"I am constantly having problems with the same two people who will always be in my life. I had a daughter with my ex-boyfriend. I am now married, and my husband’s ex-girlfriend is involved with my ex-boyfriend.  They also have a daughter together. My issue is that there is always drama. I am pregnant, and I told my ex-boyfriend that I don't want any drama or arguments. I want to get along as much as possible, and he agreed. However, we just had an incident where my ex-boyfriend started discussing drop-off details about my stepdaughter. I told him that he needed to ask my husband because I can't make decisions about my stepdaughter regarding the matter. That led to an argument. I told him all my concern is when I pick up my daughter. My stepdaughter’s pick-up details are between my husband and his ex-girlfriend. I especially told him I didn't want to be involved. Somehow, he turned it around and then wanted to change the schedule we agreed on. He threatened me and got ugly because I wouldn’t discuss my stepdaughter’s matters with him.

The point is there is so much drama. I try my best to get along with everyone. I don't understand where I went wrong (besides replying back to his question). I feel like I'm going crazy because this is a constant battle where everyone’s frustrations are taken out on each other, and it's the children that are hurting. I had a party planned for my daughter’s birthday, and my ex-boyfriend told me to cancel those plans because he wouldn’t let me have her. In my eyes, it’s the child that is hurting. I was throwing a party for her birthday, and because of the problem with stupid pick-up details about my stepdaughter, which I have no control over, he took it out on our daughter.",relationship_support
"Every once and a while, I think about my ex-boyfriend from four years ago, and my current friend. It’s like I can't get past it, and I need some kind of closure. I keep thinking about how we had something, but it got cut off due to parental intervention. Nothing was ever wrong with it. Now we've become friends, but there's this huge sexual tension between us, or at least I feel it when we're physically in the same place.

Two summers ago, we saw each other casually for a while, but we never had sex then or while we were dating, which was only for two months three years ago. I'm now in my 20s, and my current boyfriend is amazing and in his 30s. Despite the age difference, I know we're a really good match. We've never really fought and are able to make compromises and talk everything out. I tell him everything. Also, my ex-boyfriend has a girlfriend now as well. He’s been seeing her on and off for the past two and a half years, besides when they broke up and we had our casual thing. That summer, I told him I didn't want anything serious and broke it off. Only a week later, he had gotten back together with his girlfriend. His girlfriend is kind of mean spirited. I'm sure she may be different around him, but I worry about him committing to her in the long run. They're supposed to move in together soon. But still, I feel this connection with my ex-boyfriend, and I feel like he does too. 

I don't know what to do. I need some closure or I'm not going to be able to move on from this. I don't know what it is, but it's driving me crazy. I’m so happy with my current boyfriend, and I know he will do everything in his power to make my life beautiful and fulfilling. He’s such a good person. I also know my ex-boyfriend smokes marijuana and does other things, but I can't get it out of my head. I'm trying to take a nap right now between classes, but I can't sleep because my mind is racing. I've never been so hung up on something for this long ever.

I want to just talk it out with my ex-boyfriend, but I don't know if that's a good idea because of the possibility that it could blow up in my face. If he told his girlfriend, everything could go wrong because she hates me. If my current boyfriend knew, he would be crushed. On one hand, I want my ex-boyfriend to say no to having feelings for me, but I would be terrified of what to do if he said he has feelings too. Where would I go from there? On the other hand, I feel like I can't move forward in my relationship with my current boyfriend without closure from this. Sometimes I wish I could just cut off everything that had to do with my ex, but I don't want to.

Please help me, because I really have no idea what to do.",sleep
"I find myself crying over every little thing, like dropping a glass of water. Today, I got out of the shower and noticed that I had forgotten a shirt. I instantly started to cry. When I made it to my room, I began to shake a little, cry more, and I begged for it to stop.",overwhelmed_identity
"My wife is trying to leave. She agreed to come back and give me a little time. Even said she hopes I can do it. We buried our first born in Jan 13 years ago. She never got past it. So every year around this time, she gets emotional and says she doesn't think she loves me, but then we go back to normal.  This time, another guy came in and showed her attention. I'll forgive the cheating if she'll come home.",relationship_support
"I've worked with this guy for about three years now, and I knew the first time I saw him that I was attracted. Over time, he became a very dear friend, and we talked about our relationship problems, family, dreams, and so on. There was always flirtation with us, and one day pretty recently, it progressed to making out. We agreed to keep it quiet, and we did, but in the back of my mind, I hoped it would become something more. It didn't, and three months later, I'm still not over it.

I'm trying so hard to maintain the friendship because that's what he wants. We're no longer in the same office, which I thought would help me get over these feelings, but we still talk about work, and he's constantly touching me, so I'm still very drawn to him. He's a hugger and such a sweet guy, so I find myself fantasizing all the time about what could have been and what could still be, but he's clearly not interested. He's younger than me and prefers model types, but I see him checking me out a lot, which gives me hope. How do I get him out of my system and still maintain the friendship?",sleep
"I am in high school and have been facing anxiety issues lately. Whenever I get close to being in a relationship, some kind of anxiety takes over and keeps me from the relationship. This anxiety causes me depression at times and even makes me want to vomit. While a semi-relationship should be joyous, for me, it’s an emotional nightmare I can’t get to the bottom of. I’ve had this before and had to leave the semi-relationship to avoid throwing up every time I made contact with my crush. What could be the reason behind this? Is it massive nerve problems? Is it a fear of a bad relationship?

While I’m not quite ready to be in one anyway, I want to get to the bottom of this for a brighter future in which I can be in one. I don’t take medications and have no desire to, I have read forums, and I’ve talked about the issue with my sister who has faced similar problems.",sadness_low_mood
"I have lately been having lots of anxiety and self-loathing about the fact that I am a young adult virgin girl who has never had a boyfriend before. It seems like everyone my age has already had boyfriends by now or are not virgins anymore, and I just had my first kiss five months ago. I’m worried that, at this rate, I won’t have a boyfriend for a very long time. The problem is that I want to lose my virginity to my first boyfriend who cares about me, but at the same time, I don't want to be waiting forever in order to experience sex. I have already given in to bad temptations by hooking up with random strangers on social media sites and having oral sex with them. Luckily, they were nice guys, but none of them wanted a relationship with me. I feel dirty by doing this, but I feel pressured to do this things in order to seem normal.

Most people are surprised when they find out that I am a virgin or never had a boyfriend because people think I am really good looking. I am tall, I play lots of sports, and I get excellent grades in school. I am in my first year of university right now, and no guys have approached me to go out on a date or showed any interest. It bothers me. Most of the people in my family have been in relationships at my age already. I feel like I will be single forever sometimes.",sleep
"About two and a half months ago, I met a woman on a dating site. We went out on two dates, and then despite her original plans on how to pace and conduct the relationship, I ended up at her house on a the Friday night one week after our first date. We respectfully tried not to have sex, but after hours of trying to resist each other, we gave in and we had sex. After that, I slept at her house every night for almost two weeks. Then one day, she went to her family’s house on Thanksgiving and everything changed. Within the short time we were together, we got so close and serious really fast. We had finally found each other. We told each other that we loved each other all the time, even while we were making love. A few days after Thanksgiving, she told me that we would have to go back to her original plans of seeing each other much less frequently. I was very hurt and didn’t understand. Then another week later, she told me she couldn’t do it at all anymore. I was crushed!

A few days later, she tells me how much she’s missing me and “let’s get together for lunch” or something like that. Then about two weeks later, we finally get together one night and we were so hot for each other (in love, not just sex), but she confessed that the reason for the sudden distance was that the father of her very young child told her he wants to get back together and this totally messed with her. So for her child’s sake, she is now considering the possibility of allowing that to happen. She had told me all about him previously, and it is definite that she has little to no attraction to him, but she would do this putting herself in misery again for her child. Our love for each other is fully established and acknowledged, but she is torn and confused. She doesn’t even think it would work between them as she had to kick him out before for not fulfilling his role properly. I know she needs time, and all I can do is take care of myself. We have agreed to remain friends, and if this doesn’t work out for her, we will try again. I’m completely in love with her, and I’m in extreme pain.",self_care_coping
"An organization admitted to implanting thoughts in my head with technologies. The study was to implant a fantasy other people are having, but to me, it's a nightmare. I lost my kids, my job, and all that. I was an unwilling participant. I no longer trust a therapist.  I'm too afraid to go under hypnosis or anything.",overwhelmed_identity
"I'm an early 20 something year-old virgin, and my boyfriend is in his early 20s with kids. He's cheated on me twice: once in the beginning and then four months ago. He wasn't use to dating a virgin and broke up with me three times because he wasn't sure. We both work at the same job (where we met) and it’s with the girl that works with us. I've been trying to get over it, but now my confidence and self-esteem are low, and sometimes I feel like he’ll do it again or that he's not ready to be with me. I think about it all over again when I see her. He says he's in love with me, and with the last time he cheated, it didn't feel right, and that's when he knew he had to stop because his feelings were for me. He's contacted her and told her he will not communicate with her because he's in a relationship with me.

How do I gain confidence? Should I let him go? If I let him go, I don't want to be sad about it being that we work together. I try to tell myself I'm beautiful every day, and I think I am a pretty attractive female with a great personality, but I don't like the fact that she works there.",overwhelmed_identity
"I've been with my husband for eight years now. We have split twice before, and the first time was because he cheated. I took him back months later, and he really tried making it up to me by making a lot of changes. However, we continued to have issues because of my lack of trust. My insecurities and trust issues lead to physical abuse, which lead to us separating again. During that separation, he consoled himself by talking to the same girl he cheated on me with. But we then ended up back together and worked it out for a while until I got pregnant with our second child.

The baby was a few months old, and he confessed to me about his secret relationship with her. He told me how he could never stop talking to her and how, during our issues, she has been and is the only women he's gone behind my back with (but on a friendship level because she's miles away). He confessed how he fought feelings for her and feels like he's possibly in love with her too. He said he feels like he's in love with the both of us now because this women has fallen for him, and she hasn't been able to leave him alone since. Even though she knows that he's still with me and happy with our family, she can’t help it, and he confessed how his feeling for her are mutual. Being that he loves me too, he wanted to be with the both of us at the same time. He wanted to have affairs with her behind my back by flying her out and staying at a hotels, but he didn't want me to find out, so he told me everything. He said he didn't want to continue to lie to me and so I can finally stop accusing him of being with other women when it's only been this one girl the whole time. He feels like my insecurities and trust issues are what pushed him closer towards her, and that no matter what he did to do right, I would still accuse him. He's caught up in his feelings and pretty much says that he wants her but doesn't want me to leave him because I'm the one he wants to be with for the rest of his life.

I'm of course hurt and in shock. I feel like I have to make a decision on whether I want to allow it and deal with having to share him or walk away. Both of these decisions are really hard to make because I feel like whether I stay or go, my heart will still be torn apart. I have to make a decision quick because she will be flying out sooner than I thought.",sleep
"From the moment I wake up, I hear what I think is my voice in my head. Even now, I hear it saying every word I’m thinking. When I lay down to sleep, I think of weird and crazy things, and the voice will never stop talking. I don’t know if it’s me thinking. It never stops. I’ll lay in my bed for hours just thinking about weird stuff. I should mention that I talk to myself a lot: mostly in my head, but out loud as well.",sleep
"I'm a female freshman in high school, and this question is for my male best friend. At the start of freshman year, we dated for about a week before his parents ended it because they said he is too young to date. He has been dating a really sweet senior girl for a month or two. I have nothing against her except for the fact that she has Tim's heart. He is convinced that they are in love, and maybe they are, but I don't really believe him. 

Lately, Tim had been expressing concern about what is going to happen when Sally leaves for college at the end of term this year. He's been asking me to help him with Sally and what girls like to show her how much he loves her. But he's also been thinking about breaking up with her just so they won't have to deal with it when she leaves. He seems really torn up about it, and I want to know what to say to him and how to help him once she leaves. 

He knows that I still crush on him. He doesn't rub it in my face. He's a good guy, but I want to actually help him out and recover before we think about maybe another relationship between us. How do I do that when the time comes? How do I support him and show him that I'm here without wanting to hook up? How do I make him feel better? He is convinced he's never going to be able to love anyone ever again, which I think is ridiculous.",relationship_support
"I'm a young adult woman, and I have trouble finding my true identity being at home. This all started when I had a boyfriend about 10 months ago. My boyfriend and I were dating for a couple months and decided to get in to sexual acts. At the time, I was pretty religious, but I let this happen. I don't know why. I felt kind of guilty but mostly because I know my parents wouldn't like it. My parents are very religious—they're Christians. We did things every time he'd come over to my house. We didn't have anything to do at our house, so we would get tempted to do things when we'd watch movies by ourselves.

One day, my parents found out I did this stuff with him because my dad read my messages. As soon as my dad found this out, he told my mom. They were both aggravated. They told me he was just a boy that wanted to get inside my pants. They said he wanted me for sex and he's not a Christian. I took their advice and broke up with him. Once we broke up for about a month, I decided to get back together with him a little after school started. My parents found out eventually, and I decided to not listen this time. I would constantly talk to my boyfriend about what they say about him: how's he's not the right one for me, and God totally forbids him. I would kind of try to break up with him, and then eventually I would just never listen to my parents. They're always yelling at me about how I shouldn't date this boy. I felt too old to listen to them. Now I'm kind of just stuck. Is the real me religious? Have I been brainwashed by him? I don't talk to my parents anymore about him, and my parents think I'm deceiving because of it. They threatened me that if I'm still with him, I can't do track and they won't support me. They've also called me slut, and now they called me basically a devil worshipper. They say my boyfriend is taking me away from my parents. I'm actually very happy with him. They also say I'm living a separate life at home than I am at school. They say they want what's best for me and love me because they adopted me.",self_care_coping
"Me and the father of my child have been dating for a year. We had a big argument and at first he wanted to work it out. But with time he started asking others and they told him to leave me.
Now he wants me to wait on him to mature. He wants to talk to other people. Then come back in four years. He doesn't want to deal with me while I'm pregnant. He doesn't take me to the doctor or anything. I feel alone.  How do I handle this situation?",relationship_support
such as not enough sleep,sleep
"I feel like I was born in the wrong body I feel like I should be a girl not a boy
Ever since I was young, I have wanted to be a girl. I felt like what I was wasn’t me. I want to know what I can do about it. My family is against transgender people and don't want anything to do with them. I want to be “me.” I feel as if I'll be happy then. I don't look in mirrors, and I don't like my reflection. Recently, I have been taking things to help even though they were not prescribed. I know I should have this handled by a professional.",relationship_support
"Me and my adult daughter just do not get along.  She's very belittling to me when I don't agree with her. It's almost like she scolds me. We get into all out war. She's said I don't support her in what she does and that I've never loved her. She calls me horrible names, and she pushes my buttons to the point I call her names.",relationship_support
"I terminated my counseling relationship with a social worker several years ago. I am now realizing that I would like to begin counseling again.  The social worker’s voicemail message says that he returns calls in 24 hours, but he hasn't called me back. I called him on the weekend and made it clear that I want him to call me back.  Can he just ignore me?",relationship_support
"I always feel the need to impress people, whether it's my family, the people at school, or just random people. I know that no matter what I do or how I change, there will always be some people who hate me.  Why do I feel this way?",relationship_support
I have been having a lot of nightmares where I am being killed in different ways. I either wake up in a panic or just crying and sweating. It has made me terrified of falling asleep and is now affecting my daily life too.  Can I make the nightmares stop?,sleep
Is this something I should be worried about?  Should I do something about it?,anxiety_worry
I recently lost a friend to suicide.  I'm smoking marijuana and drinking more to cope with it. How can I handle this better?,self_care_coping
"I'm transgender, I know I am, but I've only told a few friends. I know I can't tell my family because of previous conversations we've had. They just wouldn't accept it.
My gender dysphoria is getting really difficult to deal with on my own. I need some strategies for dealing with it. What should I do?",relationship_support
I feel really uncomfortable when I have people's attention.  It makes me not want to talk in public or answer questions in class. Can I get over this social anxiety?,anxiety_worry
I hate everything I see in the mirror. I don't like being in pictures and always scribble out my face.  It's stressing me out. I don't trust my parents enough to tell them and I don't know what to do.,anxiety_worry
"I have no friends, no hobbies, and no interest in anything. I get annoyed with everything and everyone. I am always tired, i can sleep 8 hrs or 12 hrs and im still tired.  I don't know what to do. Is this normal?",sleep
"Ive been in an on an off relationship with a this man for almost 3 years. Even though I care about him, he continues to hurt me. 

He and his wife were separated when we met. Now he's going through a really difficult divorce from her and is taking it really hard.  I want to end this relationship, but I don't feel like I can. How can I let go?",relationship_support
"My mother has Alzheimer's and she has become so nasty and mean to everyone and she always asks for unrealistic, silly or meaningless items.  I get so frustrated and angry, but then I feel guilty because I know it probably isn’t her fault.  How can I cope with feeling like this?",self_care_coping
"My mother has Alzheimer's and I can see that she has lost some of her intellectual abilities.  Even though I know this disease is not her fault, I’m still finding it difficult to separate my own feelings of disappointment and frustration when my mom seems to ignore my opinions and wishes, and seems",overwhelmed_identity
"My wife and I got separated because I asked about her contact with a male friend of hers. The next day, she kicked me out.  She let me move back two days later. Yesterday, she said she wanted a divorce then quickly changed her mind. I asked if the other guy was a factor, but she says it's not my business.",relationship_support
My boyfriend and I have been arguing every night about the same thing. He also tells me that if I  go visit my mother out of state he will be gone when I get back.  He and my mother do not get along. What should I do?,relationship_support
"After he got home from the hospital he was angry, then for a time wonderful.  Now he is depressed and hopeless again.",sadness_low_mood
"My boyfriend  and I have a toxic relationship due to his emotional and verbal abuse but he makes me feel like I could never find someone better, and that I can't be happy without him.

How do I get away from this relationship?",relationship_support
"I just took a job that requires me to travel far away from home. My family and I really need this job.

People keep telling me I have ""anxiety"" and I'm terrified of having an anxiety attack on the road. This is all new to me. What can I do?",self_care_coping
"On the first day of school I wore a bra that was too big so that it would look like I had bigger boobs.  I did that the whole school year and my parents never found out. But now I can never hang out with my friends at my house or invite them over because it would be around my parents and my friends would see there is nothing there on my chest. 

How do I fix this?",relationship_support
"I was with my friends fishing by a pond. I found a frog and stabbed it with my friend's knife. I'm not sure why I did it. My friends saw me do it it and were shocked and got really mad at me.

Now if someone brings it up I get really upset and panicked. I don't know why I feel like this. Does this mean there is something wrong with me?",anxiety_worry
"Over a year ago I had a female friend. She turned out to be kind of crazy so I decided to stop talking to her.  When she would call me I wouldn't answer the phone. This made my girlfriend really suspicious. She would ask me why I wouldn't ever answer that phone number. I told my girlfriend that I don't want to be friends with that other woman, but I don't think she believes me. How can I get my girlfriend to understand?",sadness_low_mood
"I have been married for 11 years. Within the past 2 years we have drifted far apart. We coexist together but there is very little personal interest in each other. I often feel that my husband has ""friends"" at work that he is more emotional invested in than me. I feel very alone and just uncared for.  Is there anything I can do to feel reconnected?",sleep
"I've been with my partner for 4 years. She's given me no reason not to trust her. But lately I've been overreacting a lot when she's just doing normal things. I think it's triggering my bad past relationships.

How can I get rid of these insecurities and be more trusting with her?",relationship_support
"I have a mother who is still running my life even though I'm almost 30 years old. I want to move out and live my own life, but it feels like as long as I do what my mom wants our relationship is okay. It's never okay if I don't do what she wants. 

I don't know how to start making my own decisions and not worry about  whether it's right in her eyes.  Would it help for me to talk to someone about this?",anxiety_worry
"I know I'm ruining my life with a lot of the decisions I make.  I consistently tell myself I need to make some serious changes in my life, but I just can't seem to even though I really want to. Why can't I force myself to change?",overwhelmed_identity
"My husband and I are separated and he doesn't even want to talk to me. 

He says he doesn't love me anymore, but I would do anything to get him back. Is there any hope?",relationship_support
"My boyfriend shows affection, but I just push him away.  Every time my boyfriend tries to kiss, hug, or touch me I almost always push him away. I'm on birth control and it has killed my sex drive. 

 I love him so much.  Why do I do this?",relationship_support
"My wife is always accusing me of cheating and telling me that I'm doing things she finds disrespectful even when I don't mean it like that. For example, she gets offended when I call someone at work ""sweetheart.""  I wish I had a penny for every time she accused me of cheating on her.  She doesn't, and never will say she was wrong. How do I get her to understand?",relationship_support
"My husband and I had our first threesome recently. Everyone was drinking and he was on her more then me. 

He and I talked about it afterwards and it made me feel better, and now I'm craving more of it. But before it gets close to happening I get this empty feeling. Why am I feeling this way?",sadness_low_mood
"We weren't long distance until he joined the military.  I love him and I know he loves, me but it's complicated. He said he's not going to find someone else, but I'm afraid. How do I keep our relationship going?",anxiety_worry
"I want to live with my mom. My dad gets angry and makes me feel like everything is my fault. I still talk to my mom although My dad tells me that I'm no allowed to. I'm scared I will make the wrong decision and that my dad will hate me. 

How do I tell him that I want to live with my mom?",anxiety_worry
"I feel so alone. I have so many people around me, but it seems as they just listen and dont understand.  They say it will all be okay, or they don't listen to me st all.  Everyone says they are here for me but it doesn't feel like they are. Why do I feel so alone?",relationship_support
We've been in a long distance relationship for two and a half years. I recently saw his phone and saw the people he texts the most and one of them was a  female coworker. I don't know how to approach this situation. How do I ask him about it?.,relationship_support
"Often times I find myself thinking scary thoughts and sometimes  I even scare myself into thinking that something bad is going to happen to me. Once it starts, the thought continues going through my head and I can't get it out.  How can I stop these thoughts?",overwhelmed_identity
"I'm 17 and I'm sick and tired of going back and forth. I'd like to stay at my mother's house. This problem has really affected me. I've had anxiety attacks and suicidal thoughts and self-harm in the past. 

Currently I'm going through anxiety and my thearapist is not available. How do I handle this?",sleep
My girlfriend just quit drinking and she became really depressed. She told me that she wants to move. What can I do to help her?  I want her to stay.,self_care_coping
"My dad makes me feel like shit and like I'm worthless.  He calls me names and makes me feel depressed.  I want to move out because I swear if I stay here, I'm going to lose it. What can I do?",self_care_coping
"My fiancé and I have been together for 3 years and our relationship has always been good. The only issue we had was that he felt like he wasn't getting enough sexual attention from me. 

I recently found out he cheated on me with another women.  He says he wants his family back but I'm confused on what to do.  Is it possible for us to get past the cheating, or should I just move on?",relationship_support
"I have high functioning autism and I have been on a lot of dating sites like meet me, match, and zoosk. I haven't had any luck on any of the dating sites I have been on.

 I really want a boyfriend but I don't know what I should do. I just want to be in a relationship. How can I meet someone?",relationship_support
"I love my girlfriend so much. I get an erection even just thinking about her or seeing her.  But the two times we tried to have sex I couldn't get an erection.  We've only had sex once and it was a long time ago. 

Why this is happening and what can I do about it?",self_care_coping
Every winter I find myself getting sad because of the weather.  How can I fight this?,overwhelmed_identity
"I've hit my head on walls and floors ever since I was young.  I sometimes still do it but I don't exactly know why, 

I have anxiety and I had a rough childhood but now I'll start to hit my head and sometimes not realize it but I don't know how to stop or even why I'm doing it. 

How can I help myself to change my behavior?",overwhelmed_identity
"I know that I need to get past my feelings for this person I fell in love with, but t's so difficult to move on because he showed me feelings I've never felt before. 

I feel like I don't  want to be without my genuine love for him, but logically, I know I need to be without him. I can't discuss this with anybody in my life because the conditions surrounding our love are considered  ""wrong"" by a lot of people.

How can I get myself to just move on?",overwhelmed_identity
"There is  just no communication at all between us.  She sleeps constantly all day (not at night).  She acts angry and unfocused and stays in her very messy room all the time. The only time she comes out is to eat. 

She has aches and fatigue, weight gain, hair loss and skin problems. She does not look after her health.

I don't know how to communicate with her.  She is not open to any suggestions. How do I get through to her?",sleep
"I know I need to deal with my depression. But I don't know how and I don't want to tell anyone. 

How can I deal with depression without telling anyone?",sadness_low_mood
"I am in my 30s with 2 kids and no job and I'm behind on the bills. I've been trying everything with no results. I feel like everyone else  puts their needs in front on mine. I give intil it hurts and I'm afraid that I'm going to fail my babies 

I've been struggling for 5 yrs in a relationship with no communication and no alone time. How can I get some support?",anxiety_worry
I've gone to a couple therapy sessions so far and still everytime I walk in I get nervous and shaky.  Is this normal? Should I still be feeling like this?,anxiety_worry
"I'm always listening to my husband, but it feels like he never listens to me. 

How do I get my husband to listen to me instead of me listening to him all the time?",relationship_support
"My boyfriend and I have been dating for almost 2 years. I've been really sad lately and for the past few months I've realized I'm just way too dependent on him.   It makes me really upset to be so dependent on someone else, but I can't help it. I don't even know who I am without him.

How can I be less dependent on my him?",sadness_low_mood
I'm  very depressed. How do I find someone to talk to?,sadness_low_mood
"My fiancé and I come from a strong Christian background but both went off the ""straight and narrow"" once before. He is having a hard time accepting my past, especially  that I'm not a virgin. He has a hard time in general accepting himself and others. 

His insecurities are hurting our relationship. How can I help him let go of my past and decide to live in the present?",relationship_support
"My dad doesn't like the fact that I'm a boy. He yells at me daily because of it and he tells me I'm extreme and over dramatic.

I get so depressed  because of my dad's yelling. He keeps asking me why I can't just be happy the way I am and yells at me on a daily basis. Is this considered emotional abuse?",sadness_low_mood
"I have a friend that who I used to be in a relationship with. It was brief and turned into us being just good friends.

I spent the weekend with him and  it upset my boyfriend. Was i wrong?",relationship_support
"I don't know how else to explain it. All I can say is that I feel empty, I feel nothing.  How do I stop feeling this way?",sadness_low_mood
"I'm dealing with an illness that will never go away and I feel like my life will never change for the better. I feel alone and that i have no one. 

How can I overcome this pain and learn to be happy alone?",relationship_support
"I am in my early 20s and I still live with my parents because I can't afford to live alone.

My mother says that if I live under her roof I have to follow her rules. She is trying to control my life. What should I do?",relationship_support
"I'm concerned about My 12 year old daughter. 

About a month or two ago she started walking on her toes, as well as coloring and writing very messy. This all happened very suddenly. She has never walked on her tiptoes and has always colored and written very neatly. 

Is this something I should be concerned abou? Any advice will help.",self_care_coping
"A few years ago I was making love to my wife when for no known reason I lost my erection, 

Now I'm In my early 30s and my problem has become more and more frequent.  This is causing major problems for my ego and it's diminishing my self esteem. This has resulted in ongoing depression and tearing apart my marriage. 

I am devastated and cannot find a cause for these issues. I am very attracted to my wife and want to express it in the bedroom like I used to. 

What could be causing this, and what can I do about it?",self_care_coping
"I've been bullied for years and the teachers have done nothing about it. I haven't been diagnosed with depression, but i have been extremely sad for years.

How can I deal with being bullied at school when the teachers won't help?",sadness_low_mood
"I'm in my late teens and live with my dad.  The only time I go out is for my college classes. Sometimes when I see my friends I want to talk with them, but sometimes I won't want to talk to them for days or even weeks. 

Sometimes I feel i'm not worth knowing or i'm never going to do anything right.

Are they right, am I depressed?",sadness_low_mood
"I am in a high stress position for a tech company. I am being overworked and underpaid for my contributions and it is not only giving me anxiety, but also demoralizing.

What can I do to manage my stress?",self_care_coping
"My son was diagnosed with autism a few years ago and I stopped working so that I could take care of him.  I also was dealing with an abusive relationship (mentally, physically, and emotionally). Now I live like a recluse and I always feel nervous around people.

How can I feel more comfortable around other people?",self_care_coping
"What am I doing wrong? My wife and I are fighting all the time. What can I do? We don't agree on anything and she usually jumps to conclusions, which are usually wrong on how I feel. She is very family-oriented while all of my family left me on my butt, abused, ignored and messed up with me mentally. I'm not a family-oriented person. I only have two people in my life - my best friend and my wife.  

My mother forced my father out of my life so I do not know who he really is. We've gotten in contact but he just makes comments on how much I look like her when in fact I look more like him.  This makes me mad because I don't want to look like my mother. I hate her. All that she did was bring me down and make me homeless, which she was successful at.  I need guidance in my life.  I don't want to lose my wife but we need to have a space because we usually hit each other and it's not healthy. I'm dying to make our relationship healthy. I've never wanted anything more than this. Please help me. I need your advice.",self_care_coping
"We rent from from my boyfriend's parents. His father drops by unannounced and stays for long periods of time. He lets himself into our home when we aren't there on a daily basis and takes our dogs to his house. He picks up our mail. He has NO boundaries. 

He's an opinionated, rude pushy person. He expects to spend every weekend around us, gives unsolicited advice on child rearing and does not respect our privacy at all. He barges in with no warning. He has a key and lets himself into our house without asking permission. I need help. How do I address this?",self_care_coping
"My mother is combative with me when I say I don't want to talk with her about my depression.  

She hasn't been supportive of me in the past and she isn't someone that I feel comfortable opening up to. She constantly tries to instigate conversations where she asks me questions that I don't want to or can't answer. I tell her I don't want to talk and she starts arguments with me. 

How can I get her to understand?",sadness_low_mood
"I think adult life is making him depressed and we often sleep in on weekends untill 1 or 2 pm. We just eat, smoke weed, watch movies, and he'll go on his phone all day. He doesn't seem motivated to do much and he's often angry.

 I have no clue how to help him take his mind off the negative, or to distract him into a different light. How do I help him?",sleep
