phrasing,intent,source
"Kuva umwana wanjye avuka, numvaga mfite agahinda n'impungenge",sadness_low_mood,kb_trigger_mt
Buri gihe ndarira kandi sinzi impamvu,sadness_low_mood,kb_trigger_mt
Numva nta byiringiro mfite kandi nta kintu kimpa ibyishimo,sadness_low_mood,kb_trigger_mt
Numva ndemerewe cyane kandi sincyumva ko ndi umuntu,overwhelmed_identity,kb_trigger_mt
Sinzi uwo ndi we ubu ko ndi umubyeyi,overwhelmed_identity,kb_trigger_mt
Ibyo ni byinshi cyane kandi numva ni nk'aho nta cyo maze,overwhelmed_identity,kb_trigger_mt
Sinshobora kureka guhangayikishwa n'uko hari ikintu kizagera ku mwana wanjye,anxiety_worry,kb_trigger_mt
Numva mpangayitse kandi mpangayitse buri gihe,anxiety_worry,kb_trigger_mt
Ndumva mfite ubwoba cyane ku buryo ntashobora kuruhuka n'igihe umwana azaba ameze neza,anxiety_worry,kb_trigger_mt
Uwo twashakanye ntasobanukiwe ibyo ndimo mpura na byo,relationship_support,kb_trigger_mt
Ibyo byose bituma numva ndi jyenyine,relationship_support,kb_trigger_mt
Nta muntu n'umwe mfite uzamfasha kubyara,relationship_support,kb_trigger_mt
Ni iki nakora kugira ngo nitwararike mu gihe ndi kwita ku mwana wanjye umaze kuvuka?,self_care_coping,kb_trigger_mt
Nakora iki ngo ndusheho kumva meze neza kandi nshobore guhangana n'ibyo byose?,self_care_coping,kb_trigger_mt
Ni iki kizafasha umuntu kwiyumva nabi nyuma yo kubyara?,self_care_coping,kb_trigger_mt
Ese ni ibisanzwe kumva umeze utyo nyuma yo kubyara?,sadness_low_mood,kb_trigger_mt
Ese ni jye jyenyine wumva umeze utyo?,sadness_low_mood,kb_trigger_mt
Ese hari ikibi mfite bitewe n'uko mba mfite agahinda?,sadness_low_mood,kb_trigger_mt
Ndarambiwe cyane ariko umwana arantuma ntasinzira ijoro ryose,sleep,kb_trigger_mt
Sinjya ndyama bihagije kandi buri gihe numva naniwe,sleep,kb_trigger_mt
Nakora iki ngo nduhuke mu gihe umwana wanjye ukiri muto akanguka kenshi?,sleep,kb_trigger_mt
"Ese n'igihe umwana wanjye azaba amaze kuvuka, nzakomeza kubonana n'umukozi w'ubuvuzi?",self_care_coping,kb_trigger_mt
Ni he nabona ubufasha nyuma yo kubyara?,self_care_coping,kb_trigger_mt
Ni ubuhe bufasha mfite nk'umubyeyi mushya?,self_care_coping,kb_trigger_mt
"Hari ibintu byinshi nkora nkumva ko nta cyo maze, nta cyo nkora uretse gutekereza ukuntu nta cyo maze, ko nta cyo nkwiriye kuba mfite, ko ntagerageza kwiyahura cyangwa ngo ntekereze ku byo nkora, ko nifuza gukemura ibibazo byanjye, ariko sinigeze mbikora.",sleep,amod
"Mfite ibibazo byinshi ngomba guhangana nabyo. Mfite amateka y'ihohoterwa rishingiye ku gitsina, ndi umurwayi wa kanseri y'ibere kandi ndi umuntu utagira ibitotsi ubuzima bwanjye bwose. Mfite amateka maremare y'ihungabana kandi ntangiye kugira impungenge. Mfite kwiyubaha hasi ariko ndashyingiranywe ibyishimo hafi imyaka 35. Sinigeze ngira inama kuri ibyo byose. Ese mfite ibibazo byinshi byo guhangana nabyo mu gutanga inama?",sleep,amod
"Ubu maze ukwezi kurenga numva ndemerewe, kandi ntangira kugira ikibazo cyo gusinzira bitewe n'ibyago byo gutinya, ariko sinigeze numva ko biterwa n'ikintu nzi.",sleep,amod
"Mfite ikibazo cy'agahinda gakabije n'imihangayiko, numva ko ndimo ndwana n'ibintu byinshi. Ibi biranshishikaza cyane kandi sinashobora kwivanaho ibitekerezo byanjye ku bintu binshishikaza.",sadness_low_mood,amod
"Mfite ikibazo gikomeye cy'umugongo. Mfite za operasiyo 3 zikomeye n'izoroheje, ariko ndacyababazwa cyane.",sadness_low_mood,amod
"Mfite indwara yo mu mutwe (ADHD), indwara yo guhangayika no kwiheba. Kubona umuganga mu gace k'iwacu ntibyoroshye, kandi umuganga wanjye nta cyo amfasha.",overwhelmed_identity,amod
"Mu myaka mike ishize, ubwo nakundaga umugore wanjye, nta mpamvu n'imwe nari nzi yatumye ntakaza ingufu, ubu mfite imyaka 30 y'amavuko kandi ikibazo cyanjye kiragenda kirushaho kwiyongera. Ibi bituma ngira ibibazo bikomeye ku mutima wanjye kandi bikananiza kwiyemera kwanjye. Ibi byatumye ngira agahinda kenshi kandi ntangira gushyingiranwa. Ndarambiwe cyane kandi sinshobora kubona impamvu z'ibyo bibazo. Ndumva nshaka cyane umugore wanjye kandi nshaka kumubwira mu cyumba cyanjye cy'icumbi nk'uko nabigenzaga. Ni iki gishobora kubitera, kandi se nakora iki ku birebana na byo?",self_care_coping,amod
"Mu gihe cy'ukwezi kose, ndwara indwara yo kwiheba, kandi numva nisanzuye mu byiyumvo. Iyo numva mfite imbaraga, ndushaho kwibanda ku bintu by'ingenzi, kandi nkaba mfite imbaraga nyinshi, nkumva ubuzima bwanjye butameze neza.",sadness_low_mood,amod
"Iyo mbonye ikintu kibabaje cyangwa kibabaje, numva nshaka kwikomeretsa.",sadness_low_mood,amod
"Umuganga w'umuryango wanjye yambwiye ko mfite ikibazo cy'ihungabana n'ihungabana. Yandikiye inama yo kugira imbwa imfasha mu byiyumvo, maze mpereza umuyobozi w'inzu yanjye. Bambwiye ko ntashobora gukomeza kugira ikibazo cy'ihungabana kuko ntari mufite ubumuga.",self_care_coping,amod
"Nagerageje kubwira umugabo wanjye ko nari nihebye, ariko yankoze ku ruhande. Yambwiye ati ""buri gihe uba ufite agahinda cyangwa agahinda"". Hanyuma afata telefoni maze aranyihakana. Naramubwiye nti ""ndakwinginze ntugire icyo unenga, ibyo si byo"".",sadness_low_mood,amod
"Si byo by'ukuri kuvuga ko nishimira kuba mfite agahinda, ariko buri gihe nsanga uburyo bwo kumva uko ndi. Ntega amatwi umuzika ubabaje, nsoma inkuru ziteye agahinda, kandi mu buryo bw'amayobera, nkumva ko ari bibi. Nita ku bintu bibi mu buzima bwanjye nubwo bitaba ari ibikwiriye cyangwa nkumva ari bibi.",sadness_low_mood,amod
"Buri gihe iyo mpanganye n'ibihe bibi, mba numva mfite agahinda.",overwhelmed_identity,amod
"Ndumva nduhutse, mfite agahinda kandi nihebye, buri munsi mpora mpora mpora mpora mpora mpora mpora mpora mpora mpora mpora mpora mpora mpora mpora mpora mpora mpora mpora mpora mpora mpora mpora mpora mpora mpora mpora mpora mpora mpora mpora mpora mpora mpora mpora mpora mpora mpora mpora mpora mpora mpora mpora mpora mpora mpora mpora mpora mpora mpora mpora mpora mpora mpora mpora mpora mpora mpora mpora mpora mpora mpora mpora mpora mpora mpora mpora mpora mpora mpora mpora",sleep,amod
"Sinashobora no guseka cyangwa ngo mbeshye. Sinumva ibyishimo mu kintu icyo ari cyo cyose kandi sinashobora gukunda undi muntu, ndetse n'umukunzi wanjye. Rimwe na rimwe nizinukwa. Icyo mbona cyose ni ugukabya. Sinashobora kwihanganira urupfu rw'uwapfuye kandi sinari hafi y'umuryango wanjye.",self_care_coping,amod
Umukobwa wanjye yaretse kunywa inzoga maze arushaho kwiheba cyane.,self_care_coping,amod
"Ndi ingimbi. Data amaze imyaka itanu muri gereza. Biragoye, ariko mama agerageza guha ubuzima busanzwe bashiki banjye babiri, murumuna wanjye nanjye. Numva nk'aho nafashe inshingano yo kuba umubyeyi igihe nari umuto wa kabiri, kandi ntari umuntu ukomeye. Mama na bashiki banjye bavuga ko ndi umuntu urenze urugero.",sadness_low_mood,amod
"Ndi mu kigero cy'imyaka 20 mfite umugabo n'abana. Nkunda umuryango wanjye, ariko numva ntari umuntu nkunda, kandi sinzi uwo ndi we uretse mama n'umugore. Rimwe na rimwe, icyo ntekereza ni uko nacitse intege, ukuntu numva ntishimye kandi ntari mu mutego, ariko nzi ko numvaga meze nabi ntabifite. Rimwe na rimwe ndanyanga. Mfite ubuzima butangaje, kuki ntashobora kubwishimira?",overwhelmed_identity,amod
"Mfite imyaka myinshi mpanganye n'ikibazo cyo kwiheba no guhangayika, kandi nagiye mfata imiti, ariko mu gihe gishize nagiye ndushaho kwiheba.",sadness_low_mood,amod
"Hari abantu benshi bemeye kumpa inzu. Mfite ibyokurya, imyambaro n'uburezi bwo muri kaminuza, ariko sinigeze numva ko ndi uwabo. Ndetse n'igihe mba ndi kumwe n'abantu bagombye kuba bari hafi yanjye, numva meze nk'aho ndi kumwe n'incuti kandi sinjya mu rugo.",relationship_support,amod
"Ndumva mfite impungenge ku nshuti yanjye kuko ntekereza ko afite ikibazo cy'agahinda gakabije. Ibyo ntemeranyaho. Iyo ari kuvuga ku bantu kandi akababwira uko yiyumva, arirengagiza ibyo avuga. Ambwiye ko yumva afite ubusa imbere, kandi ko ibyiyumvo byonyine yumva ari uburakari n'agahinda.",sadness_low_mood,amod
"Numvaga nta cyo nshoboye gukora, ntashobora gutekereza ku kintu icyo ari cyo cyose kandi nari mfite ibibazo by'imihangayiko.",anxiety_worry,amod
"Iyo mpuriye n'umuntu runaka cyangwa iyo ngiye mu rugo, mba mfite agahinda cyangwa nkumva ncitse intege. Iyo mpangayitse, iyo mpangayitse, iyo mpangayitse, iyo mpangayitse, iyo mpangayitse, iyo mpangayitse, iyo mpangayitse, iyo mpangayitse, iyo mpangayitse, iyo mpangayitse, iyo mpangayitse, iyo mpangayitse, iyo mpangayitse, iyo mpangayitse, iyo mpangayitse, iyo mpangayitse, iyo mpangayitse, iyo mpangayitse, iyo mpangayitse, iyo mpangayitse, iyo mpangayitse, iyo mpangayitse, iyo mpangayitse, iyo mpangayitse, iyo mpangayitse, iyo mpangayitse, iyo mpangayitse",sadness_low_mood,amod
"Ndi ingimbi. Mfite imyaka myinshi mpanganye n'ibihe bikomeye byo kwiheba (niba ari byo rwose) buri gihe birushaho kuzamba. Mfite ibitero by'ubwoba, numva ntashobora gutegeka ubwoba bwanjye, kandi sinashobora no kwitekerezaho niba nzongera kubaho cyangwa gupfa. Ikibazo ni uko ntazi uwo nagombye gusaba ubufasha. Iyo ngerageje kuvugana n'ababyeyi banjye, ndakonja rwose kandi nta kindi nshobora gukora uretse gusetsa kuko nta na rimwe mu buzima bwanjye twaganiriye ku byiyumvo byacu.",overwhelmed_identity,amod
Numva ndi umunebwe kandi nta cyo nshaka.,sleep,amod
"Mu mwaka ushize, inshuti zanjye ebyiri z'inkoramutima n'iz'inkoramutima gusa, zavuye mu bihugu bitandukanye. Ubu nta muntu n'umwe nshobora guhura na we. Buri gihe ndi jyenyine, kandi sinigeze nsanga undi kuva aho bavuye. Ndi mu bwigunge bukomeye. Nakora iki ngo nkunde abandi? Kubera ko bavuye mu bindi bihugu kandi nta nshuti mfite, numva nihebye cyangwa ikindi kintu. Nkeneye gusa ubufasha.",sadness_low_mood,amod
Ni jyewe kibazo. Ndatuma umuryango wanjye urwana kubera jye. Mama na we arabivuga. Ni uko bigenda buri gihe. Ni jye uteza ibibazo. Ndi umunyabyaha. Sinashobora kureka kurira. Rimwe na rimwe njya ndira ndaryama. Sinashobora no kuva mu cyumba kuko umuryango wanjye udashobora kunyihanganira.,sleep,amod
"Iyo umuntu atangiye kugira agahinda kenshi, ubwenge bwe bukagenda ibirometero bibarirwa mu bihumbi buri minota. Rimwe na rimwe, ibintu bimara iminsi bike nta kibazo. Nyuma y'igihe gito, ntangira kubona ko mpita mpindura uko mbyumva. Nyuma y'icyumweru, imihangayiko igaruka, kandi ikomeza kwiyongera.",overwhelmed_identity,amod
Ndi mu kaga cyane. Nzakora iki ngo mbone uwo tuganira?,sadness_low_mood,amod
Buri gihe mba mfite imimerere mibi kandi nta mbaraga mfite.,sadness_low_mood,amod
"Ndi mu kigero cy'imyaka ya nyuma y'amabyiruka, nkabana na papa. Igihe cyonyine njya hanze ni mu masomo yanjye ya kaminuza. Rimwe na rimwe iyo mbonye incuti zanjye nshaka kuvugana na zo, ariko hari igihe ntashaka kuvugana na zo iminsi cyangwa se ibyumweru. Hari igihe numva ko nta cyo nkwiriye kumenya cyangwa ko ntazigera nkora ikintu cyiza.",sadness_low_mood,amod
"Iyo umuntu asinziriye, yumva afite ikibazo cyo gusinzira, kandi buri gihe aba ashonje cyane cyangwa nta nzara afite. Nanone ararakara, akumva ashaka kurira bidatinze nta mpamvu.",self_care_coping,amod
"Ndi ingimbi, ndumva mfite ibyiyumvo bikomeye (ariko ndabihisha), hanyuma nkaba nta cyo numva - gusa nta kintu na kimwe mfite, nta n'ibyiyumvo mfite. Mfite ibibazo byo kwizerana, kwiyemera hasi, kuba ntinya cyane ko umuntu atagomba kumutabara, kandi mpora nsubiraho gusuzuma imishyikirano mfitanye na we.",sadness_low_mood,amod
"Hari igihe nari mfite ibibazo byinshi byo kurera abana, ubu mfite ibibazo byinshi. Hari abantu bashobora kutekereza ko ari byo, ariko kuri jye ni byinshi. Numva ndemerewe. Ese ibi bishobora kuba ari agahinda?",overwhelmed_identity,amod
"Ndumva ubuzima bw'umuntu mukuru burimo kumutera kwiheba kandi akenshi turyama mu mpera z'icyumweru kugeza saa kumi n'ebyiri z'umugoroba. Turarya gusa, turanywa urumogi, turareba filime, kandi akagenda kuri telefoni ye umunsi wose.",sleep,amod
"Mama arankangisha iyo mvuze ko ntashaka kumuvugisha ku kibazo cy'agahinda mfite. Mu gihe cyahise ntiyigeze amfasha kandi ntabwo ari umuntu numva nisanzuye kumubwira. Akomeza kugerageza kumfasha kuganira ambwira ibibazo ntashaka cyangwa ntashobora gusubiza. Mbabwira ko ntashaka kuvuga, atangira kunshinja amakimbirane. Namugororera nte?",sadness_low_mood,amod
Gusa numva mfite agahinda kenshi kandi nta muntu n'umwe nkunda mu muryango wanjye.,sadness_low_mood,amod
"Nta kintu na kimwe numvise uretse imihangayiko, ndetse no kuri jye.",overwhelmed_identity,amod
"Nzi ko ngomba guhangana n'ikibazo cy'agahinda mfite, ariko sinzi uko mbikora kandi sinshaka kubimenyesha umuntu.",sadness_low_mood,amod
Ubu ndwaye indwara itazigera irangira kandi numva ubuzima bwanjye butazigera buhinduka. Numva ndi jyenyine kandi nta wundi mfite. Ni gute nshobora kunesha ikibi kandi nkamenya kugira ibyishimo jyenyine?,relationship_support,amod
"Ubu se ko batakiriho, numva mfite agahinda, ubu hashize amezi abiri ariko mbona ntashobora gukomeza kuba umuntu mwiza kandi wigenga?",overwhelmed_identity,amod
"Numva mu mutima wanjye mpora ndira. Ku rundi ruhande, ndi umuntu utuje, ariko mpora mfite ibyiyumvo bikomeye, bidasanzwe. Sinumva mfite agahinda. Sinarira cyane. Numva mu byiyumvo bwanjye ntari kure y'ibyo mpora ndira.",sadness_low_mood,amod
"Sinigeze nshobora kuganira n'ababyeyi banjye. Ababyeyi banjye bari mu myaka mirongo itandatu y'amavuko nkiri umwangavu. Ndabakunda bombi ariko sinkunda kamere yabo. Numva ko batanyumva mu buryo bwuzuye igihe cyose mvuga ku kintu gikomeye mu buzima bwanjye. Niba papa atanyemera, mama ajya hamwe na papa akigira nk'aho na we atanyemera. Ndi umunyabitsina gabo, ariko sinshobora kwiringira ababyeyi banjye. Narwanye n'agahinda, ariko stress n'imihangayiko biranshyira mu kaga.",sadness_low_mood,amod
"Sinzi uko mbisobanura, icyo navuga ni uko numva nta cyo maze, nta cyo numva.",sadness_low_mood,amod
"Abantu babaye ababyeyi mu buzima bwanjye, mu gihe cyahise, barandenganyije, kandi bamwe bakomeje kubikora. Binyereka ko ntari mwiza bihagije ku mugabo wanjye cyangwa ku buzima ampa. Nari mfite akazi, ariko nkora ibintu byinshi by'ubupfapfa mu gihe cyahise, ngerageza kumenya igihe byose byahise bihinduka nabi. Igihe cyose mbwira ibyo bintu, birashoboka ko nzarangiza icyo kibazo. Abo ni abantu udashobora guca mu nzira gusa, ariko sinigeze menya gusaba imbabazi ku mibabaro yanjye myinshi. Sinzi icyo nakora.",relationship_support,amod
Ndi mu bihe bikomeye cyane kandi ndumva nihebye cyane ababyeyi banjye baratana kandi ibintu bibi birimo kuba.,overwhelmed_identity,amod
"Mfite ikibazo cy'ihungabana ryiyongereye cyane. Byose byatangiye igihe nari mu mashuri yisumbuye. Mu mwaka wa 9 umukuru w'ishuri yambwiye ko ngomba kumara iminsi mike mu rugo kugira ngo nirinde mu gihe yavuganaga n'abanyeshuri bagenzi banjye. Nabaga nkeneye ubufasha bw'umunyamwuga mu guhangana n'ihungabana kubera ko nari mfite amarira menshi kubera imihangayiko yo kujya mu ishuri no guhangana n'abanyeshuri bagenzi banjye. Nyuma yaho, namaze imyaka ibiri nta kibazo.",self_care_coping,amod
"Mfite igihe kinini ndwaye ibibyimba. Nagiye ngerageza kubikemura, kandi umukunzi wanjye ni we mbaraga zanjye. Ni ukuri ni we muntu wenyine nizeraga ku buryo nshobora kuvugana na we ku kintu icyo ari cyo cyose, ariko yafashe umwanzuro wo gutandukana nanjye kubera agahinda mfite. Sinashoboraga kubona umwarimu cyangwa ikindi kintu icyo ari cyo cyose, bityo ntiyabonaga ko hari icyizere cyo kuguma hamwe nanjye. Umwishingizi wanjye ufite amafaranga 5000 y'ubuvuzi, bityo ndananirwa.",sadness_low_mood,amod
"Amaze kuva mu bitaro, yararakaye, nyuma yaho amara igihe kirekire mu buryo butangaje, ariko noneho yongeye kwiheba kandi nta byiringiro afite.",sadness_low_mood,amod
"Buri gihe numva ko hari ikintu kibi ndimo nkora, ibyo nkora byose ni bibi, nifuza kurira igihe cyose, sinashobora kurya cyangwa kuryama.",sleep,amod
"Mfite agahinda kenshi. Mfite imyaka myinshi. Ndahisha buri wese kuko ntinya uko nzakwirakwiza. Igihe naherukaga kubwira ababyeyi banjye, hari impaka zikomeye z'uko nari nkiri muto cyane ku buryo ntashoboraga kwiheba (ndi umuntu mukuru wemewe n'amategeko), ko ntashimira, kandi ko nari kubwira ko niba ntashobora guhangana n'ibintu ubu, bizagenda birushaho kuzamba mu gihe kizaza (biki bikaba biboneka ko ari ukuri).",sleep,amod
"Nagiye ngerageza ku barwayi b'indwara zitandukanye n'imiti, ariko nta cyo byamfashije.",sadness_low_mood,amod
"Yambwiye ko azagerageza ariko ntiyigeze abikora. Hashize amezi icyenda, kandi ibi birandusha uburemere. Uyu munsi, yavuze ko ngomba kubaha icyemezo cyose afata. Ese ni byo? Ese nagombye kubaha icyemezo cyo kugenda kuko adashobora kwihanganira ibyo mpura na byo kandi akandeka hano ndira kandi mpangayitse buri joro?",overwhelmed_identity,amod
"Ndi mu myaka 50 y'amavuko. Sinigeze nkunda cyangwa nkundwa. Nkeneye ubufasha bwimbitse kurusha uko nabwiwe mu mujyi muto wanjye, ariko sinshobora kuva muri uyu mujyi kubera agoraphobia. Ndushaho gutakaza icyizere. Ubwonko bwanjye burakora cyane, kandi ubushobozi bwanjye bwo kwibuka bugabanuka cyane, nibagirwa mu kanya gato. Nta ntego mfite. Sinashobora gukora cyangwa gukora ikintu cy'agaciro, kandi sinigeze mbikora. Ndi imfabusa y'igihe n'umutungo, ariko nkomeza kugerageza. Kuki? Kuki Imana itera inkunga yo gukomeza kubaho?",sleep,amod
"Ababyeyi banjye bombi biyahuriye hamwe, kandi ni jye wabashyizeho. Mfite indwara yo kwiheba cyane, ikagira ingaruka zikomeye ku buzima bwanjye no ku buzima bw'umugabo wanjye mu by'ibitsina.",overwhelmed_identity,amod
"Iyo ntari kumwe n'umukunzi wanjye, ntangira kumugirira inzika. Afite abana batatu, kandi ni abana beza, ariko nsanga nta mwanya munini tumarana. Ndumva ndwaye indwara y'ihungabana kandi numva nihebye.",overwhelmed_identity,amod
"Iyo ndi kumwe n'incuti, umuryango, ku kazi, kandi cyane cyane ndi jyenyine, ntashobora gutekereza neza. Sincyumva ko ndi umuntu.",sleep,amod
Ndizera ko mfite agahinda n'agahinda. Mfite n'amajwi mu mutwe. Mfite ibibazo byo gusinzira. Mfite ikibazo cyo guhorana ubwenge n'ubushotoranyi. Mfite ubumuga bwo kwibabaza mu gihe cyahise kandi kera nifuzaga kwiyahura. Ni gute nabwira abantu ibyo maze nkabasaba ubuvuzi?,sleep,amod
"Ndi mu bwigunge, kandi vuba aha naratandukanye n'abandi. Ni nk'aho buri mugabo wese nkunda aba ashaka ko nkora imibonano mpuzabitsina gusa. Ntekereza ko ndi mubi, kandi rimwe na rimwe nifuza gupfa. Mfite umuhungu, kandi narakuze cyane igihe nari ntwite. Mfite ibikomere ku nda.",sadness_low_mood,amod
"Sincyari uko ndi, sinzi uko nsubira aho ndi, ndi umunyacyaha, mfite agahinda, ndashavuye kandi ndambiwe, sinasinzira neza.",sleep,amod
"Mu gihe cy'imyaka myinshi, nagiye ndushaho gutakaza ibintu byose: akazi, imodoka, umudendezo n'amafaranga. Ndi umubyeyi ukorera mu rugo, nta mafaranga akora, nta modoka afite, ntajya hanze kandi buri munsi akora isuku.",overwhelmed_identity,amod
"Hari igihe mba nta mwanya wo kubaho cyangwa ngo nitwararike, ibyo bituma ndwara indwara yo kwiheba, imihangayiko no kwiheba.",self_care_coping,amod
"Imyaka ibiri ishize, natandukanyijwe n'igisirikare kubera ibibazo by'ubuvuzi. Ibyo byanshenye mu byiyumvo. Ubu mu by'ukuri niyanze. Birambabaza kuba natandukanyijwe n'aho umuntu wese ajya. Umuryango wanjye wari mu gisirikare, kandi buri gihe ni inzozi zanjye. Sinashobora gukora ibi jyenyine, kandi ubu umuryango wanjye uritotezwa.",overwhelmed_identity,amod
"Numva nihebye nubwo nkora nk'umuntu wishimye mu muryango wanjye. Nkunda kumera nk'umuntu wishimye kugira ngo umuhungu wanjye atambona ndi mu gahinda. Nkunda kumera nk'umuntu wishimye mu buzima bwanjye, ariko numva ndi mu gahinda n'agahinda. Rimwe na rimwe ntekereza kwiyahura kandi ko umuryango wanjye ukwiriye umuntu mwiza kundusha. Ndarira nkandika muri icyo gitabo ibyo byiyumvo byose.",overwhelmed_identity,amod
"Ndi mu bwishingizi bw'ababyeyi banjye, kandi ntibanyemerera kujya kwa muganga kuko batemera ko ari byo.",sleep,amod
"Iyo mfite agahinda kandi ndi jyenyine, nifuza kwicira.",overwhelmed_identity,amod
"Mfite inshuti, umuryango, mba mu rugo rwiza, njya mu ishuri ryisumbuye ryiza, kandi mbona amanota meza, ariko sinzi impamvu ntishimye cyane. Abo nshuti ni incuti zanjye nziza kandi bose ni abantu batangaje, nyamara buri gihe mba mfite agahinda kandi numva ndi jyenyine.",sadness_low_mood,amod
"Ntekereza ko nshobora kuba ndwaye indwara yo kwiheba. Ariko icyo nibaza ni uko ntari mu kababaro. Nshobora gusetsa incuti zanjye n'ibindi, ariko sincyitaho akazi kanjye, kandi ntangiye gutekereza ko ubuzima nta cyo buvuze. Sinzi niba koko nkeneye ubufasha, cyangwa niba gusa ndambiwe cyangwa ikindi kintu.",sleep,amod
"Mu mezi icumi ashize, narirukanywe, njya gutembera inshuro eshatu, nkora akazi kenshi, ntongera kwiga kugira ngo mbone amafaranga, papa na mama barwaye, baransenze mu gihe nari ntwite, mpfusha umwana, mpura n'ibibazo mu mishyikirano, kandi naragambaniwe.",overwhelmed_identity,amod
"Numvaga nta cyo maze, numva nta cyo maze kandi numva ncitse intege, nifuzaga gutsemba ibintu, kwikubita, guhunga, gukubita, kurira no kurira, nifuzaga gusa kongera kugira ibyishimo no kugira icyo nkora, nifuzaga kwita ku mukobwa wanjye no kubaho neza.",self_care_coping,amod
"Iyo ndi mu biganiro, nkomeza kumva ndemerewe kandi ntekanye. Imirimo nagiye nkora kera yantereranye kubera ko ntakora neza, kandi abakoresha banjye batanu banteye umugongo nyuma y'ibizamini byinshi by'imico n'ibiganiro. Ntinya gukomeza kubera ko amakuba yanjye arushaho kwiyongera.",sadness_low_mood,amod
"Numva ntari mu bwenge bwiza. Ndumva umutima wanjye utekanye cyane. Sinanyurwa n'ibyo niyizi cyangwa imyanzuro mfata, ibyo bituma ntanyurwa n'undi muntu uwo ari we wese. Numva nk'umunyabyaha mu minsi yanjye myinshi.",overwhelmed_identity,amod
"Sinzi niba nihebye, sinzi uko nabwira ababyeyi banjye, kandi ibyo bituma numva ncitse intege.",sadness_low_mood,amod
"Nta kintu na kimwe mfite cyo gukora mu buzima bwanjye uretse kuryama kuri telefoni cyangwa guhura n'inshuti yanjye imwe. Nta kazi mfite, umuryango wanjye nta kintu na kimwe unshyiraho, kandi nta nshuti nyinshi mfite. Nta kindi mfite cyo gukora uretse kujya kuri telefoni. Nkunda kuganira n'abantu mu buryo bwa bwite aho kuba kuri interineti. Ndetse n'umuryango wanjye nta bwo mvugana na we mu buryo bwa bwite, kabone n'iyo yaba ari mu kindi cyumba.",relationship_support,amod
"Ubu ntari mfite impamvu zo guhaguruka, sinzi icyo nkora, ndi mu kaga, mfite agahinda n'agahinda, ubuzima bwanjye burimo burushaho kwiyongera.",sadness_low_mood,amod
"Ndyama cyane. Umuzika uhindura imimerere yanjye. Ndarira buri wa Gatatu. Umutwe wanjye umeze nk'ikibanza cy'ibishushanyije, aho nzajya mbura ibyiyumvo byanjye by'ukuri, ahubwo nkumva ibyiyumvo byanjye by'ibinyoma.",sleep,amod
Mfite abana b'impanga. Mfite umuntu nakundaga yapfuye mbere yo kubyara. Naciye ukubiri n'umubyeyi wanjye. Abantu bamubwiye ko anshakisha amafaranga. Umukunzi wanjye wa kera yabaga afite ibibazo bikomeye buri munsi mu gihe cy'imyaka itatu.,sadness_low_mood,amod
"Mfite incuti nyinshi n'abagize umuryango, ariko numva ndi mu bwigunge.",relationship_support,amod
"Ubu mfite ubwoba, kandi ndumva ncitse intege.",sadness_low_mood,amod
"Nta nshuti mfite, nta byishimo mfite, nta kintu na kimwe nshishikaza. Buri kintu cyose n'abantu bose binshuka. Buri gihe ndambiwe, nshobora kuryama amasaha umunani cyangwa 12 kandi ndacyafite intege nke. Sinzi icyo nkora. Ese ibyo ni ibisanzwe?",sleep,amod
"Mfite ibintu byinshi mpangayikishijwe na byo, ariko icyo nshaka ni ugukomeza kuba mu cyumba cyanjye kandi sinjye nshobora gushyikirana n'umuntu uwo ari we wese.",relationship_support,amod
"Mfite ikibazo cy'ihungabana ry'ibikomere mu gihe cy'imyaka myinshi ababyeyi banjye bataramenya. Nashakaga kugitsinda ariko ni ibintu bikomeye cyane, ni nk'aho byongeye kuba. Mfite ubwoba kandi ndumva mfite ubwoba. Mfite ikibazo cy'agahinda, kandi kuva nkiri muto ndakibura.",sadness_low_mood,amod
"Data yapfuye nkiri ingimbi, nta muntu wigeze amfasha, kandi nyuma y'imyaka itanu, numva ntashobora kubyihanganira.",overwhelmed_identity,amod
"Ndi umubyeyi w'umuseribateri. Nkiri umwana, nakorewe ihohoterwa n'umukunzi wa mama. Sinigeze menya data. Natangiye kubyara mfite imyaka 18 nyuma yo kurangiza amashuri yisumbuye. Maze kubyara, naratakaje ubuzima bwanjye bwose maze ngashyira imbaraga zose ku bana banjye. Ubu abana banjye barakuze ariko sinzi uko ndi. Hari igihe nagerageje gushyikirana na bo, ariko bose barananirwa.",overwhelmed_identity,amod
"Buri gihe mbona ibintu birangiye nabi cyane. jye n'umukunzi wanjye ntituvugana, kandi ndavuga ko arandeka. Ndahora ntanabigenje neza mu gihe cyo gukora ibizamini, kandi ndabona igihe cyanjye kizaza kirimo gusenyuka. Nta cyifuzo mfite cyo kugira incuti. Ndahise mpita mpita mpita mpita mpita mpita mpita mpita mpita mpita mpita mpita mpita mpita mpita mpita mpita mpita mpita mpita mpita mpita mpita mpita mpita mpita mpita mpita mpita mpita mpita mpita mpita mpita mpita mpita mpita mpita mpita mpita mpita mpita mpita mp",overwhelmed_identity,amod
"Nari mfite ubwoba bwo kujya mu mashuri yisumbuye. Natinyaga ibyo abantu bavuga ku byerekeye njye, bityo igihe natangiraga ishuri, sinitwaraga nka njye. Nari ntuje, nk'uko bisanzwe ntari. Nta muntu na umwe navuganaga kandi nta n'inshuti nari mfite. Nyuma y'imyaka mike, nyogokuru yarapfuye. Numvise nihebye cyane maze ndeka kwiga igihe gito. Nanjye nari ninze, ndacyakora. Gusa nkeneye ubufasha. Nkeneye umuntu unitaho. Nkeneye umuntu ugaragaza ko anyitaho.",overwhelmed_identity,amod
"Nari mfite ikibazo n'umugabo. Ni umukunzi wa musaza wanjye kandi ni nk'umuvandimwe wanjye. Yantumiye ngo dusangire, hanyuma aza kunshyiraho. Nahise ntinya cyane ko navuga ko nta cyo maze ndabyemera. Sinzi icyankozeho. Sinzi impamvu mfite ubwoba bwo kuvuga ko nta cyo. Ibi bituma numva mfite icyaha n'agahinda kenshi.",sadness_low_mood,amod
"Nubwo ubuzima bwanjye bufite ireme, numva ndi umwere mu mutima, nkumva nzi impamvu ndiho: kwibaruka no gupfa.",sadness_low_mood,amod
Nta kintu na kimwe numva. Mu gihe cyose nta kintu na kimwe numva. Biroroshye ko nta kintu na kimwe numva. Ndabizi ko mpungabanya abantu kuko byoroshye. Gusa nifuza ibisubizo. Ndambiwe kumva ntyo. Birimo gusenya imishyikirano mfitanye n'abantu.,overwhelmed_identity,amod
"Njye n'umugabo wanjye turi ahantu hateye ubwoba. Igice cyanjye cyashaka kugikemura, ariko nyuma yaho ndumva ntamenya uko mbikora kandi ntashobora kumubwira uko niyumva kuko ahora yumva ko ari njye umurega. Rimwe na rimwe mbikora kubera ko numva ntamufitiye icyizere cyane.",anxiety_worry,amod
"Hari umukobwa twari dukundanye cyane. Twarasohokanye umwaka urenga ndetse tukaganira ku mubano w'ababiranye n'imigambi y'igihe kizaza. Yagiye mu ishuri, maze dushaka umubano w'igihe kirekire. Amaherezo twaratandukanye. Hashize umwaka, kandi n'ubu ndacyamukunda. Ndacyamukunda nk'uko namukundaga. Kuva ntandukana na we, ndwaye indwara yo kwiheba kandi sinashoboraga kubana n'undi muntu. Ibyo biranyangiza ubuzima bwanjye.",overwhelmed_identity,amod
Mfite uburakari bwinshi cyane sinzi kwifata umukunzi wanjye arankankankankankira kenshi kandi rimwe na rimwe sinzi uko nahangana n'ubuzima ndi mu kaga cyane ndarakara numva nibuze,overwhelmed_identity,amod
"Ubu ndi muto, kandi muri iki gihe, gutwara imodoka ndetse no kuba ndi umushoferi bituma ngira ubwoba n'ubwoba. Sinashobora gutembera mu ntebe y'inyuma cyangwa imbere mfite umukandara. ngomba guhagararaho gato kuko igitutu cyinjira mu mugongo cyangitera ubwoba. Ndatakaza amahirwe menshi yo kujya ahantu n'inshuti n'umuryango kubera ubwoba bwo guterwa n'igitero cy'ubwoba. Umuryango wanjye utanga inkunga nke cyangwa ntayo. Batekereza ko ari ikinyoma cyangwa ""byose biri mu mutwe wanjye""",sadness_low_mood,amod
"Nubwo nta cyo mfite, nizera ko mu myaka mike ishize nagiye ndwara indwara yo kwiheba, buri gihe nari mfite imihangayiko, ubu gusa nkeneye umuntu wo kuganira na we, nta n'incuti cyangwa umuryango mfite, ubu ngiye guheba.",sadness_low_mood,amod
"Sinzi uko nakwiyumva. Kuva navuka nta n'ubwo nagize. Kuba ndi umuntu, niyumva nk'igikoko. Nishimira kubabara. Nishimira kubabara. Mfata igihe cyo kwiyumva mu gihe cyo gukora imibonano mpuzabitsina. Ndatekereza ko akenshi mbeshya, nubwo rimwe na rimwe byaba byoroshye kuvuga ukuri. Nari maze imyaka ine mu kuvura. Nakoze imibonano mpuzabitsina n'abagabo n'abagore, ariko ntibyigeze bigira ingaruka ku byiyumvo byanjye. Ibitabo nkunda gusoma na H.P. Lovecraft na Edgar Allen Poe. Njya guhiga buri wa gatandatu. Numva mfite imbaraga.",overwhelmed_identity,amod
"Ndi jyenyine n'umukobwa wanjye, mpangayikishijwe cyane kandi mpangayikishijwe na we.",anxiety_worry,amod
"Mperutse kubyara umwana w'uruhinja, maze mama ambwira ko ngomba kugenda, ubu ndi mu kigo cy'abagore, sinjya mbona kenshi umukunzi wanjye kuko akora, aho abagore baba bamfasha kubona inzu yo kubamo kugira ngo nshobore gusubira ku kazi no kwita ku bana.",relationship_support,amod
"Mfite imyaka ine n'igice ncitse intege, kandi buri gihe iyo ncitse intege birambabaza cyane. Icyo gihe, byambabazaga cyane, bityo nafashe Wellbutrin. Nyuma y'icyumweru cya mbere, numvise ingaruka z'iyo miti. Nyuma y'ukwezi n'igice, nahise mbona ko indwara yanjye ya nyuma yatewe n'uko ntashakaga kujya mbere no kwita ku myitwarire yanjye n'ibitekerezo byatumaga ntagira icyizere.",sleep,amod
"Ku ishuri numva ko nabuze inshuti zanjye zose, kandi ko nari mfite imyifatire mibi yo kuryama. Nari narigeze kwicira, kandi rwose nifuza kongera kubikora, ariko mpindura mu myenda kuko sinshaka ko hagira umuntu unyibona. Ndumva nduhutse kandi ndushaho kugira imyifatire mibi. Ku mugoroba, ndumva nihebye cyane kandi numva umuziki ubabaje n'ibindi nk'ibyo. Mfasha. Ndashaka gusa kongera kugira ibyishimo, kandi numva ntangiye kwambika urwenya mu ishuri.",sleep,amod
"Buri gihe ntekereza ku rupfu kuko numva ndi jyenyine, kandi nifuza ko hagira umuntu unkunda, undi akankunda.",relationship_support,amod
"Ndi mu bwigunge kandi ndi hafi gutakaza umukunzi wanjye kuko ndemerewe gukora akazi kenshi, kandi buri munsi numva ntacyo mbona, nta mucyo mbona ku mpera y'iyi nzira nkeneye ubufasha, nta cyo mbona muri iyi nkuru y'ibinyoma abantu bamwe bita ubuzima.",overwhelmed_identity,amod
"Ubu ndi hano mu buzima bwanjye bwose, ariko sinigeze nkunda kuba hano, mbere y'uko nza. Sinigeze numva ko ndi uwacu, mu mezi ane ashize, buri cyuho nagiye nkumbura igihugu cyanjye, kandi ndi mu kaga. Ndarushaho kugira ibiro, nta kintu nkora, kandi mara amasaha menshi ndira. Ese ni igihe cyo gusubira i muhira cyangwa ni igitutu cy'umuco gusa?",sleep,amod
"Ndi mu mashuri yisumbuye kandi mperutse guhura n'ibibazo by'imihangayiko. Igihe cyose ngeze hafi yo kuba mu mubano, hari agahinda kanshyiraho kanshyira mu kaga kandi kakandinda mu mubano. Iyo mpangayikishijwe n'ibi bituma rimwe na rimwe ngira agahinda kenshi ndetse nkumva nshaka no kuvoma. Nubwo imishyikirano y'igice kigomba kuba igishimishije, kuri jye ni ikinogo cy'ibyiyumvo ntashobora kugera ku ntebe yayo.",sadness_low_mood,amod
"Mperutse kuva mu mubano w'imyaka ibiri. Nagiye gutandukana n'umukunzi wanjye kuko atagaragazaga urukundo rwose. Yavuganaga n'abandi bagore kandi akabeshya kuri ibyo. Byanyirukanye kandi birambabaza, ariko ndacyamukunda. Nyuma y'iminsi mike dutandukanye, yari arimo kuganira n'umuntu mushya. Yambwiye ko atari azi neza niba ankunda. Naririye iminsi myinshi, ntakaza isura yanjye, ntashoboye gusinzira. Umubano wacu wose wari twe gusa. Nta ncuti twari dufite. Ni jye na we twarwanyaga.",sleep,amod
"Umukunzi wanjye wiga ibijyanye n'imitekerereze y'abantu yansabye kujya kwa muganga kureba niba mfite ikibazo cy'ihungabana rikomeye. Mfite ubwoba bw'ingaruka zo kubigenza ntyo. Niba nabonye ko mfite ikibazo cy'ihungabana rikomeye, ibyo ntibizandikwa mu nyandiko zanjye? Sinzigera nshobora kuba umujyanama hamwe n'urutonde rw'ibindi bintu byambujijwe. Mfite ubwoba bwo gufata imiti igabanya imihungabana. Uyu mwaka, muganga wanjye yampaye imwe yo kumfasha ""kugwaho"" nagize ikibazo gikomeye maze mpita mpumeka nyuma yo kuyinywa",overwhelmed_identity,amod
"Nta ncuti nyakuri mfite. Mfite umukunzi untera agahinda ariko ukankunda cyane. ndamwirukana kandi akankwirukana. Turimo gutandukana, kandi nta muntu mfite.",relationship_support,amod
"Najyanwa mu bitaro incuro ebyiri, rimwe mu kwezi gushize njya kwa muganga, ndajya kwa muganga, ariko ndwanya ibitekerezo bibi, ubwoba butabogamye n'ubwigunge.",anxiety_worry,amod
"Ndi gutana n'umugore wanjye umaze imyaka itatu, uwo nzi kuva mu mwaka wa 4 kandi nkaba namaranye imyaka irindwi! Twari tumaze amezi arindwi tubyaye umwana, kandi sinigeze twumvikana na mama, uwo nibanye na we mu gihe cy'imyaka myinshi. Ubu ndi kumwe na mama kuko nta handi mfite aho njya kubera ko gutana kwacu kwabaye. Mfite umutima ubabaye kuko nacitse intege, sinigeze mbona umwana wanjye mu gihe runaka, mfite inzozi nziza n'ibibi, kandi numva nanzwe. Ese ushobora kumfasha?",sadness_low_mood,amod
"Nari narashatse umuntu w'impanga mu myaka 10. Muri icyo gihe nari umuyobozi mukuru. Nakundaga kumufasha mu buryo bw'amafaranga no mu bundi buryo igihe twari kumwe. Ariko ibintu byatangiye guhinduka. Yanshyize mu kaga mu buryo bw'ibyiyumvo no mu by'igitsina. Nagize umutima wanjye. Kera nari umuntu wishimye cyane ariko ubu ndi wenyine. Namusigiye maze nimukira mu kindi gihugu. Ubu ndi umukozi utuma ntemera cyane. Mbabazwa cyane n'ubuzima bwanjye ariko sinzi icyo nkora. Iyo mfite amafaranga,",self_care_coping,amod
"Mfite indwara yo kwiheba, kandi mu mpeshyi y'umwaka ushize byari bibi cyane, ndarota kenshi, kandi nirinda ikintu cyose cyatuma numva nk'uko nagize muri iyo mpeshyi.",sadness_low_mood,amod
"Ubu mfite agahinda kenshi, none se nkora iki?",sadness_low_mood,amod
Ese ibyo bishobora kuba ari ukwiheba nyuma yo kubyara?,sadness_low_mood,amod
"Imishyikirano nari mfitanye na we irangiye nabi cyane. Baranyirukanye barandeka. Umwe muri bo sinigeze ndangiza, bituma numva ndwaye mu byiyumvo. Ndabizi ko hari ikimpitaho ariko sinzi n'uburyo bwo gutangira kugerageza kwihorera. Ndinjira muri iyo mibabaro igihe cyose umuntu wese nkunda ari umunyabyago cyane ku buryo adashobora kuba ari kumwe nanjye. Ndabizi ko ntakwiriye gukora ibintu nk'ibyo kuko abantu bafite akazi kenshi, ariko numva ko babikora kubera ko badashaka kuba bari kumwe nanjye.",overwhelmed_identity,amod
"Sinzi ikibi mfite. Hari igihe nshobora kuba nishimye, mfite amatsiko, mvuga vuba kandi nkumva nshaka gukora ibintu. Ariko muri iyi minsi, ndara nduhutse cyane kandi ndyama cyane. Sinongera gusabana n'incuti, nta n'ubwo mfite. Numva nta cyo maze, nta cyo maze. Nta cyo nshaka gukora, nta kintu nshishikazwa na cyo. Icyo nkora ni ugukomeza kuba mu cyumba cyanjye.",sleep,amod
"Hari igihe nabaga mfite agahinda kenshi, ariko ibintu byarushijeho kugenda neza. Ariko se kuki bigoye cyane kureka guhangayika no kwiherera mu muryango?",sadness_low_mood,amod
"Ubu ndwaye indwara yo kwiheba, sinzi aho najya.",sadness_low_mood,amod
"Mfite imyaka itatu nshatse mfite abana babiri. mu myaka itatu nishyingiranywe umugabo wanjye yanshutse inshuro ebyiri. ku ncuro ya kabiri yansetse cyane, maze mu gihe nari mfite intege nke cyane ndamubabaza. Ntituvugana neza nk'uko nakwifuza.",relationship_support,amod
"Iyo ndi mu bantu benshi ndarakara kandi ntashobora guhangana n'abantu. Sinkunda abantu (ndakunda inyamaswa) bituma ngira ubwoba. Ndara maso nijoro ntekereza kandi nkagira ibiganiro mu mutwe wanjye kandi hafi ya buri gihe mpita numva nabi kandi ndira, mfite impinduka nyinshi mu mutwe wanjye kurusha uko mbigenza ku bantu nyabo. Sinzi icyankoze nabi n'impamvu numva ntyo. Nakora iki?",sleep,amod
"Hari igihe ntashobora kureka gutekereza ku buzima nyuma yo gupfa. Nakuriye mu idini ryigisha ko tuzabaho iteka ryose, haba mu muriro cyangwa mu ijuru. Iyo ntekereje ku buzima bw'iteka (nubwo byaba mu ijuru byagombye kuba ari byiza), numva ndemerewe. Sinkunda igitekerezo cyo kubaho iteka ryose iteka ryose. Hari igihe ntashobora gukura icyo gitekerezo mu bwenge bwanjye maze ibyo bitekerezo bikangamira ubwoba n'imihangayiko.",overwhelmed_identity,amod
"Iyo ntangiye gukora imibonano mpuzabitsina, mba mfite ubwoba kandi nkumva mfite ubwoba.",anxiety_worry,amod
Nzi ko ibyo ntinya bidashyize mu gaciro.,anxiety_worry,amod
"Mfite impungenge z'ibintu bibangamira ubuzima bwanjye bwa buri munsi, urugero nk'amafaranga, akazi, imishyikirano, abana no kwita ku muryango.",anxiety_worry,amod
"Ubu nagiye mu mihango mishya y'ubuvuzi, ariko buri gihe iyo ninjiye numva mfite ubwoba kandi nkumva nihebye.",anxiety_worry,amod
Ndi 17 kandi ndarambiwe no kujya mbere no kugaruka. Nashakaga kuguma mu rugo rwa mama. Iki kibazo cyamfashije cyane. Mfite ibibazo byo guhangayika no kwiyahura no kwibabaza mu gihe cyahise. Ubu mpanganye n'imihangayiko kandi umuganga wanjye w'ubuvuzi ntaboneka. Ibyo mbigenza nte?,sleep,amod
"Mfite inzozi z'abagabo, kandi buri gihe basa n'abashaka kunkorera nabi. Byaje kuba bibi cyane ku buryo mbyuka saa yine n'igice, nyuma saa yine n'igice n'igice n'igice, hanyuma nkaguma ntinze saa cyenda. Buri gihe mba ndi uwa nyuma usinziriye kandi nkaba uwa mbere ubyutse.",sleep,amod
"Njye ndi kumwe n'umukunzi wanjye imyaka irenga umwaka. aherutse kubona akazi gashya kandi akajya atembera cyane. sinari nzi ko ahora aza. Numva ari nk'aho yari yanzibagiwe kuko ataganira nanjye cyane kandi ntampaye amakuru ku byo yakoraga umunsi wose, ibyo yakoraga. Numva ndi kure, ndi mu gahinda kandi ntawe nkeneye. Iki ni ikibazo gishya gikomeye. Ndashaka kumuta, ariko ndamukunda cyane. Sinzi impamvu akora atyo muri iyi minsi.",self_care_coping,amod
"Igihe nari mu busitani bw'amabati, nabonye ko hari umuntu wari ufite ikibazo cyo gutakaza imodoka, maze arambwira ati ""ni jye wabitwaye, ni jye wabitwaye, ni jye wabitwaye, ni jye wabitwaye, ni jye wabitwaye, ni jye wabitwaye, ni jye wabitwaye, ni jye wabitwaye, ni jye wabitwaye, ni jye wabitwaye, ni jye wabitwaye, ni jye wabitwaye, ni jye wabitwaye, ni jye wabitwaye, ni jye wabitwaye, ni jye wabitwaye, ni jye wabitwaye, ni jye wabitwaye, ni jye wabitwaye, ni jye wabitwaye, ni jye wabitwaye, ni jye wa",sadness_low_mood,amod
"Mfite ubwoba bwinshi mu cyumweru gishize, sinashoboraga gusinzira, numva ndi mu kaga, kandi mpfa guhumeka, numva nta kintu na kimwe nkora gituma ndushaho kumererwa neza.",sleep,amod
"Iyo papa cyangwa mama w'icyamamare bambajije icyo kibazo, sinzi ibisubizo cyangwa amagambo yo kuvuga icyo kibazo.",sadness_low_mood,amod
"Mfite akazi nkeneye cyane, umuryango wanjye ukeneye cyane akazi, abantu bakomeza kumbwira ko mfite ""imihangayiko"" kandi ko mfite ubwoba bwo kugira ikibazo cyo guhangayika mu muhanda.",self_care_coping,amod
"Nyuma y'imyaka 4 nari kumwe n'umukunzi wanjye, naherukaga gutandukana na we. Nizeye ko nakoze ikikwiriye, ariko kuba ndi umuseribateri byatumye numva nkeneye cyane no kutamenya uko ndi. Ndimo mpura n'umuntu mu buryo butunguranye kandi ndumva mpangayikishijwe n'uko anyumva n'uko nkeneye gushyirwa mu bikorwa.",overwhelmed_identity,amod
"Ndi ingimbi, kandi nubwo ntari narigeze njya kwa muganga, nabonye ko mfite ibimenyetso byinshi byo guhangayika. Incuro nyinshi, sinjya hanze nkakurikira ababyeyi banjye mu rugo. Sinshobora kujya mu maduka (mu by'umwihariko mu maduka y'ubucuruzi bw'ibiribwa) jyenyine, kandi iyo mbigenje ntyo, mba ngomba guhora ndi kuri telefoni ndi kumwe na papa. Nanone nibagirwa ibintu byinshi.",overwhelmed_identity,amod
"Ndi umuntu ugira amasonisoni cyane. Ubu ndi mu ishuri ry'impamyabumenyi y'ikirenga risaba gutanga ibiganiro byinshi, ariko buri gihe bituma numva mpangayitse kandi ntumva mfite icyizere.",anxiety_worry,amod
"Mu minsi mike ntangira kujya mu buvugizi/ubuvuzi (ndatangiye gutenguhuka) ariko ubwoba bwanjye bw'ibanze ni uko nzarira kandi nkumva ndi mu kaga, ese hari icyo bitwaye?",overwhelmed_identity,amod
"Ndumva mfite ubwoba bwo guhura n'abantu ntazi, ndetse n'abavandimwe. Sinigeze nturaho cyangwa ngo mvuge mu ishuri.",anxiety_worry,amod
"Ndi umugabo w'imyaka 20 y'amavuko. Muri iyi minsi, paranoia yanjye yo kuba ndi kumwe n'abana ituma mpumeka cyane kandi nkatinda cyane. Hanyuma ntangira kwitwara nabi kuko ngerageza kurwanya paranoia yanjye. Ibi bituma abantu banyitegereza kuko batazi ko mpanganye n'ibitero by'ubwoba n'ubushotoranyi.",anxiety_worry,amod
"Urugero, nari mu mikino yo mu rugo y'ishuri ry'ikirenga ku wa Gatanu, maze ndagenda kuko numvaga ntishimye ndi kumwe n'abantu bose bari aho, kandi nifuzaga kuba jyenyine.",overwhelmed_identity,amod
"Ndi umukobwa, kandi ndi ingimbi cyangwa umwangavu, sinshaka gutinya abantu. Iyo mpuriye n'umuntu, menya ko nta kibazo afite, ariko ndacyatinya.",anxiety_worry,amod
"Hari igihe umugabo umwe w'Umukristo w'indahemuka yambwiye ati ""nifuzaga ko mu muryango wanjye haba amahoro, amahoro n'umutekano, kandi nifuza ko mu muryango wanjye haba amahoro n'umutekano"".",self_care_coping,amod
"Rimwe na rimwe, ndumva meze neza kandi nshobora gusohoka cyangwa guhura n'abantu, ariko ku yindi minsi, umutima wanjye uratemba kandi amagambo yanjye ntashobora gusohoka mu kanwa.",overwhelmed_identity,amod
"Akenshi nirinda guhura n'abantu bashya kubera ko ntinya kwibabaza, kandi akenshi nirinda abantu benshi, urugero nk'amatsinda, kuko numva ko bose banyicira urubanza.",overwhelmed_identity,amod
"Umukunzi wanjye aba muri Canada nanjye nkaba muri Amerika. Turasurana ariko tugenda amezi hagati y'amasura. Mfite impungenge, kandi mpora mpangayikishijwe no kubona asambana cyangwa akomeje kugira ibyiyumvo ku wahoze ari kumwe mu myaka itatu. Ntiyumva impungenge zanjye. Ni gute nakwirinda guhangayika cyane?",overwhelmed_identity,amod
"Iyo ngiye gusinzira, sinashoboraga kwifata ngo ntigume ndiho.",sleep,amod
Mfite impungenge zikomeye kandi nagerageje byose.,anxiety_worry,amod
"Ndi umuntu ufite paranoia cyane. Buri gihe numva ko ndi mu kaga, nk'aho mba muri filime iteye ubwoba nta cyo nshoboye gukora. Iyo nijoro birushaho kuzamba. Ndumva mfite ubwoba mu rugo rwanjye kurusha ikindi kintu cyose.",anxiety_worry,amod
Sinzi niba ndi umuntu usanzwe. Mfite ubwoba bwo gukora ku mukobwa. Ndi umuntu ukiri muto kandi ndi isugi.,anxiety_worry,amod
"Nubwo ni umuntu w'amahoro, akenshi mpora ntekereza kwica abantu, nubwo icyo gihe ibyo nibwira bintera kurira.",overwhelmed_identity,amod
Ndatigita kandi ngira ibyago byo gutinya.,anxiety_worry,amod
"Ubu ndumva nta cyo maze, ndumva mfite agahinda kandi mfite ubwoba, numva ndushe, ni iki cyamfasha kumva meze neza?",overwhelmed_identity,amod
"Hari ikintu kimwe kintera ubwoba, kandi nifuza guhangana na cyo kugira ngo ndeke kugitinya, ariko sinzi uko mbikora.",self_care_coping,amod
"Kuva nkiri muto, nagiye mpita mpita mpita mpita mpita mpita mpita mpita mpita mpita mpita mpita mpita mpita mpita mpita mpita mpita mpita mpita mpita mpita mpita mpita mpita mpita mpita mpita mpita mpita mpita mpita mpita mpita mpita mpita mpita mpita mpita mpita mpita mpita mpita mpita mpita mpita mpita mpita mpita mpita mpita mpita mpita mpita mpita mpita mpita mpita mpita mpita mpita mpita mpita mpita mpita mpita mpita mpita mpita mpita mpita mpita mpita mpita mpita mpita",overwhelmed_identity,amod
Kuki mbyitinya cyane?,anxiety_worry,amod
"Mfite ikibazo cyo guhangayika, uburakari no kwibuka, ntashobora gukora, nta mafaranga mfite, mfata imiti ariko numva nta cyo maze, nifuza kuba umuntu usanzwe.",sadness_low_mood,amod
"Sinigeze numva ndi umuntu nk'uko ndi. Sinkibasha no gutekereza neza. Ntangira guhuhuta kandi nta kintu na kimwe nibuka. Buri gihe ndumva mfite ubwoba kandi akenshi ndumva niyica ariko vuba aha ndangiza ndwana n'undi muntu, numva ari nk'aho ari undi. Sinzi impamvu numva meze ntyo, ariko ndacyanga.",overwhelmed_identity,amod
"Nafashe itegeko ryo guhagarika uwo nakundanye, yaransuzuguye mu buryo bw'umwuka no mu magambo, numvaga ari ibyiyumvo byanjye, ariko buri gihe iyo mpagurutse ndwara, iyo nicaye nkumva meze neza.",sleep,amod
"Mama we abona ko mfite ibyiyumvo byinshi cyane, yanga kumfasha, nko kwivuza cyangwa kujya kwa muganga, yambonye mfite igitero cy'ubwoba, maze ambwira ko nagiraga ngo abantu banyiteho cyangwa ko ndi umuntu ufite indwara yo kutabona ibintu neza.",anxiety_worry,amod
"Mfite iki kibazo cy'uburwayi, ni ukuvuga ko iyo umuntu afashwe n'umuntu ufite ikibazo cy'uburwayi, aba afite ikibazo cy'uburwayi, kandi iyo umuntu afashwe n'umuntu ufite uburwayi, aba afite ikibazo cy'uburwayi.",sadness_low_mood,amod
Ubu ntinya cyane gukora imibonano mpuzabitsina kuko nahoraga mbwirwa ko imibonano mpuzabitsina iteje akaga nubwo jye n'uwo twashakanye twakoreshaga uburyo bubiri bwo kwirinda.,relationship_support,amod
"Naraye mpanganye n'impanuka y'imodoka, imodoka yanjye iragwa. Naretse akazi kanjye k'imyaka icyenda kugira ngo njye kwiga igihe cyose kugira ngo ndusheho kumererwa neza. Naratsinzwe ishuri, kandi umukunzi wanjye tubana atekereza ko ndi umusazi kandi ko ashaka kundeka. Nta handi nagiye, kandi numva ko mpombye byose.",overwhelmed_identity,amod
"Ni bibi cyane nijoro, kuko mpangayikishwa no gusinzira jyenyine.",sleep,amod
"Ndi mu ikipe y'imikino ngororamubiri n'umupira w'amaguru. Ishuri ryanjye ni rito, bityo nkina siporo zose uko ari enye. Numva nshinzwe gukora siporo kuko ntari umukinnyi mubi, kandi papa arashaka ko mbikora.",sadness_low_mood,amod
"Ndi umuntu udasanzwe mu muryango. Buri gihe nifuza kuba umuntu ukunzwe. Nagize amahirwe yo kuba umuntu ukunzwe, ariko buri gihe iyo mbyifuzaga, numvaga mfite ubwoba. Icyo nkeneye gukora ni ukuganira n'abantu bakunzwe. Baranyitayeho cyane, ariko mfite ubwoba bwo guhinduka.",anxiety_worry,amod
"Nkunda gutekereza ku byo abandi bashobora kunyitekerezaho, kandi nkumva nshaka kureka ibyo bintu maze nkishimira ubuzima.",anxiety_worry,amod
"Iyo abantu banyitayeho, numva ntishimye cyane, kuko bituma ntashaka kuvugira mu ruhame cyangwa gusubiza ibibazo mu ishuri.",anxiety_worry,amod
"Hari igihe nabonaga abantu banyishe mu buryo butandukanye, nkumva nterewe ubwoba cyangwa nkarira nkumva n'amarira.",sleep,amod
"Jye n'umukunzi wanjye tumaze hafi umwaka dukundana. Tujya mu mashuri atandukanye, kandi ntiturabana kenshi. Gusa numva mfite ipfunwe ryinshi ko hari undi muntu cyangwa ko ashobora kuba anshira ikintu.",relationship_support,amod
"Mfite impungenge ku mukunzi wanjye, ndwara indwara yo guhangayika, ariko buri gihe numva ko ashaka kunkorera nabi kuko yambwiye ko ashishikajwe no gukora imibonano mpuzabitsina na BDSM.",sleep,amod
"Mfite ubwoba bwinshi, kandi sinzi impamvu, numva nta cyo nshobora gukora jyenyine kuko ntinya ingaruka.",overwhelmed_identity,amod
"Mu myaka ibiri ishize natangiye gukundana n'umukunzi wanjye. Umusaza wanjye wa mbere yashyingiranywe na mushiki w'umusaza wanjye. Buri gihe haba ibibazo byo kuvugana hagati ya databuja na nyirarume, na mama wa mama na nyina.",relationship_support,amod
"Ndi umukobwa w'ingimbi. Kuva nkiri muto cyane, rimwe na rimwe nabonaga inzozi nk'izo. Ikibazo ni uko nta kintu na kimwe nibuka kuri izo nzozi. Ndacyari nzi ko ari zimwe, hanyuma nkakanguka mfite ubwoba, nkarira cyane ntazi impamvu. Kuki mbona inzozi imwe, kuki ntashobora kuzibuka, kandi se nkwiriye gukora iki ngo mbiyibuke?",sadness_low_mood,amod
"Mfite umukunzi wanjye, arankunda cyane, nanjye ndamukunda. Birambabaza kuba ntari kumwe na we igihe kirekire. Birambabaza cyane, hanyuma numva ko bitazakomeza.",relationship_support,amod
"Natangiye kujya nsanga uyu musore najyaga mpura na we mu nzu y'inshuti. Haje igihe gito atandukanye n'umukunzi we wa kera atangira kumenyana nanjye. Ibintu byose byari byiza mu ntangiriro, nyuma ntangira kugira ibitekerezo byo kwiyemera hasi, ntangira gutekereza ko yongeye gusabana n'umukunzi we wa kera. Ni byo gusa ntekereza. Ndacyamubona ariko ibintu byarahindutse kuko nta magambo mfite. Ndatwarwa n'ibitekerezo byanjye. Ndamukunda kandi ndamuha agaciro cyane. Antera ubwoba gusa akanampa ibishushanyo mbonera.",anxiety_worry,amod
"Kuva mfite imyaka 19, nta ncuti ngira, kandi nta kazi mfite, byose bitewe n'uko ntinya abantu.",anxiety_worry,amod
"Numva ntekanye mu buzima bwanjye. Ntekereza ko umugore wanjye yifuza umubano wacu nubwo avuga ko abishaka. Nagiye kunywa inzoga kugira ngo mpumure stress yanjye ivanze n'ibyo n'ibindi bibazo. Mfite ikibazo cyo kunywa imyaka mike. Numva impamvu nywa inzoga atari uko mbishaka gusa, ahubwo ni uko mu minsi ishize ndi mu rujijo. Mbabazwa cyane no kureba filimi namaze imyaka myinshi ndeba. Mbabazwa no gutwara imodoka ku mihanda minini. Mbabazwa cyane n'urusaku rworoheje.",anxiety_worry,amod
"Ntekereza ko ari njyewe umbuza amahoro kandi umbuza amahwemo, ariko umukunzi wanjye avuga ko nta kibazo mfite.",anxiety_worry,amod
"Iyo njya ku ishuri numva ko buri wese ansuzuma, ndetse n'inshuti zanjye. Ndumva ndemerewe cyane n'ibyo bitekerezo kandi rimwe na rimwe ntashobora gusohoka mu byo nitwa icyuho cy'ibitekerezo. Ndetse njya ku ncuro ya mbere mu kubyina kw'ishuri kubera abantu bose. Ndetse n'igihe ndi jyenyine, ibyo bitekerezo ntibivaho. Ndacyumva ko abantu bashobora kunbona bakancira urubanza.",overwhelmed_identity,amod
"Mu minsi ishize, ubwo nari maze kubyara umwana wanjye wa kabiri (amaraso y'ibinyugunyugu yakurikiwe n'amaraso y'imbere n'amaraso y'ibinyabuzima). Ni ikibazo gikomeye. Ubu ndi mu buvuzi kubera icyo kintu, kandi mpora mfite ubwoba ko icyo kigeragezo cyose kizasubiraho.",anxiety_worry,amod
"Buri gihe mba mfite icyifuzo cyo guterera ibintu byanjye byose. Buri gihe biba mu bwenge bwanjye kandi bituma numva mpangayitse. Sinasinzira kuko ntekereza ku kintu nshobora kwikuraho. Sinzi impamvu mbikora. Natangiye imyaka myinshi ishize nkiri kumwe na papa, hanyuma ndeka igihe nabaga ndi kumwe na mama. Nyuma y'imyaka myinshi, byongeye gutangira.",sleep,amod
"Hari igihe mpura n'umusore, kandi sinashobora kureka kumwibuka. Numva nkimukunda, ariko ntekereza ko ndamuzi. Byagenda bite se niba atari uwo nibaza ko ari we? Rimwe na rimwe ndarira ntekereza ko hari umuntu uzamuherekeza cyangwa ko afite umukunzi. Sinzi, mbese ndushaho kumwifuza?",sadness_low_mood,amod
"Mperutse guhura n'imihangayiko myinshi no kugira ubwoba. Mperutse kubwirwa n'umuganga wanjye w'indwara yo kwiheba. Mperutse kubaza ibibazo byose, kuva ku kazi kanjye kugeza ku mishyikirano mfitanye n'uwo twashakanye.",anxiety_worry,amod
"Mfite ubwoba bwinshi kandi niyizera cyane kubera ko ndi umukobwa w'isugi ukiri muto utari warigeze agira umukunzi. Birasa n'aho abantu bose mu kigero cyanjye baba baramaze kugira umukunzi cyangwa bakaba batakiri abasore, kandi ni bwo gusa nafashe ikinono cya mbere mu mezi atanu ashize. Mfite impungenge ko, muri ibi bihe, nta musore nzagira igihe kirekire. Ikibazo ni uko nshaka gutakaza ubusore bwanjye ku musore wanjye wa mbere unkunda, ariko nanone, sinshaka kuba umukunzi wanjye.",sleep,amod
"Mu buzima bwanjye bwose, numvaga ntiringira, ntekanye kandi nibaza ibibazo. Ndi umuntu utuje cyane kuko ntinya ibyo abantu bazanyumva. Nkirinda imimerere yose yo mu muryango kuko bituma mpangayika cyane. Uko ni ko ababyeyi banjye bose bahora ari, kandi numva ko nanjye nzabona ubuzima nk'ubwo. Birambabaza cyane ku kazi kuko abandi bakozi bagerageza kunshakisha no kunshyira hejuru kuko ndi mwiza cyane. Binteza kwiheba no kunshyira hasi.",overwhelmed_identity,amod
"Mfite ibibazo byinshi muri iki gihe. Icya mbere, hari igihe numva ntasinzira neza, mu gihe mu yindi minsi ndyama cyane kandi nkumva nduhutse. Nanone mbona ko ndushaho guhangayika kandi nkaba mfite ibibazo by'imihangayiko bimara amasaha menshi.",sleep,amod
"Numva ngomba kurangiza umubano wanjye.Abana banjye baba kure amasaha atatu kandi bakunda kumva ko hari umuntu baganira inshuro nyinshi ku munsi kandi ko bambona rimwe cyangwa kabiri mu kwezi.Nashaka umuntu uriho kandi ari mugenzi wanjye mu buzima.Muri iyi minsi, afite gahunda y'akazi yihariye kandi mu byumweru 6 bishize namubonye inshuro nkeya gusa.Namubwiye ko ntashobora gukomeza muri ubu buryo kuko mpora numva ncitse intege kandi ndakariye kandi ko adashyira umubano imbere bihagije.",sadness_low_mood,amod
"Ndi ingimbi, kandi mpanganye n'ikibazo cyo kujya hanze no kuganira n'abantu. Numva mfite ubwoba bwo kuva mu rugo. Ndabizi ko ntashobora kwishyura umwarimu, bityo sinzi ikibazo mfite, ariko ndatekereza ko nshobora kugira impungenge mu by'imibereho.",anxiety_worry,amod
"Iyo ntavuze ibyo nakoze cyangwa ibyo ntavuze ku nshuti zanjye cyangwa undi muntu uwo ari we wese, numva nabi cyane, nk'aho mfite icyuho mu nda.",overwhelmed_identity,amod
"Igihe nari muto, nabaye umwere incuro nyinshi, mbwira ababyeyi banjye ko hari icyo bakoze, ariko ubu ko maze kuba umuntu mukuru, ndwara indwara yo guhangayika.",anxiety_worry,amod
"Ndumva ndi umuntu usohoka cyane, ariko hari igihe ntamenya icyo mvuga. Ndumva ntashaka no kuvuga. Ni nko gushaka ikintu cyiza cyo kuvuga ariko nta kintu na kimwe kiboneka. Sinzi niba ngiye gusohoka gusa kugira ngo nuzuze icyuho cyo kutamenya icyo mvuga. Sinzi niba abantu banyishimira. Ndi umuntu wiyemera cyane kandi buri gihe ntekereza ko abantu bavuga ibyanjye, bityo bituma ngira umutego uhindagurika ntashaka kuvuga",overwhelmed_identity,amod
"Papa yanze kwemera ko mpangayikishijwe no kujya mu birori, mu birori, n'ibindi. Igihe cyose mfite igitekerezo, gihagarara. Mama n'abandi bose bakomeza kwitwara batyo. Papa uyobora sosiyete, ibyo ni ibisanzwe. Agomba guhora ari mu kuri. Yanze no kubibona nk'uko mbibona. Icyakora, mu minsi ishize, ibintu byatangiye kugera aho numva mpangayitse kandi ntashobora kuvuga icyo ntekereza.",sadness_low_mood,amod
"Iyo mvuye mu mukunzi wanjye, ngira ubwoba, nkajya mfata imiti yo kugabanya ibyago, ariko ntekereza kwimukira aho ari kuko mpangayitse cyane.",anxiety_worry,amod
"Mfite ikibazo cy'uburwayi mu mutwe, ubu mfite ibibazo byo kuryama, mfite n'imihangayiko myinshi, imiti yose nagiye nkoresha umubiri wanjye irabyanga, ndwara mu nda, nkagira ibisebe mu kanwa, nshobora nte kwihorera?",sleep,amod
"Iyo umukobwa wanjye ahangayikishijwe n'ikintu cy'ubupfu cyo mu ishuri, atangira kurira no gutinya. Ni umunyeshuri mwiza, buri gihe afite amanota 4.0, ariko mfite ubwoba ko ahangayikishijwe cyane.",overwhelmed_identity,amod
Buri munsi ababyeyi banjye banyinubira imbere y'umwana wanjye. Numva ndi mu mutego kandi ntaho mpungira. Numva nkeneye kumva ibintu biteye ubwoba bavuga nkabikorana ubwitonzi. Nkeneye uburyo bwo kwiga uko mbyifatamo mu gihe mbyumva cyane ko nta handi nabona. Numva nduhutse cyane mu byiyumvo.,self_care_coping,amod
"Umukunzi wanjye ambwira ko bimurakaza kandi ko bitamushimisha, ariko ko hari impamvu yatuma atinya kumubwira icyo ari cyo cyose.",anxiety_worry,amod
"Umupfasoni wanjye wa kera yaranshatse, maze arankoresha kugira ngo mbyarire umwana. Ubu akoresha uwo mwana nk'ikimenyetso. Ndabizi ko umwana wanjye ankurikira, ariko ngomba gukomeza kubaho ntari mu bihe byashize. Ibyo mbikora nte? mbona umwana wanjye uko bishoboka kose cyangwa mbona bike cyane? Ese ni ibintu bimubangamira cyane ku mwana?",relationship_support,amod
"Igihe umuhungu wanjye yari ingimbi, twamwohereje kwa se kubera ko yakundaga kumusuzugura. Icyumweru kimwe amaze guhabwa impamyabumenyi, se yamusabye kugenda kubera ibibazo bimwe. Ababyeyi be uko ari bane bagerageje kumuvugisha, ariko yanze kumufasha. Ubu aba kwa sekuru na nyirakuru. Yari afite akazi, maze afata ingamba zo kubona impushya ze n'imodoka y'ubwishingizi.",sadness_low_mood,amod
"Yararize kubera ko atongeye kunyizera, none ubu numva ndi umuntu w'imbeshyi kandi umutima wanjye urabaye nk'uwaciwe, nkore iki?",overwhelmed_identity,amod
"Gusa ntaho tuvugana. Aracyarara umunsi wose (si nijoro). Akora ibintu biraka kandi atita ku byo yifuza, akomeza kuba mu cyumba cye cyuzuye imvururu. Igihe cyose asohoka ari kurya gusa. Arababara kandi arambiwe, arushaho kugira ibiro, asubira mu musatsi kandi agashirana n'uruhu. Ntita ku buzima bwe. Sinzi uko namuganiriza. Nta n'icyo amfasha.",sleep,amod
"Mfite impungenge ku mukobwa wanjye w'imyaka 12 y'amavuko. Mu kwezi kumwe cyangwa ibiri ishize yatangiye kugenda ku birenge, ndetse no kwandika no kwandika byaje guhungabana cyane. Ibi byose byabaye mu buryo butunguranye cyane. Ntiyigeze agenda ku birenge bye kandi buri gihe yagiye ashyira amabara no kwandika neza cyane. Ese ibi ni ibintu ngomba guhangayikishwa nabyo? inama iyo ari yo yose izamfasha.",self_care_coping,amod
"Mfite abana batatu. Umukuru ni icyenda, ntabwo ari umwana wanjye wa kamere. Umwana wo hagati ni batatu, umuto ni umwe. Mfite umubano mwiza n'abana babiri bakuru ariko sinigeze ndushaho gukunda umwana muto. Ni gake nshaka ko aba hafi yanjye kandi nkaba ntegerezanyije amatsiko igihe cyo kuryama. Ese ibyo ni ibisanzwe?",relationship_support,amod
"Umwuzukuru wanjye w'imfura yatangiye kwikinisha, kandi nagombaga kwirukana interineti kuko yafashwe ashakisha porunogarafiya.",anxiety_worry,amod
"Ndi mu myaka 30 mfite abana 2 nta kazi mfite kandi ntari mu rugo, nagerageje byose nta cyo mbona, numva ko abandi bose bashyira ibyo bakeneye imbere y'ibyanjye, ndabyemera kugeza igihe bibabaye kandi mfite ubwoba ko nzatsindwa n'abana banjye, maze imyaka 5 mpanganye n'imishyikirano ntaho mpuriye nta n'umuntu n'umwe, nshobora kubona ubufasha nte?",anxiety_worry,amod
umukobwa wanjye yari ananiwe cyane kandi yari agiye kurira mu nzu ya nyirakuru. yashakaga gutaha saa sita z'ijoro ararira ararira avuga ko yanga nyirakuru kandi ko yiyahuye! natwe dufite umwana mushya mu nzu sinzi niba ibi bizatuma ibi bishoboka. mbese nkwiye kubyifatamo nte?,sleep,amod
Ubu mfite imyaka 20 kandi ndacyari kumwe n'ababyeyi banjye kuko ntashobora kwicara jyenyine. Mama avuga ko niba mba mu nzu ye ngomba gukurikiza amategeko ye. Aragerageza gutegeka ubuzima bwanjye.,relationship_support,amod
"Papa atuma numva nta cyo maze, akambwira amazina kandi akantuma niheba, ndashaka kwimuka kuko ndahiye ko nihaguma hano, nzapfa.",self_care_coping,amod
Nifuza kuba kwa mama. Papa ararakara kandi akambwira ko ari jye wabyiteye. Ndacyakomeza kuganira na mama nubwo papa ambwira ko ntemerewe. Ntinya ko nzagira umwanzuro mubi kandi ko papa azanyanga.,anxiety_worry,amod
"Namubwiye ko iyo papa apfuye, tutari kuzongera kumubona, maze atangira kurira kuko ntari kumutera gupfa.",sadness_low_mood,amod
Ese ibyo ni byo byagombye gutuma mpangayika?,anxiety_worry,amod
"Njye n'umukobwa wanjye ntumvikana. Iyo ntemeranyije na we aransuzugura cyane. Ni nk'aho anshinja. Turwana intambara y'urudaca. Avuga ko ntamufasha mu byo akora kandi ko ntigeze mumukunda. Anshinja amazina mabi, kandi anshyira ku murongo kugeza ubwo mpita mvuga amazina ye.",relationship_support,amod
"Ndi mubatane kandi ndishimye. Umuryango wacu w'abana b'imfubyi uri mu myaka 20 y'amavuko. Umuto wanjye w'imyaka 20 akomeje kunyita umusazi kandi agashimisha se. Yamporaga, maze mvaho ndwaye. Ntiyigeze ashaka abana, kandi nanjye narabigize. Yatanze amafaranga y'abana binyuze gusa ku bakozi b'abahinzi. Ubu abakobwa banjye bamushimira nyuma y'ibitambo byose nabakoreye mu myaka 15 ishize ndi umubyeyi w'umugore umwe.",relationship_support,amod
"Ubu se ko umuhungu wanjye atakifatanya natwe, ni gute twagombye kubona ibintu? Ese akora ibyiza ku mwana we?",relationship_support,amod
"Nyina w'ibyamubayeho arwaye mu mutwe.Yamaze igihe kinini mu buzima bwe.Yicira.Yinjiye mu bitaro by'ubuvuzi bw'ibanze mu gihe cy'imyaka igera kuri 40.Afite amajwi mu mutwe amubwira kwicira.Yakoze imiti myinshi yo kumutera ubwoba, kandi afite imiti ihagije yo kwica inzovu.Ibyangombwa by'ababyeyi ku bana be babiri byamuvanywe igihe umugabo wanjye yari akiri umwana.Ubu afite imyaka 30 irenga.Ntabwo afite uburenganzira bwo kwicira urubanza.Ntabwo yigeze amusaba",sadness_low_mood,amod
"Njye n'umukunzi wanjye tumaze imyaka ibiri mu rukundo. Dufite umwana w'umuhungu. Umukunzi wanjye na we afite umwana wo mu mubano wa mbere. Ntitubana. Ubu mba ndi kumwe na mama mu gihe ndi ku birenge, kandi aba ari kumwe n'inshuti. Mama na njye dufite umubano mubi cyane utanyuramo igihe kinini. Ntitwakwihanganira no kuba turi kumwe mu gihe tuba mu nzu imwe. Yatanze amabwiriza yumvikana ko ashaka ko mpita njya. Vuba aha, nari mvuganye na data utuye mu kindi gihugu. Data.",relationship_support,amod
"Umukunzi wanjye afite umwana amurera buri mpera z'icyumweru. ajya kumureba kabiri mu cyumweru cyangwa arenga. Igihe cyose agiye, ajya mu bikorwa nk'ibyo igihe nyina yapfaga. Iyo ari hano, aratubaha, maze igisubizo cye ni Ntabwo nzi icyo nakubwira. Arahira kandi aravuga, aramuseka. We na nyina bamaze imyaka itatu batandukanye, kandi amurega imyitwarire ye no kuba akiri muto cyane. Ntitujya tugira igihe cyo gukura igihe atari hano. Ni we """,relationship_support,amod
"Umugabo wanjye wa kera yabwiye abana banjye babiri b'ingimbi n'abangavu ko umunsi wa mbere wa Noheli Santa atabaho. Bifuza cyane gukomeza kugira ubupfumu bwa Noheli, ariko sinzi niba ari byiza ko mbeshya nkababwira ko Santa ariho koko. Sinshaka kubaca intege no gutuma batakaza ibyo bibuka, ariko nanone sinshaka ko batakaza icyizere.",sadness_low_mood,amod
"Umwana wanjye w'agahungu gato afite ikibazo gikomeye mu myitozo yo mu bwiherero. Buri gihe iyo abonye imyenda ye, ahita avuza. Araremba ariko ntiyijyane mu bwiherero. Tugerageje intebe y'ibyumba n'impeta bizajya mu bwiherero bw'abahungu bakuru, ariko aranga kubikoresha. Iyo yicaye mu bwiherero, yicara aho iteka ryose gusa akajya gusukamo. Akomeza kuyicikaho kugeza aho azamuka, hanyuma akajya kuyicukura mu ndera. Ndirasa indera ye mu bwiherero nkamumenyesha ko ari ho igenda kugira ngo amutere inkunga.",anxiety_worry,amod
"Ndi umunyeshuri w'umutoza w'amashuri yisumbuye. Ndi n'amezi atanu atwite. Ndetse naremerewe n'umukunzi wanjye w'imyaka itatu. Ababyeyi banjye ntibashaka ko tuvugana. Ntashobora no kuza gusura umuganga wanjye w'abagore. Mama ajya mu biro by'abaganga banjye bose. Anshyigikira. Ariko nifuza ko umukunzi wanjye yaba iruhande rwanjye kandi agashobora kubona umukobwa we kuri sonogram, nibura. Umuryango wanjye ntumva ko akwiriye ibyo byinshi. Ndarira igihe cyose kuko",overwhelmed_identity,amod
"Uyu munsi nijoro, umugabo wanjye yasaga n'aho yashyize umuhungu wacu hasi binyuze mu buryo butari bwo. Uburyo bwe bwari butari bwo rwose. Nabonye ko mpagarariye umuhungu wanjye. Namubwiye ko ibyo yakoze atari uburyo bwo gushishikariza umuhungu wacu. Aho kureba imyitwarire mibi y'umugabo wanjye nafashe umwanzuro wo kwicara iruhande rw'umwana wanjye, maze dufatanyije dukora akazi k'ubushakashatsi kugira ngo tumushishikarize kwiga. Umugabo wanjye yararakaye arambwira, arambwira. Yanteye ubwoba. Nari nzi ko atakora urwenya. Amagambo ye yanteye ubwoba cyane.",overwhelmed_identity,amod
"Uyu mukobwa yari afite imyaka 15 y'amavuko, ariko yari afite imyaka 15 y'amavuko. Yarezwe n'umubyeyi we w'umunyamahane n'umugore we. Mu myaka 30 ishize narashe umunyabyaha wanjye, ndamucira urubanza muri Louisiana. Natakaje uburenganzira bwo kurera umukobwa wanjye, maze ndamara imyaka 5. Igihe narekurwa, yari afite imyaka 5 kandi ntiyari anzi. Ibyiyumvo byinshi bibabaje byaturutse ku kuba naragiye kumusura nyuma yo kumusura, kumusiga muri Texas ngo nsubire muri Louisiana.",overwhelmed_identity,amod
"Ni iki gituma umwana wanjye w'umuhungu w'imyaka 8 ahunga umukobwa wanjye w'imyaka 6? Ibi bimaze imyaka 4 bibera aho. Uyu muhungu abwira umukobwa wanjye ko atagomba kumubwira. Azi ko ari bibi; twagiye mu biruhuko, tukaburana, tukaburana ibikinisho, kandi twicaye ku rukuta. Ntinya umutekano w'abakobwa banjye!",anxiety_worry,amod
Inshuti zanjye zose zaba zarashakanye cyangwa zaba zaragize umukunzi uretse jyewe.,relationship_support,amod
"Buri gihe bambwira ko ntari mwiza bihagije cyangwa ko ntari gukora cyane. Mfite ibyo nshaka byose 100%. Ndarambiwe, nakoreye ku miryango yanjye yose, nize neza ku ishuri, ndi mwiza ku bakene n'ibindi. Nkunda imyizerere yanjye, nkabikira abandi amakosa kandi nkabikorana umwete kugira ngo ntakora byinshi kandi ibyo nkora ndabikora.",sadness_low_mood,amod
"Nyogokuru yapfuye aherutse kurwara indwara yo mu bwonko, ndatakaza inzu n'akazi, ndashaka ariko sinigeze mbona akazi, ndarira televiziyo kandi ndarya cyane.",overwhelmed_identity,amod
Hari igihe numva niyibagiwe mu buryo bw'umubiri no mu byiyumvo.,overwhelmed_identity,amod
"Buri gihe natekerezaga ko nta byiza byinshi byangirira. Ubu ibintu bigenda neza, birantinya. Namaze igihe kinini mu buzima bwanjye numva ko nta muntu unshaka kandi ntekereza ko nari kuba jyenyine. Mperutse guhura n'umugore mwiza cyane unkunda cyane, kandi sinzi uko mbyitwaramo. Ibyo biratubabaza twese.",relationship_support,amod
"Ndi umugabo uri mu kigero cy'imyaka 20 n'umukobwa wanjye uri mu kigero cy'imyaka 30 ni mwiza. Ni mwiza. Ni mwiza kandi ni mwiza. Afite umutima munini, kandi dufite ubuzima bwiza bwo mu mibonano mpuzabitsina. Vuba aha yaturutse iwanjye kubera ko yifuzaga, kandi kubera ko nta handi yari kujya. Turarwana cyane. Ni amakosa yanjye ahanini, ndabyemera. Nkunda ko ntamufitiye umutekano n'uko ntamwizeye. Mfite ibibazo byo kumwizera. Ikindi kandi, sinshobora gusobanukirwa impamvu umugore nka we ari kumwe nanjye, bityo nanjye ndamuha agaciro.",relationship_support,amod
"Numva nihebye cyane, numva ko ndi mu bwigunge bukomeye, kandi ko ntari ukwiriye kugira ibyishimo, kandi ko mpora mfite ubwoba ko hari ikintu kibi ndimo nkora. Ni nk'aho ntekereza ibintu by'ingorabahizi maze nkabitekerezaho.",overwhelmed_identity,amod
"Mu mwaka ushize, numvaga nshaka gukora neza mu ishuri, kandi ibyo byanteye imihangayiko myinshi. Namaze imyaka itanu mpagarikwa umutima, kandi kubera impamvu runaka, ubu biragenda birushaho kunaniza, kandi sinshobora kubireka.",overwhelmed_identity,amod
"Ese ni iki kibi ndimo nkora? jye n'umugore wanjye turimo turwana igihe cyose. Nakora iki? Nta kintu na kimwe twemeranyaho kandi akenshi ajya ahita asanga imyanzuro, akenshi iyo ari yo ituma numva nabi. Ni umugore ukunda umuryango cyane mu gihe umuryango wanjye wose wansize ku mugongo, wannyuzura, wanenga kandi unshyira mu kaga mu bwenge. Sindi umuntu ukunda umuryango. Mu buzima bwanjye mfite abantu babiri gusa - inshuti yanjye magara n'umugore wanjye. Mama wanjye yahatiye data kuva mu buzima bwanjye ku buryo ntamenya uwo ari we koko.",self_care_coping,amod
"Ku munsi wa mbere w'ishuri, nakoresheje igishura kinini cyane kugira ngo gisa n'aho mfite ibyibugu binini. Nabikoze mu mwaka wose w'ishuri kandi ababyeyi banjye ntibigeze babimenya. Ariko ubu sinashobora gusabana n'incuti zanjye mu rugo cyangwa ngo mbatumize kubera ko ababyeyi banjye bari kuba bari kumwe na zo, maze incuti zanjye zikabona ko nta kintu na kimwe kiri mu gituza cyanjye.",relationship_support,amod
"Nkunda ibintu byose mbona mu ndorerwamo, sinkunda kuba mu mafoto kandi buri gihe nkora ibintu mu maso, biranshishikaza, sinkwizera ababyeyi banjye bihagije ngo mbibabwire kandi sinzi icyo nkora.",anxiety_worry,amod
"Iyo ndi mu nzira, mpangayikishwa n'uko mboneka, uko nshyira mu maso, n'ibindi nk'ibyo.",overwhelmed_identity,amod
"Umunyururu wanjye amaze igihe afite ikibazo cyo kunywa inzoga. Asohoka, akagwa mu rusyo, hanyuma agategereza ko buri wese amwitaho. Mu gitondo ukurikiraho, asaba imbabazi kugeza ubwo yumva yemewe. Nanone atekereza ko buri wese amwanga igihe cyose. Iyo nta kindi kintu na kimwe gisa nk'aho gishimishije, arambaza ati ""ese unyanka? uranyanka. Umbwire ko unkunda"", maze numva nkwiye kumubabarira kuko na we yigeze kwiyahura.",self_care_coping,amod
"Buri gihe mba numva nkeneye gutera abantu inkunga, baba abo mu muryango wanjye, abo ku ishuri cyangwa abantu batandukanye.",relationship_support,amod
"Numva ko navukiye mu mubiri utari wo Numva ko ngomba kuba umukobwa ntari umuhungu Kuva nkiri muto nifuzaga kuba umukobwa Numvaga ko ntari njyewe. Numvaga ko icyo nari cyo. Nashakaga kumenya icyo nakora kuri ibyo. Umuryango wanjye urwanya abantu baryamana mu mibanire y'ibitsina kandi sinshaka kugira icyo mbikoraho. Nashakaga kuba njyewe. Numva nk'aho nzagira ibyishimo icyo gihe. Sinareba mu ndorerwamo, kandi sinkunda kwiyerekana.",relationship_support,amod
"Ndi mu kigero cy'imyaka 30, numva ko nakoresheje 5% by'ubushobozi bwanjye gusa. Ndi mu gukora filime, ariko byose birahagaze. Sinigeze ngira umubano ukomeye.",sadness_low_mood,amod
"Iyo ntekereje ku byabaye, numva mfite isoni kandi mfite icyaha nubwo abo nakundaga bababaririye.",overwhelmed_identity,amod
"Buri gihe numva ko abantu bose banyihanganye, bagakora uko bashoboye kugira ngo banshire mu kaga, kandi ibyo birangirira nabi imimerere yanjye ndetse n'ubuzima bwanjye bwose.",sleep,amod
"Numva nk'aho ngerageza kwijijisha ko ntameze neza, buri gihe nkirinda ibibi, nkibagirwa, kandi numva ko nta muntu unkunda kandi ko atazigera ankunda.",overwhelmed_identity,amod
"Numva mfite agahinda kenshi, numva ncitse intege, numva ndakariye cyane ku buryo numva ngiye gusenyuka, numva ndi ikigwari, nta gaciro mfite, kandi sinkibasha kubyihanganira.",sadness_low_mood,amod
"Ubu maze imyaka itandatu mfitanye ubucuti n'umukunzi wanjye. Mu minsi ishize, umubano wacu wari ugoranye kandi utera agahinda. Twaraganiraga cyane, kandi kubera ibyo, hari umwuka w'ubushyamirane hagati yacu. Twagumanye kuko dukundana kandi twifuza ko bigenda neza. Nakundaga kujya mu birori byinshi, kandi incuro nyinshi nagiye mu mimerere yatumaga mpera mu kindi muntu. Ibi bintu ntibyaba birenze gusa gusomana.",overwhelmed_identity,amod
"Iyo ntari mu kazi, ndanywa. Iyo ngerageje gukora siporo, nkora siporo, ndangiza nkagwa mu ndwara y'ihindagurika. Kuva ku ntwaro kugeza ku magambo, nta kindi nakora uretse kwibabaza. Nakora iki, nkora iki ngo mpagarike iyi ngendo? Sinzi uko nahangana cyangwa ngo ndusheho kwiteza imbere ntababare.",self_care_coping,amod
"Ndi mu kigero cy'imyaka 20, sinigeze ngira umukunzi cyangwa ngo mpite mpura n'umuntu. Nta nshuti ngira. Nkunda Facebook kuko abandi bose bafite abana n'umugabo mwiza kandi bafite akazi keza. Nkora mu bucuruzi, kandi sinshobora kubona akazi. Mfite impamyabumenyi y'ishuri. Nta muntu unsiga amahirwe, kandi ndarakara kandi ndumva ncitse intege. Numva nta cyo maze kandi numva ko abantu bose bankunda. Numva nk'umunaniro, kandi ndacyari kumwe na papa wanjye. Birambabaza cyane!",overwhelmed_identity,amod
"Ndi mu kigero cy'imyaka 20, narashatse rimwe, aranseka. Kuva icyo gihe, numvise ndi mubi uko byagenda kose.",overwhelmed_identity,amod
Ntinya ko ndi kumwe n'uyu mugabo kugira ngo ntakabuza kuba jyenyine.,anxiety_worry,amod
"Hari abagabo benshi banteye agahomamunwa, none ubu sincyumva ko ndiho, kandi nkora ibintu by'imbere kugira ngo ndusheho kwishima, maze nshobore kuryamana n'umugore wanjye.",overwhelmed_identity,amod
"Nabonye ubutumwa hagati y'umukunzi wanjye n'uyu mukobwa ku mbuga nkoranyambaga.Yamusabye amafoto yambaye ubusa hanyuma arasohokana na we rimwe, ariko nta kintu na kimwe cyabaye.Ntabwo namenye kuri ubwo butumwa kugeza mu kwezi gushize kandi nyuma y'amezi atandatu bibaye.Sinshobora kumwizera kandi nibaza niba nzongera kumwizera.Yemeye ko yifuzaga kumuryamana ariko ntiyabikora.Yaganiraga na we gusa kuko yatekerezaga ko tugiye gutandukana.Umutima wanjye urabaye rwose. Numva nk'aho mpanganye n'umukobwa wese wo ku rubuga rwa interineti.",overwhelmed_identity,amod
"Mfite ikibazo gikomeye cyo gutana n'umugore wanjye, kandi ibyo bintu byose birambabaza cyane.",relationship_support,amod
"Imyaka itanu ishize, umugabo wanjye wahoze ari umugabo yaragiye ntavuze impamvu. Numvaga ko nta cyo byatangaje. Sinamukumbuye nk'uko nari mbikunze ariko sincyiringira abantu, ndetse n'incuti zanjye nari nzi kuva nkiri muto, ndetse n'umuryango wanjye.",overwhelmed_identity,amod
"Iyo mbonye ko ngomba kuba umuntu w'igitsina gore kugira ngo abantu bakomeze kumbera hafi, byatangiriye igihe umusore wahoze ari umukunzi wanjye yankubitaga ku ngufu.",relationship_support,amod
"Hari mu masaha make ashize, naganiriye n'umukobwa umwe nzi ku kibazo cyanjye cyo kwifata. Twamaze amasaha tuganira, akomeza kumbwira ko ndi umusore mwiza. Yambwiye ko ndi mwiza, ko mfite kamere nziza, n'ibindi.",overwhelmed_identity,amod
Ni gute nagombye guhitamo niba ngomba kureka imishyikirano mfitanye n'umukunzi wanjye?,relationship_support,amod
"Umugabo wanjye na jye twaratandukanye, kandi ntashaka no kuvugana nanjye.",relationship_support,amod
"Mfite umuhungu w'imyaka ibiri, mama we na njye twafashe icyemezo cyo gutandukana kubera ko ntashyingiranywe. Twaragerageje guhuriza hamwe ibyo tutumvikanaho ariko ntibyigeze bigenda neza. Kuva dutandukana, nagiye gusohokana n'umuntu, kandi dutegereje umukobwa. Ese ibyo ni byo ngomba kubwira umugore wanjye? Umugore nkundana ubu amaze amezi menshi ambwira ko ngomba gutandukana na we, ariko biragoye kuko mu by'ukuri ndamukunda.",relationship_support,amod
"Imishyikirano yacu yarangiye, ubu hakaba hashize imyaka irindwi, ariko sinzi uko nareka uwo muntu ngo agende.",relationship_support,amod
"Nzi ko ngomba kurengera ibyiyumvo byanjye kuri uyu muntu nakunze, ariko gukomeza kubaho biragoye cyane kuko yanyeretse ibyiyumvo ntari narigeze ngira mbere. Numva ntashaka kubaho ntamufiteho urukundo rwanjye nyakuri, ariko mu buryo bwumvikana, nzi ko ngomba kubaho ntamufite. sinshobora kuganira kuri ibi n'umuntu uwo ari we wese mu buzima bwanjye kuko abantu benshi babona ko imimerere idukikije ""itari yo"".",overwhelmed_identity,amod
"Naje gushyingiranwa, ibintu byose biragenda neza. Ibintu byagiye bihinduka nabi, maze ndangiza uwo muhango kubera amahirwe yo kujya muri kaminuza. Nyuma yaho, namenye ko yari anshutse. Ndamutekereza igihe cyose ubu, kandi twarimo twumvikana, ariko incuti zanjye / umuryango wanjye ntibizi.",sadness_low_mood,amod
"Hari igihe yarimo akunda umuntu, kandi aracyamwibuka rimwe na rimwe. Yambwiye ati ""Ubwo bucuti burarangiye rwose.",relationship_support,amod
Umugabo wanjye na njye twaratandukanye. Avuga ko akeneye igihe cyo gutandukana. Avuga ko akeneye kongera kubona igice cy'urukundo mu mishyikirano ariko ntiyifuza kunta.,relationship_support,amod
Ndashaka umubano mwiza n'umuntu ushaka kuba ari kumwe nanjye kandi uzashyiraho imihati. Ndumva nshaka abagabo batagaragara n'abafite ubushake bwo kuba mu rukundo kandi nta mishyikirano. Ndeka abagabo bakanyitegeka kandi bakanyitegeka kuko banyinenga. Ndeka abagabo bakanyiganyiriza mu buryo bw'ibyiyumvo kandi nkaba ndi ku ntego yabo. Sinumva meze neza ndi jyenyine cyangwa nkora ikintu cyose jyenyine. Numva nkeneye umutekano wo kuba ndi kumwe n'umuntu kugira ngo nshobore kubaho.,overwhelmed_identity,amod
"Nyuma y'uko umukunzi wanjye anshutse kubera ikosa ry'itumanaho, naramwirukanye, none avuga ko icyo ashaka ari ukuba hamwe nanjye, ndamuca inyuma mu bwenge kuko yongeye kunshuka, nkora gahunda na we ntakora, ndacyamukunda kandi ndamuzirikana.",overwhelmed_identity,amod
"Mperutse gutana n'umugabo wanjye wa mbere, maze ahamagara mushiki wanjye ambwira ibintu bibi, mushiki wanjye ntiyanshyigikira, none ubu ubwo neretse ukuri, arampisha, avuga ko nta cyo bimubwiye ku birebana n'urugamba.",relationship_support,amod
"Yavuze ko yari akeneye umwanya nyuma y'iminsi itatu tumaranye, nyuma y'icyumweru agafata umukunzi.",relationship_support,amod
"Umukunzi wanjye wa kera avuga ko arambiwe kandi ko yifuza kubaho ari umuseribateri. Namugiriye nabi cyane kandi ntuma bamurwana igihe nta cyo yakoze, numva nicujije, kandi niteguye gukora ibishoboka byose kugira ngo nzamusubize.",sadness_low_mood,amod
"Jye n'umukunzi wanjye twaratanye, aransuzugura kenshi, nkomeza kumubabarira ariko nkamwibaza buri kintu cyose yakoraga, arambiwe maze aragenda.",sleep,amod
"Nari mfite umugore mu mubano w'imyaka ine. Twembi twakoze amakosa, ariko ndamukunda. Yimukiye mu wundi mugore.",relationship_support,amod
"Yafitanye imibonano mpuzabitsina na mushiki we kandi yarayihishe imyaka myinshi, narayihanganye maze amaherezo ambwira ibyabaye. ariko sinumva ko ari kumbwira inkuru yose. akora na we kandi amubona buri munsi. numva ntakwiriye kuguma hamwe na we, ariko avuga ko yarangije igihe kirekire.",relationship_support,amod
"Ubu mfite umugabo umwe, kandi iyo ndamufite, arankomeretsa, we n'umugore we batandukanye igihe twabonanaga, ubu arumva atanye na we, kandi arumva ko ari bibi cyane.",relationship_support,amod
"Nari mu mubano hafi imyaka itanu. Twari inshuti mu myaka mike mbere yuko dutangira umubano. Yari umuntu wita ku bandi, w'incuti kandi w'igikundiro kugeza mu myaka itatu n'igice ishize. Yatangiye kuntegeka: uwo nakundaga, aho nari mpora, kandi yagize ikibazo gikomeye cy'urukozasoni iyo ngerageza kumubaza ibibazo bimwe. Muri icyo gihe cyose, yankundaga nk'inshuti kandi yanshukaga n'abo navugaga ko ari inshuti zanjye.",relationship_support,amod
"Umwaka ushize umugabo wanjye yambwiye ko atigeze ankunda kandi ko atari yagombye gushaka. Yagiye avuga ko yatandukanye n'uwo bashakanye, ariko ntiyabitangaho. Ubu afite umukunzi, arantaye n'abana be. Nta bufasha afite, kandi amaze amezi ane ataba mu rugo. Yarakaye cyane kandi ararakara. Avuga ko ari jye ubwanjye, kandi ko tudashoboye guhuza.",relationship_support,amod
"Umugabo wanjye yakoresheje amagambo menshi mabi kugira ngo ankoze ku mutima, maze njya mu rugo.",relationship_support,amod
"Njye n'umusore twakundanye twari kumwe. Yari amaze imyaka ibiri afitanye agakungu n'umukobwa, kandi yari atwite inshuro eshatu. Umwe yari yafashe inda, undi yari yafashe inda, hanyuma abyara umwana wa gatatu.",relationship_support,amod
"Jye n'umugabo wanjye twarashyamiranye cyane, avuga ko ashaka gutana nanjye, maze ndagenda. Ndacyajya mu rugo kenshi nkajya kureba abana banjye, kandi n'ubwo na we avuga ko ari uko bimeze, ntiyigeze ashyikiriza urwo rupapuro.",relationship_support,amod
"Mu mwaka wa 2008 umugabo wanjye w'imyaka 14 y'amavuko yaragiye mu buzima bwanjye, kandi kuva icyo gihe twaratandukanye. Twamaze igihe cyose turi kumwe mu mibonano mpuzabitsina kandi twembi twigeze gusambana n'abandi. Naretse kuko nifuzaga ko urugo rwanjye rukora neza ariko we ntiyabikora. Niba yaretse gusambana n'abandi bagore, ese urugo rwacu rushobora kurokoka? Cyangwa twagombye gutandukana gusa?",sleep,amod
Ndahora ndamusabira kugaruka. Ndamunezeza cyane ariko mfite ubwoba bwo kuba umubyeyi w'umwana wacu ari wenyine.,anxiety_worry,amod
"Umugore wanjye mu cyumweru gishize yavuze ko ashaka gutana n'umugabo we, kandi byaje gitunguranye.",sadness_low_mood,amod
"Ndi gutana n'umuntu w'umuhanga mu by'imibereho y'abantu, wansize undi mugore nyuma yo kunnyuzura mu buryo bw'ubwenge no mu byiyumvo mu gihe cy'imyaka 11. Nimukiye mu kindi gihugu kandi nyuma yo kureka akazi kanjye gashimishije, ndi gukora nk'umukozi wo mu resitora. Ndimo kwihangana uko nshoboye kose. Ese ni ibisanzwe kandi bifite ubuzima ko ntashobora kwihuza vuba kandi ngo mbe nk'imbaraga nkibwira ko ngomba kuba?",self_care_coping,amod
"Hari umuntu dukorana, ni incuti magara kandi nakundaga kuva namenyana, twarasohokanye nyuma y'imyaka myinshi twashakishije imibonano mpuzabitsina, nari nizeye ko hari byinshi nari mfite, ariko nta kintu na kimwe cyabaye.",overwhelmed_identity,amod
"Papa w'umwana wanjye yemeye kubahiriza ibyo nemera, umukozi bakorana yamwoherereje videwo idakwiriye, ararakara kuko yumvaga ko atari akwiriye kubwira incuti ye ngo itamukorera ibintu nk'ibyo.",relationship_support,amod
"Ndi mu mimerere igoranye cyane mu kigo cy'ikoranabuhanga, ndasaza cyane kandi ndishyura make cyane ku byo nkora, kandi ibyo ntibimpangayikisha gusa, ahubwo bintera n'agahinda.",self_care_coping,amod
"Umugore wanjye ahora anshinja ko namuhemukiye, akambwira ko nkora ibintu abona ko ntabubaha, nubwo ntabivuze nk'uko mbibona. Urugero, iyo mpamagaye umuntu ku kazi ngo ""mukundwa"".",relationship_support,amod
"Nari mfite imibonano mpuzabitsina n'umukozi twakoranaga. yafashe umwanzuro ko agiye kujya mu cyumba cyo muri hoteli mu mpera z'icyumweru. mbere y'uko mpembwa, namubwiye ko mfite amadolari 25,00 nkumva ko nzayishyura. ariko ubwo nabonaga umushahara wanjye, sinashoboraga kuriha amadolari 25,00. avuga ko namubeshye kuri ibyo. ashaka ko musubirira amadolari 25,00 ku cyumba cyo muri hoteli yahisemo kubona. yagumye muri hoteli, maze ndagenda. ntekereza ko ari byiza ko musubirira amadolari 25,00 ku cyiciro cy'amafaranga y'amafaranga y'amafaranga y'amafaranga y'amafaranga y'amafaranga",relationship_support,amod
"Ndi ingimbi, maze kubona akazi kanjye ka mbere. Mfite ukwezi n'igice. Ejo, umukoresha wanjye yanshyize aho nagombaga kujya mu bwiherero nkarira. Ntiyansabye, kandi ndishimye, ariko ubwo najyaga kumuvugishaho uyu munsi, naretse amarira abiri araturuka.",sleep,amod
"Ubu maze imyaka itatu nkorana n'uyu mugabo, kandi nabonye ko igihe namubonye bwa mbere, namenye ko nari naramukunze. Uko igihe cyagiye gihita, yabaye incuti yanjye magara, kandi twaganiraga ku bibazo by'imishyikirano yacu, umuryango wacu, inzozi zacu, n'ibindi. Buri gihe twajyaga dukundana, kandi umunsi umwe vuba aha, byatangiye kugenda neza. Twemeye kubirinda, kandi twabikoze, ariko mu bwenge bwanjye, nizeye ko byari kuzaba ibindi.",sleep,amod
"Navutse ndi umukobwa, ariko nifuza kuba umuhungu. kubera idini ryanjye sinashobora kubwira umuryango wanjye.",relationship_support,amod
"Njye n'umukunzi wanjye dukomoka mu muryango ukomeye wa gikristo ariko twembi twigeze gutandukana mu nzira ""inyuranyije n'izindi"".",relationship_support,amod
"Ndi umukobwa w'ingimbi n'abangavu w'umukristo, kandi nabuze ubusugi bwanjye. Umukunzi wanjye na we ni ingimbi n'abangavu w'umukristo, ariko ibintu byatangiye kudutandukanya mu buryo bw'ibitsina. Nateganyije kwirinda gukora imibonano mpuzabitsina ariko ntekereza ko ntasobanukiwe neza ibi kuko nanjye narayishutse maze ndayishuka. Twakomeje gukora imibonano mpuzabitsina. Mbese ibyo bishatse kuvuga ko atari we Imana yari yarateganyirije? Turi bato cyane, ariko ibyo ntibimbuza kurota iby'igihe kizaza cy'ubushobozi bwo kubana.",overwhelmed_identity,amod
"Ndi umukobwa ukiri muto, kandi mfite ikibazo cyo kubona ubwenegihugu bwanjye nyakuri ndi mu rugo. Ibi byose byatangiye igihe nari mfite umukunzi hashize amezi 10 cyangwa arenga. Umukunzi wanjye nanjye twari tumaranye amezi abiri, maze dufata umwanzuro wo gukora imibonano mpuzabitsina. Icyo gihe nari ndi umunyedini cyane, ariko narayiretse iragenda. Sinzi impamvu. Numvaga mfite icyaha ariko ahanini ni uko nzi ko ababyeyi banjye batabikunda. Ababyeyi banjye ni abanyedini cyane. Ni Abakristo. Twakoraga ibintu igihe cyose yazaga iwanjye. Nta cyo twakora.",self_care_coping,amod
"By'umwihariko, iyo abagize umuryango bateranye (urugero nk'ihamba), usanga hari imigenzo itandukanye.",relationship_support,amod
"Nyuma y'amezi make, nafashwe ku ngufu, kuva icyo gihe, kimwe n'ibindi bintu bibabaje byabaye, nagiye ngira ibibazo byo kumva ibyiyumvo.",self_care_coping,amod
"Hari igihe nari mfite impanuka y'imodoka, ariko se iyo mpanuka ishobora gutuma ndushaho kugira ibibazo?",anxiety_worry,amod
"Ndi umukozi w'Imana w'umunyamwete, kandi nifuza ko mu gihe cyose nshobora kugira icyo nkora ku buzima bwanjye bwa buri munsi, nkagira icyo nkora ku buzima bwanjye bwa buri munsi.",self_care_coping,amod
"Umukobwa wanjye yakorewe ihohoterwa akiri umwana. Noneho, ndamutse ndamukumbikiye cyangwa nkamukoraho mu buryo ubwo ari bwo bwose, avuga ko yumva ameze nk'aho ari umwana ukiri muto.",relationship_support,amod
"Mperutse kwiyahura n'incuti yanjye, ariko ndanywa urumogi kandi ndushaho kurwunywa kugira ngo mbone uko mbyihanganira.",self_care_coping,amod
"Mfite ibibazo mu muryango, kandi papa yari umunyarugomo kandi yari umuhemu.",relationship_support,amod
"Papa yaransambanye cyane ku buryo ntashobora gukora neza. Kureka ibyahise ni ngombwa kugira ngo umuntu agende neza, ariko mfite ubwoba bwo kuzamuka kuko sinzi uwo ndi we ntabanje kumenya uko ndi. Sinigeze mba ndi.",overwhelmed_identity,amod
"Njye n'umukunzi wanjye dufite ubuzima bubi bwo mu by'igitsina nyuma y'imyaka itatu dukundana, kandi sinzi icyo nkora. Mfite ubwoba buhoraho bw'ububabare mu gihe cyo gukora imibonano mpuzabitsina nyuma yo kugira abafatanyabikorwa babiri mbere batitaye ku byo bakoze.",anxiety_worry,amod
"Twaraye mu rugo rw'inshuti yacu turanywa, turareba televiziyo. Yahagurutse ajya kuryama. Numvise ndwaye. Yaje kureba niba ntameze neza, maze ndavuga nti oya. Naramubwiye ko nifuzaga gusubira mu rugo, arambwira ngo ndyamye. Igihe naryamye ku buriri, yatangiye kunkorera.",sadness_low_mood,amod
"Igihe nari mfite imyaka 14, barantwaye banshyira ku ngufu, uwo musore afungwa amezi atandatu, maze igihe kimwe n'incuti ebyiri nari mfite imyaka 19, sinigeze mbivuga.",relationship_support,amod
"Hari igihe nabaga ndi mu kaga, abantu baransekaga kandi bakansuzugura kuko numva nta muntu n'umwe unyizera by'ukuri. Hari ibindi bintu byinshi mpura na byo buri munsi. Iyo ndi kumwe n'incuti zanjye, ndirengagiza ibibazo byanjye, ariko iyo ndi jyenyine birantera ubwoba.",overwhelmed_identity,amod
Umukunzi wanjye arashaka ubuvuzi afite imyaka 40 afite ibibazo byo mu bwana afite abana n'uwahoze ari umugore we kandi ntashobora kubonana na bo.,relationship_support,amod
"Umuryango umwe wemeye ko wambujije gutekereza binyuze mu ikoranabuhanga. Icyigisho cyari ugushyiramo ibitekerezo abandi bantu bafite, ariko kuri jye, ni inzozi. Narabuze abana banjye, akazi kanjye, n'ibindi. Nari umuntu utemera. Sincyiringira umuforomo. Ntinya cyane kujya mu buhumekero cyangwa ikindi kintu icyo ari cyo cyose.",overwhelmed_identity,amod
"Hari umuntu ushobora kumfasha kwihanganira ibyanjye, hari umuntu ushobora kumfasha kwibuka ibyanjye byahise?",self_care_coping,amod
"Buri gihe iyo uwo twashakanye arakariye ikintu runaka, arankururira. Nta kintu na kimwe nkora cyiza, kandi iyo arakariye, arantuka amazina yose kandi akambwira amagambo mabi. Avuga ko atari ugukabya, ahubwo ko ari ugukabya gusa, kandi ko bitandukaniyeho. Buri gihe bigenda birushaho kuzamba. Amazina ni mabi cyane ubu.",relationship_support,amod
"Mfite umubano wo gusambanya. Twari kumwe umwaka n'igice. Yavuye muri gereza mu mwaka n'igice ushize, kandi dufite umwana. Nkunda umukunzi wanjye, kandi sinifuza kugenda ntarakunda guhangana na we mbere. Ni umuntu utagira aho ahuriye n'ibyiyumvo. Ntitujya tuvugana tuti ""ndagukunda"". Buri rugamba rurusha urwa mbere, kandi sinzi icyo nkora. Ntanyemerera kuvuga kuko arusha nanjye hejuru, kandi ibyo bituma numva ncitse intege.",relationship_support,amod
"Iyo arakariye, arankankankankankankira, rimwe na rimwe nkumva mfite ubwoba.",anxiety_worry,amod
"Nubwo hashize imyaka irindwi, ndacyafite inzozi mbi, nkangukira mu kiruhuko cy'amaraso, kandi izo nzozi zirambabaza.",relationship_support,amod
"Ubu umugabo wanjye tumaranye imyaka irindwi. Nzakubwiza ukuri: mfite ikibazo cyo kumubeshya ku bintu by'ubupfapfa. Mu minsi ishize nabeshye umugabo wanjye ku mpanuka kubera ko natinyaga kumubwira ibyabaye. Kuva icyo gihe, arampishagura cyane. Ararakara cyane kandi arantabara iminsi yose. Mu by'ukuri arankorera amagambo mabi n'ibyiyumvo bibi. Ankubwira ibintu bibi byose binyerekeye kandi akanzita amazina mabi. Ese twagombye kubimubwira ngo bireke? Narambiwe kurira, ariko dufite umwana muto duhuje.",sleep,amod
"Njye n'umukunzi wanjye tumaze imyaka itanu turi kumwe. Ku munsi wa mbere w'ubukwe bwacu, jye na we twagize amahirwe yo kuganira cyane kandi duhita dutangira kugirana ubucuti bukomeye. Muri iryo joro, we n'inshuti ye baraye iwanjye (nta cyizere mama yampaye) turabonana.",sleep,amod
"Mfite ibibazo by'uburakari byongereye mu myaka myinshi kuko sinigeze mpangana n'ibyiyumvo byanjye. Uburakari bwanjye ntabwo bwigeze buvugwa mu buryo bw'umubiri kugeza mu mwaka ushize. Umukunzi wanjye yagiye ahangana n'ibi bihe. Ndamukunda, kandi ntekereza ko ngiye kumwica, niba ntarakimwica. Iyo ndakariye ndamujyana ibintu, rimwe na rimwe ndamujyana. Ndashobora kumukubita nabi bihagije kugira ngo bimugirire nabi, ariko ndacyamwica mu buryo bw'umubiri. Sinshaka kumwica, kandi sinshaka ko ibintu bimera nabi.",relationship_support,amod
"Njye ndi kumwe n'umukunzi wanjye imyaka irenga 3. yanshutse umugore ubu akaba atwite. Anshyiraho nabi ku mubiri no mu mutwe. Nagerageje kumuvugisha kugirango dukemure ibibazo byacu; nyamara, ntabwo anshaka kuvuga kandi akenshi anshinja byose. Buri gihe mba ndi aho igihe cyose akeneye ubufasha bwanjye. Anshimira ko nubwo namufasha ntabwo bivuze ko ndi umuntu mwiza. Buri gihe anshyiraho umugayo nk'umugore kandi birambabaza. Ndamara umunsi wose ndira kandi numva ndi wenyine.",sadness_low_mood,amod
"Mfite umwana na mama. akora akazi. Mfata umuhungu wacu muto. Avuga ko nta cyo ashoboye kumuhemba. Nta cyo nabonye ariko ahora anshyira hasi, akambwira ko ngomba gusohoka kandi akambwira ko atankunda, ariko bukeye bwaho nyuma y'urugamba rwacu aravuga ko ankunda. Mfite ibihe bikomeye kuko mbere y'umwana wacu yavuze ko yafashwe ku ngufu n'umwe mu bagize umuryango we ariko ntiyajya kwa muganga cyangwa ku bapolisi. Ubu jye n'umuryango wanjye ntituganira. Buri gihe ambwira ko ndashavuza kandi ankoza isoni.",self_care_coping,amod
"Nari mfite imyaka myinshi nzi umukunzi wanjye. Twari inshuti kuva kera. Mu 2013 twatangiye umubano, ndetse yansabye ko nimukira hamwe na we kuko nari ntuye hanze ya leta. Nateganyije kwimukira hamwe na we mu 2014 nyuma yo kurangiza amashuri kandi yabonye akazi.",relationship_support,amod
Ubu mfite ikibazo cyo kurakara no kwizerana.,overwhelmed_identity,amod
Nkeneye ubufasha mbere yo guhunga umuhungu wanjye.,relationship_support,amod
"Umunyururu wanjye nta cyo ababarira, nta cyo ababara ku bantu bamugirira nabi, nta n'ubwo ambaza imbabazi, nta n'ubwo ababarira umuryango wanjye, yanteye gutakaza umutima wanjye kugeza ubwo nakoreshaga amagambo y'ibitutsi imbere ya mama na musaza wanjye.",relationship_support,amod
"Iyo ndakariye, nkora ibintu nk'ibyo, umugore wanjye n'umwana wanjye barahangayika.",relationship_support,amod
"Igihe nageraga mu rugo, jye n'umukunzi wanjye twarashyamiranye, ararakara, atangira gukubita mu maso, ni bwo bwa mbere yabigenje atyo, ariko nari kubeshya ndamutse mvuze ko ibyo bitantangaje.",overwhelmed_identity,amod
"Iyo mbwiye ababyeyi banjye n'umuryango wanjye, biroroshye cyane ko mba umujinya.",relationship_support,amod
"Umukobwa twari tumaranye igihe kinini yarantaye vuba aha, avuga ko ari ukubera uburakari bwanjye.",relationship_support,amod
"Mfite ibibazo byinshi byo kurakara muri iyi minsi. Gusa ijambo rimwe ryatumwe nabi ryatumye ndakara. sinigeze mba nka bene aka kageni kugeza ubwo nahuye n'umugabo wanjye ugiye kuba. Ntekereza ko ibibazo bye by'imimerere n'uburakari/uburakari byankoze ku mutima cyane. Sinjya ndushaho kumera nabi nka we, ariko ndatakaza hafi buri gihe kandi mbona ntashobora guhagarara. Mfite abana babiri bato bagomba kumva ibi, kandi sinshaka ko abakobwa banjye bakurira hamwe na mama nkanjye muri iyi minsi.",relationship_support,amod
"Nta gihe nabonye cyo gusinzira, nkomeza kuba maso ijoro ryose ntazi impamvu. Buri munsi numva mfite uburakari muri njye. Mfite umuryango muto ariko sinshobora kubwisanzuraho nk'uko nshaka. Mfite umwana w'umuhungu, numva ko ndamurakarira ndamubwira ibyo nkora.",sleep,amod
"Ikibazo cyanjye si ukurwanya ubushake bwo kurakara, ahubwo ni uburakari ubwarwo. Uburakari bwanjye ni bwinshi kandi butagira inenge ku buryo bufatika n'ibiteza stress. Buterera ibitekerezo by'urugomo, ariko sinjya nkora. Ndahora niteguye kumenya ko uburakari ari ubw'urugomo, atari jye. Sinshaka kwicika mu burakari no mu bwiyandarike.",overwhelmed_identity,amod
"Iyo mpanganye n'imimerere ituma ndakara cyangwa ndakara, ntangira kuvuma umuntu mpanganye na we cyangwa kumugirira nabi cyane. Mvuga ibintu bibi kugira ngo ndeke uburakari bwanjye buveho. Igihe cyose abantu bambwiye ibintu ku birebana n'imishyikirano yanjye (nk'uko gutangiza ibihuha cyangwa kuvuga ibintu bibi ku byerekeye jye cyangwa umubano wanjye), sinjye mbarangamira gusa abo bantu ahubwo n'umukunzi wanjye. Numva nkomeza gutera akabariro kubera kamere yanjye. Nkunda kuba umuntu mwiza kandi nkamenya kureka ibintu bikanshishikaza no kugira ibyishimo n'ubwitonzi.",overwhelmed_identity,amod
"Kumva ijwi ry'ibyo kurya no guhumeka bituma ngira ububabare bw'umutwe, cyane cyane mu kanwa, mpumeka no guhumeka.",overwhelmed_identity,amod
"Ndashavuye cyane. Numva ko impaka nabagize n'ababyeyi banjye zanteye ubwoba bwinshi n'imihangayiko, kandi sinzi icyo nkora. Nifuza kwicara kwa muganga, ariko sinshobora kubyihanganira, kandi nta ndwara mfite. Ndumva ntangiye kuba umunyarugomo. Iyo ntangiye kuba umujinya, ntangira guterera ibintu by'agaciro.",overwhelmed_identity,amod
"Buri gihe iyo mvuze, avuga ko ndamurakaza. Nanone iyo arakariye ikintu runaka, urugero nk'akazi, arankarira. Numva tumeze nk'abari kure cyane. Twahoraga duseka, kandi numva ko atuma ibintu bibi birushaho kuba bibi. Nakora iki? Tumaze imyaka ibiri dushyingiranywe ariko tumaze imyaka irindwi turi kumwe.",overwhelmed_identity,amod
"Ndi ingimbi. Mfite uburakari buturutse ku munezero, nk'uburakari butagira rutangira. Numvaga ari hormone, ariko n'abandi barabyibuka. Nkunda kwiyahura ariko ndahagarika. Ubu iyo ndwaye, nduma amaboko n'intoki, ndasokoza umusatsi, ndasokoza mu maso, cyangwa nkakubita ibiganza.",relationship_support,amod
"Mfata igihe kinini kugira ngo ndyamye; nshobora kuvuga ko ari amasaha abiri. Akenshi ngira inzozi mbi, ngatangira ndya ikiyoka, kandi akenshi nkanguka mfite ubwoba kandi ntashobora guhumeka. Ndizera ko natangiye gutakaza ibitotsi nyuma yo gutandukana n'umukunzi wanjye w'imyaka 8. Nanone, ubucuruzi bwa data bwarangiritse kandi mama afite indwara idakira. Nari mpangayitse cyane, ubuzima bwanjye bukaba bwaratakaje intego.",sleep,amod
"Kuva ku munsi wa mbere, nari ndi jyenyine, ndi umwana w'imyaka itanu, kandi mbona nta muntu n'umwe niringira. Byantwaye imyaka ine kugira ngo amaherezo mbwire incuti yanjye nziza. Igihe cyose menya ko nkunda umuntu, ndatangara kandi sinongera kuvugana na we.",relationship_support,amod
"Mfite imyaka 11 nshyingiranywe. Mu myaka 2 ishize, twitandukanyije cyane. Turabana ariko nta cyo twitayeho. Akenshi numva ko umugabo wanjye afite ""inshuti"" ku kazi, akaba ari zo amariye byinshi kurusha jye.",sleep,amod
"Hari impamvu ituma numva ntishimye iyo umukunzi wanjye agaragaje umubiri we mu buryo runaka ku mbuga nkoranyambaga. Ndabizi ko yishimiye umubiri we kandi ndawubaha, ariko sinumva meze neza iyo agaragaje umubiri we ku mugaragaro nk'uko abigenza. Igihe cyose mbimubwiye atekereza ko namwita indaya.",relationship_support,amod
"Umugabo wanjye najye twagize imibonano mpuzabitsina ya mbere mu byiciro bitatu vuba aha. Buri wese yaranywaga kandi yari amufitiye irari rirenze iryanjye. Twaraganiriye nyuma yaho, bituma numva ndushijeho kumererwa neza, none ubu ndumva ndushijeho kuririkira.",sadness_low_mood,amod
"Nagiye mpemukira umugabo wanjye w'imyaka itanu inshuro zigera ku icumi. Mvugira ko tutashyingiranywe ku kazi. Vuba aha, yarabimenye ariko ndabeshya kugira ngo mbikwirinde. Akunda kuganira n'abakobwa kuri interineti, ariko nabonye ko mpora mfitanye agakungu.",overwhelmed_identity,amod
"Jye n'umugabo wanjye tumaze imyaka irindwi dushyingiranywe, kandi muri icyo gihe twakoze imibonano mpuzabitsina incuro enye cyangwa eshanu gusa. Abandi bantu bambwiye ko abagabo benshi bari kundeka ubu.",relationship_support,amod
"Njye n'umukunzi wanjye tumaze imyaka 3 turi kumwe kandi umubano wacu uhora mwiza. Ikibazo cyonyine twagize ni uko yumvaga ko ntamuha agaciro k'ibitsina bihagije. Mperutse kumenya ko yanshutse n'undi mugore. Avuga ko ashaka ko umuryango we usubiraho ariko sinzi icyo nakora. Ese dushobora kurengana n'ubwo buhemu, cyangwa se nagombye gukomeza?",relationship_support,amod
"Nari ndi kumwe n'inshuti zanjye muri pariki, turaganira kandi turishimye. Nyuma y'igihe runaka, nahuye n'umukobwa aho ngaho. Twaraganiriye turabeshyaga igihe runaka, hanyuma duhahana nimero zacu turagenda. Twaraganiriye amezi make, hanyuma dusubira guhura. Yarankomeje, ntekereza ko turimo dukundana. Hanyuma nsanga afite umukunzi.",sadness_low_mood,amod
"Umugabo wanjye yari afite ikibazo cy'ibyiyumvo n'uwahoze ari umugore we mu kwezi k'Ugushyingo. Yamutumiye gusangira na umukobwa we. Sinari mbizi kugeza nyuma ya saa kumi n'imwe z'ijoro ubwo namubazaga aho ari. Yari yanyoye, maze ndamubwira ko atagomba gutaha muri iryo joro. Bukeye bwaho, twaganiriye ku bijyanye no kujya kwa muganga. Yagiye hanze muri iryo joro n'inshuti ze avuga ko uwahoze ari umugore we atagiye. Mbonye muri Mata ko yagiye. Mbonye uburyo bwo kumubwira ibintu byose. Namenye ko yaraye muri iryo joro rya kabiri.",relationship_support,amod
"Kubera ko nyina amuhumuriza buri gihe, kandi akaba ajya gusohoka n'umuryango we, ntituganira cyane, kandi hari ibyo duhura na byo, twifuza kubikemura ariko ntituzi uko tubikora.",relationship_support,amod
"Nagiye kureba umukunzi wanjye wa kera kugira ngo mbwire umwe mu nshuti ze z'abanyeshuri bo mu mashuri yisumbuye yagerageje kwiyahura. Igihe nagiye kumubwira ko namushyize mu mwanya mubi cyane kandi ko namushyize umutwaro munini ku bitugu bye. Yararakaye cyane kubera ko nagiye kumureba kugira ngo nkore ibyo. Ese naba ntabeshya ko nagiye kumureba kugira ngo namwegere? Yaramfashije cyane mu kwiheba kwanjye no mu ngeso mbi zanjye, ni yo mpamvu namwiyumvishaga ko agomba kumwegera. Yatumye numva nabi cyane kubera ko natekerezaga cyane ku",sadness_low_mood,amod
"Yambwiye ko yatangiye kwitandukanya n'abandi kubera ko nari nsaba ibintu byinshi mu mishyikirano, uko narushagaho kugerageza gukosora ibintu, ni ko byagenda birushaho kuzamba.",overwhelmed_identity,amod
"Umukunzi wanjye afite umukunzi w'umukobwa. Byaranshishikaje cyane kubera ukuntu bari hafi, ni yo mpamvu nafashe umwanzuro wo kumenyana na we. Ibyo byatumye ibintu birushaho kuzamba kuko bari hafi kuruta uko nari mbizi. Bakoze nk'umugabo n'umugore aho kuba incuti. Nta mishyikirano ya buri wese yariho, ariko yavuganaga n'uwo mukobwa kenshi. Ni iki nakora?",self_care_coping,amod
"Yibeshye ku bintu byose by'ubuzima bwe. Yashyizeho imibanire itatu y'ibinyoma. Iyo ya vuba aha ni ikibazo kuko afite amafoto y'ibinyoma, telefoni n'ubutumwa bw'ibimenyetso, kandi ari kumwe n'umugabo wubatse ufite abana.",relationship_support,amod
"Umugabo wanjye yapfushije se yiyahura. Avuga ko kubera ko se yapfuye, umutima we na wo warapfuye. Avuga ko adashobora kuba iruhande rwanjye cyangwa ngo akunde kandi ko adashaka kongera kugira icyo akora kuri jye. Kuki akora ibyo igihe twari twishimye cyane? Avuga ko nta kibi nakoze ariko ko adashobora kuba iruhande rwanjye.",overwhelmed_identity,amod
"Kuva jye n'umusore twashakanye dutandukana, sinashoboraga kwegera undi muntu uwo ari we wese.",sadness_low_mood,amod
"Iyo umukunzi wanjye atangiye kumbuza amahwemo, amara iminsi anyicisha ubusa. Iyo mbajije icyo nabibeshye, nta cyo mbona: nta gisubizo, nta guhamagara. Iyo asubije, ni ikintu giteye agahinda kandi kibabaza cyane. Ntiyemera ko yibeshye kandi ntiyicuza.",relationship_support,amod
Umugabo wanjye yaransenze igihe nari ntwite umuhungu wacu n'uwo bitaga incuti yacu. Ibyo byabaye mbere y'uko dushyingiranwa. Twatandukanye maze amaherezo ibintu birangira. Natekereje ko namwizeye bityo turashyingiranwa. Ubu aracyashakana n'abakobwa bari imbere yanjye.,relationship_support,amod
"Buri munsi mu gihe cy'imyaka itanu, umugabo wanjye yannyuzuraga mu buryo bw'umwuka ambwira ko azahindura. Mfite umwana. Ndagerageza cyane kumubera imbaraga, ariko ubu ndumva ntabishobora.",relationship_support,amod
"Njye n'umukunzi wanjye twagiye tuvuguruza byinshi muri iyi minsi. Ibi birasohora kuko rimwe na rimwe twifuza ibintu bitandukanye. Ndamukorera byinshi: ndamurinda, ariko amaherezo na n'ubu ntampora ambyizera. Twembi twageze ku mwanzuro w'uko iyo nshaka ikintu ariko ntakiyifuza, ntashaka kubona uburyo bwo kwishimisha. Gusa ntabwo bigira icyo bivugaho. Sinzi icyo nakora mu by'ukuri. Ntanyizera cyane nk'uko nanjye mbibona.",self_care_coping,amod
"Ubuzima bwanjye bwose, nagiye mpunga abantu, amaherezo naje kubona umukunzi mwiza unkunda, ariko nkomeza kumuhunga, kandi sinifuza.",relationship_support,amod
"Mfite imyaka umunani dukundana, twahuye mu ishuri rya kaminuza kure y'iwacu, ibintu byagiye birushaho kuzamba igihe nahuye n'umuryango we wamwitagaho nk'umugabo wabo, bagategereza ko yajyanaga na bo mu minsi mikuru nk'iya sinema, agasohoka akajya kurya igihe bazaga, kandi we atekereza ko ari byiza.",relationship_support,amod
"Yarabeshye ku bibazo yari afite mu gihe cyahise n'iki gihe. Kuva igihe cyahise, yarahindutse, ariko ndacyafite amakenga. Sinzi niba ngomba kuguma cyangwa kugenda, ariko nanga uko numva. Sinamwizera cyane, ariko nta kintu na kimwe yankoreye kugira ngo ntamwizere mu minsi ishize.",overwhelmed_identity,amod
"Umukunzi wanjye w'imyaka 15 ahora afasha umuryango we, kandi numva ko umuryango we ukoresha neza ineza ye.",overwhelmed_identity,amod
"Mu mezi umunani namaze nkundana n'umukunzi wanjye, nabeshye ku bintu byinshi. Naryamye n'abagabo babiri kugira ngo nihorere umukunzi wanjye kuko yarantaye. Noneho ibyo mvuga byose ntazbyemera, nubwo naba ndi imvugakuri. Sinzi icyo nakora ikindi gihe.",relationship_support,amod
"Mfite umubano w'imyaka igera hafi ku mwaka, kandi niringira rwose umukunzi wanjye. Anfata neza, aransuzuma, akambwira ibintu biryoshye. Ariko iyo bigeze ku gufata imyanzuro mu buzima, numva atakuze cyane. ngerageza kuganira ibintu kugira ngo dufatanye mu masezerano cyangwa dufate imyanzuro myiza, ariko nta gitekerezo afite kandi ahitamo gukora ikintu cyose kugira ngo yirinde gutongana. Ku birebana n'iminsi, niba nta cyo mvuze, mbiteganya cyangwa mfite amafaranga yo kubikoresha, ntituzajyayo.",relationship_support,amod
"Njye n'inshuti yanjye twabanye neza cyane mu myaka igera kuri itatu. We aba mu Bwongereza, nanjye mba muri Amerika. Kuva umukunzi we yahagurutse ava muri Oregon ajya muri Scotland, naramurakariye. Kuva yaza mu buzima bwe, yaranyimye. Inshuti yanjye yabaga ahora ambwira ko yicuza, kandi nararambiwe.",relationship_support,amod
"Umukunzi wanjye ntazankoraho, ntazansoma mu gihe turimo kuryamana, ntazansambanya mu kanwa.",relationship_support,amod
"Mu mezi make ashize, jye n'umukunzi wanjye twahuye n'ibibazo bikomeye mu mishyikirano yacu, kandi mama yavuganye na we amagambo make.",relationship_support,amod
Ese ndi pedofil kuko ndamukunda kandi afite imyaka 18?,relationship_support,amod
"Nkunda umukobwa wanjye cyane, ndumva nduhutse nubwo ntekereza kuri we cyangwa nkamubona, ariko incuro ebyiri zose twagerageje gukora imibonano mpuzabitsina sinigeze nduhuka.",self_care_coping,amod
"Njye n'umugore wanjye twaratandukanye kuko nabajije niba yari afitanye isano n'inshuti ye y'umugabo. Bukeye bwaho, yarampamagaye. Yaremeye ko nsubiraho nyuma y'iminsi ibiri. Ejo, yavuze ko yifuza gutana, hanyuma ahita ahindura ibitekerezo. Namubajije niba uwo mugabo ari we wari ufite uruhare, ariko avuga ko atari ikibazo cyanjye.",relationship_support,amod
"Umukunzi wanjye arangwa n'urukundo, ariko nkamuhata buri gihe iyo agerageje kunkoma, kunkumbatira cyangwa kunkorera nkamuhata buri gihe.",relationship_support,amod
"Ndashaka ko umubano wacu ugenda neza nyuma yo gutandukana. Mbere yo gutandukana, yarabeshye cyane kandi arampisha amasezerano yose. Sinumva ko yampenze. Mu kwezi gushize, nabajije abagore bakoranaga, maze arambwira. Ejo, namenye ku mukobwa yavuze ko yari yibagiwe. Ese nagombye kurakara?",relationship_support,amod
"Ndizera ko uwo twashakanye afite ikibazo cyo kwikinisha no kuryamana mu bitsina. Yikinisha buri munsi, ndetse n'igihe ndi mu buriri ndyamye iruhande rwe. Turaryamana rimwe mu cyumweru. Ni umuntu w'umunyamujinya kandi ahangayikishwa n'ibyo akeneye. Ntiyigera ankoza ku mutima, kandi anfata nk'umukinnyi wa porunogarafiya, ashaka kunshyira mu maso cyangwa mu gituza.",sleep,amod
"Numva nararwanyijwe kandi nihebye. Ibyo si bishya. Mu kwezi kwa mbere twamaze turi kumwe, imibonano mpuzabitsina yabaye buri munsi.",sadness_low_mood,amod
"Twamaze umwaka wose turi kumwe, buri munsi tumarana igihe turi kumwe, uko akazi twaba dufite kaba kari kose. Yatangiye kumva ananiwe cyane kandi atakaje ibiro. Nanone yatangiye kwitandukanya n'abandi no kuba umuntu w'igitsina gore. Twaraganiriye, maze atangira kumubwira ko arwaye kanseri yo mu nda.",sleep,amod
"Ndi mu mubano na se w'umwana wanjye. Ndi umuntu ugira ishyari cyane. Ntitumvikana cyangwa ngo dukore ikintu na kimwe n'abandi bantu kubera jye. Kugira ngo umubano wacu ukomeze, nzi ko ngomba kureka kugira ishyari, ariko sinshobora. Ni gute nshobora kurengaho ibyo bibazo?",relationship_support,amod
"Ndi mu kigero cy'imyaka 20, maze umwaka wose mpura n'umukunzi wanjye. Umukunzi wanjye ahora ari we muntu mwiza cyane kugeza vuba aha. Yatanze ibitekerezo nka ""urifuza ko ugaragara neza nk'umukobwa wa Tumblr"" cyangwa ""ugomba gutangira gukora imyitozo myinshi"".",relationship_support,amod
Umukunzi wanjye aracyari inshuti z'abahoze ari abagenzi/abakundana kuri Facebook bakunda no gutanga ibitekerezo ku byo banditse. Ibyo bituma ngira ishyari kuko ntinya ko bashobora kongera kubonana.,anxiety_worry,amod
"Umugore wanjye akora amasaha y'ikirenga ku munsi, bityo numva ndi wenyine. Nkunda umugore wanjye n'umutima wanjye wose, ariko sinumva ubucuti twari dufite mbere. Ntitugikora imibonano mpuzabitsina, ibyo bintera impungenge cyane. Nagize inshuti magara n'umukozi dukorana, ibyo nzi ko bidufasha. Nta kintu kizagendaho, ariko hari igitekerezo.",relationship_support,amod
"Umugabo wanjye w'imyaka umunani akaba n'umubyeyi w'abana bacu babiri, ni umushoferi w'ikamyo. Ntiyigera aba mu rugo kandi atanga gusa amafaranga umuryango wacu ukeneye. Nta kindi kintu gifasha.",sleep,amod
"Njye n'umukunzi wanjye tumaze umwaka tubonana. Ndumva mpangayitse iyo mbonye aganira n'abandi bakobwa. Sinigeze ngira bene ako kageni mbere. Sinkunda ibyo byiyumvo. Yavuze ko ishyari ryanjye ryatuma umubano wacu ugira ibibazo. Namubwiye ko ntashobora guhangana n'ibyo byiyumvo. Sinzi aho bituruka, ariko uko ni ko numva, nagerageje kubireka, ariko sinshobora. Nkunda uyu musore cyane, ariko mfite ubwoba ko ndimo guhungabanya umubano. Ni ubupfapfa gusa.",overwhelmed_identity,amod
"Njye n'umugabo wanjye turi mu myaka 40.Turi mu muryango w'imyaka 17. Mu byumweru bitatu bishize, yavuze ko ankunda ariko ntankunda. Yari agiye kunsiga, ariko avuga ko yabitekerejeho maze ahitamo kugumaho. Sinzi uko nongera kumva. Nakora iki ngo ibyo yavuze ntababare cyane?",relationship_support,amod
"Hari ibintu by'ingenzi yakoze mu ntangiriro z'imishyikirano, n'ibyo yari yemeye kugerageza gukora, ariko ubu ntazabikora.",relationship_support,amod
"Ndi umugore, kandi mfite ubwoba bwo gukora imibonano mpuzabitsina. Ntinya ko nzatuma uwo tubana adakora ibintu. Ntekereza ko atekereza ko ntari isugi. Nanone ntinya ko azamwiheba kubera umubiri wanjye wambaye ubusa. Sinshaka ko uwo tubana atekereza ukundi ku birebana nanjye kuko ntinya ko nzagira imibonano mpuzabitsina.",anxiety_worry,amod
"Ndi umugabo, ariko naryamanye n'incuti yanjye. Numva mfite icyaha, ariko nanone numva nta cyo maze. Ese ni ngombwa ko numva mfite icyaha? Ni umubiri wanjye, kandi mfite uburenganzira bwose bwo gukora ibyo nshaka.",relationship_support,amod
"Igihe nakuriraga, mama na papa bahoraga bajya impaka. Ibyo byatumye ntangira kugirana ibibazo byo kwizera. Ntekereza ko bizagira ingaruka ku mishyikirano yanjye ubu kandi bikarangira vuba kurusha uko nifuza.",relationship_support,amod
"Twabyaye umwana wacu wa mbere mu myaka 15 ishize, kandi kuva icyo gihe, imibonano mpuzabitsina ntiyaba ihari. Ibi biba buri mezi atatu cyangwa ane gusa. Twagiye mu buvugizi, kandi nabwiwe kenshi ko azaza. Ntiyaza, kandi numva ndi wenyine cyane!",relationship_support,amod
"Mfite imyaka ibiri mpura n'umusore, ndamukunda ariko sincyarizi, ndi mu kigero cy'imyaka 20, kandi nabana na we mu gihe kinini cy'imishyikirano yacu, nagiye njya kuganira n'inshuti y'umusore, kandi numva akunzwe cyane kurusha umukunzi wanjye.",relationship_support,amod
"Hari igihe aba hanze ijoro ryose ariko ntabibwire. Dufitanye umwana w'umuhungu, nanjye nkaba ndi kumwe na we mu rugo. Avuga ko ntabyo nkora. Twamaze umwaka n'igice turi kumwe. Mfashe inda nyuma yo kuba kumwe ukwezi kumwe. Twarimukiye hamwe igihe twabyaraga umuhungu wanjye muri Nyakanga. Ibintu byose byari byiza, hanyuma atangira kuba hanze. Hanyuma atangira kudamarana igihe n'umwe muri twe. Gusa sinzi niba hari ikintu kibi ndimo nkora.",overwhelmed_identity,amod
"Njye n'umukunzi wanjye dufite umubano mwiza nk'uwo buri mukobwa wese yifuza, ariko mu minsi ishize byahindutse. Ndumva nta muntu unshishikaza cyane kandi nta miryango. Akora cyane kandi ajya mu myitozo ngororamubiri cyane (ni umukinnyi wa football mu cyiciro cy'imbere), ariko nta mwanya afite wo kunshakira. Tuba turi kure y'umuryango amasaha abiri, kandi iyo mvuye mu rugo njya kureba umuryango, arantumvira ubutumwa ati ""ibyo ushaka byose"" kandi ""nsigara wenyine"". Ariko iyo turi kumwe, byose biratunganye. Nta mirwano cyangwa ikindi kintu. Nkunda uyu mugabo, ariko sinkunda ko amfata.",relationship_support,amod
"Mfite imyaka icumi nshatse. Umugabo wanjye aranduta imyaka 29. Dufite umukobwa muto. Kuva avuka, umugabo wanjye ""yarafunze"". Nta bucuti dufitanye; ntampfukamira.",sadness_low_mood,amod
"Umukunzi wanjye w'imyaka itanu yambwiye ko yanshutse mu gihe cy'imishyikirano yacu tumaze gutandukana. Kuva icyo gihe twarongeye kubana kandi turagerageza kubikora. Sinzi uko namwizera ubu, ariko rwose nifuza ko bigenda neza, kandi bisa n'aho na we abikora. Ariko ibibazo by'ubudahemuka bwanjye biragenda bibangamira kandi bikateza ibibazo.",relationship_support,amod
"Ndi mu rukundo n'umukunzi wanjye kandi nawe ari umukobwa. Namukunze mu mezi make. Ni urukundo rwa mbere nari mfite. Twakundaga kuganira umunsi wose n'ijoro kuri telefoni no kuri Facebook. Numvaga ko na we anyumvaga kimwe, ariko naribeshye. Buri gihe nifuzaga kumukoraho mu buryo bwimbitse no kubana na we ubuzima bwanjye bwose. Ariko inzozi zanjye zose zirasenyuka amaze kugirana ubucuti n'umusore.",relationship_support,amod
Mperutse kubwirwa n'uwo duhuje imishyikirano ko ari ibiteye isoni kuba ndi umuntu udashyikirana n'abandi mu muryango we n'incuti ze.,relationship_support,amod
"Njye n'uwo twashakanye twamaze imyaka irenga ibiri dufitanye umubano mwiza cyane. Turi abantu bashyize hamwe kandi duteganya kubaho igihe kirekire cyane. Ariko mu minsi ishize, yari yarabaye umunyakuri kandi yarabaye umunyakuri avuga ko atongeye kunyitaho. Avuga ko ibyo byabaye mu mishyikirano yose ya kera kandi ko yabirangije. Azi ko ari uko ari ""umuntu umwe"" ariko se ibyo ashobora kubirengaho ate?",sleep,amod
"Njye n'umugore wanjye dufite umubano mwiza uretse ubuzima bwacu bwo gukora imibonano mpuzabitsina. Turi abantu b'inyangamugayo kandi b'inyangamugayo, kandi mu by'ukuri yumva ameze nabi kuko atifuza gukora imibonano mpuzabitsina. Nta cyifuzo afite. Nta na rimwe yigeze agira orgasme. yumva ameze nk'umugore mubi kandi atinya ko nzamuhemukira. Ntamenye impamvu. Igihe duheruka gukora imibonano mpuzabitsina, yararize arira kandi yumvaga ameze nabi kandi atazi impamvu yararize.",anxiety_worry,amod
"Twaraganiriye, turaganira, ariko tukongera gutangira. Twarakomeje, cyangwa ni uko nabitekerezaga. Twese turi abaseribateri dufite ibibazo mu mubano wacu. Ntitwigeze dukora imibonano mpuzabitsina; twohereza amafoto menshi tuganira ku byo dukora dufatanyije. Umugore we yarabimenye, aramubeshya kandi ntiyavuga ko ari urukundo. Sinashoboraga kureka kumwibuka. Turakomeje.",relationship_support,amod
"Umukunzi wanjye w'amezi atanu avuga ko ankunda cyane kandi ko ankunda, ndabyemera. Ni umwe mu mishyikirano myiza nagize mu gihe gito, ariko yarabimbye cyane. Azambwira ko azahagarika kubeshya, kandi mugihe avuga ibyo, arimo ahisha ikintu cyangwa abeshya ku kintu runaka. Icya mbere, byari ku mukobwa. Yihishe ubutumwa bugufi avuga ko ari inshuti kandi ko ari ikiganiro cy'ubucuti igihe yari umukobwa yigeze gushishikazwa. Ikurikiraho ni umukobwa wahoze ari umukunzi we.",sleep,amod
"Nari nandikiye umusore utari umukunzi wanjye, umukunzi wanjye aramenya. Twakoranaga, ajya ku kazi akabwira buri wese ko namuhemukiye. Mvuye mu nzu. Hari ibibazo byambayeho mbere, kandi numva ko ari jye ubwanjye ikibazo. Kugira ngo tugende, ashaka ko nsinya amasezerano yanditse agaragaza ibintu adashaka ko nkora. Ndumva ko ari byiza ko ndeka ubucuti cyangwa se ko ngomba kugenda.",relationship_support,amod
"Mu kwezi gushize, nasanze umukunzi wanjye arimo kohereza ubutumwa ku mukobwa we w'umusaza wahoze akundana mbere yanjye. Yamuha impeta y'isezerano igihe bari kumwe, kandi yari agifite ihishe mu isanduku ye y'ibyibutsa mu cyumba cy'umwana wacu. Nabonye ibintu byinshi kuri telefoni ye, ariko byankoze ku mutima cyane. Yakuyeho ubutumwa bwose uretse bubiri. Sinashoboraga kwihanganira gutekereza ko barimo bavugana ku bihe bya kera cyangwa ikindi kintu nk'icyo. Birantera ubwoba cyane, kandi sinshobora kureka kubitekerezaho.",relationship_support,amod
"Maze imyaka 20 nshyingiranywe, jye na we twarashutse, maze imyaka 14 yose ndayiha, maze ubuzima burantera ubwoba, ndananirwa, maze igihe namaraga gukanguka, yumva ko namuhindukiriye.",sadness_low_mood,amod
"Umukunzi wanjye aherutse kubona ikinyabupfura. Ndankunda cyane, ndacyanga.",relationship_support,amod
"Nyuma y'iminsi mike, umugore wanjye ntiyari azi neza uko yumva ameze kubera ibibazo by'ubucuti bwa hafi. Amaze gutekereza ku bintu byose, yaje kubona ko atakiri ""mukunde"" cyangwa ngo ankunde mu buryo bw'urukundo. Ahubwo afite urukundo rwa platoni kandi anyitaho gusa nk ""umuryango. "" Icyo gihe, yavuze ko urugo rwacu rwarangiye.",relationship_support,amod
"Sinzi uko byagenze. Njya ahantu runaka nkakora ibintu ariko nkumva ndi wenyine. Sinagira incuti, kandi buri gihe ni jye woherereza abantu ubutumwa kandi nkababuza amahwemo.",relationship_support,amod
"Nkunda umukunzi wanjye n'ikintu cyose cyatuma imibonano mpuzabitsina ibaho, ariko iyo bigeze ku kwibasira, ndacyanga. Sinzi impamvu, ariko nifuza ko biba birangiye. Ndumva nshaka kurira. Sinzi impamvu ntishimye kuko inshuti zanjye zose zibyifuza.",sadness_low_mood,amod
"Igihe namenyaga ko yari afite incuti nshya yamwohererezaga ubutumwa, sinamwizeye, ariko namushinje mbere y'uko menya ko ari igitsina gore kandi ko nta kintu na kimwe cyabaye.",relationship_support,amod
"Mfite umubano urenga umwaka. Yaranshutse kandi arambeshya. Numvise ko yashyingiranywe, ariko avuga ko atari byo. Ibintu byose birimo kugenda neza no kugenda nabi; nta cyizere. Vuba aha yagiye mu rugendo, ndamusezeranya ko nzitwara neza kandi sinjye unywa kuko iyo nywa, nywa byinshi cyane, kandi nkunda gufata amahitamo mabi. Kuri iyi nshuro nakoze ikosa rikomeye: naranywe cyane, ndamuhemukira. Naraye n'undi mugabo iminota igera kuri itanu mbere yo kumenya icyo nari nkora",overwhelmed_identity,amod
"Ubu maze imyaka umunani ndi kumwe n'umugabo wanjye. Twahukanye inshuro ebyiri mbere y'aho, kandi ubwa mbere ni uko yanshutse. Namusubije nyuma y'amezi make, kandi rwose yagerageje kunsubizaho byinshi binyuze mu guhindura byinshi. Ariko kandi, twakomeje kugira ibibazo kubera ko ntazigera nizera.",sleep,amod
"Mperutse gushaka umugabo wanjye. Mfite abana bane, kandi aranyemera n'abana banjye. Ndashima ko akunda abana banjye nubwo atari abawe. Ubu dufite ibibazo mu mubano wacu kubera amateka yanjye. Ndabizi ko imibanire yose igira ibibazo, ariko hari igihe numva ko ntazagira icyo igeraho iyo nta kwizerana. Biragoye ko ndeka kubera ko mukunda, ariko ndambiwe.",sleep,amod
"Njye n'umukunzi wanjye tumaze ibyumweru bike tutaryamana. Yasabye ko bakuraho cyst mu bice by'amaraso. Nagiye nshaka kuryamana na we mu gihe runaka ubu, kandi biranshuka ko ntashobora kumuryamana.",anxiety_worry,amod
"Papa wanjye yahembye mama imyaka 13. Sinashobora kureka gutekereza ko umukunzi wanjye ashobora kunyahembya nubwo nzi ko atari we. Mfite uburyo bwose bwo kubona telefoni ye, imbuga nkoranyambaga n'imeri ye. Sinigeze mbona ikintu na kimwe, ariko mpora mpora nsuzuma niba bishoboka. Ibyo mbihagarika nte?",relationship_support,amod
"Umugabo wanjye ahora akora akazi, ariko akazi akora kuva mu gitondo kugeza nimugoroba, kandi yirengagiza umuryango we. Iyo hari icyo nshaka gukora, ngomba gushaka umurezi, ariko akora ibyo ashaka.",relationship_support,amod
"Njye n'umugore wanjye duherutse gushaka, hashize amezi 2 gusa. Twari dufite ibibazo ku bijyanye n'imibonano mpuzabitsina, cyane cyane kubura libido. Yifataga imiti yo guhangayika, iyo libido yagabanutse ari ingaruka mbi, ariko ntekereza ko ikibazo cyacu nacyo ari kimwe mu bigize kubura intimita/urukundo rwibanda ku gahunda yanjye y'akazi. Ubuzima bwacu bwo mu mibonano mpuzabitsina bwagize ingaruka mbi. Uyu munsi yakoze ibishoboka byose kugira ngo ambwire ko yifuza gukora imibonano mpuzabitsina, ibyo bikaba ari ibintu bikomeye.",anxiety_worry,amod
Mfite ikintu gitangaje cyane gituma ntinya kubitubwira.,anxiety_worry,amod
"Umukunzi wanjye ntashobora kureka kubaho mu buzima bwanjye bw'ibitsina by'ibitsina, avuga ko ankunda ariko ko gutekereza ku buzima bwanjye bwa kera ari ibintu biteye ishozi kandi bimurangaza mu buryo bw'ibitsina, avuga ko yagombye kuba yarashakanye n'abantu batandukanye.",relationship_support,amod
Nta busambanyi mfite kubera ibibazo by'ubuvuzi. N'ubu ndafunze burundu kandi buri wese ndabufunga. Ndetse nabwiye umugabo wanjye ko nifuza gutana kuko ari byo natekerezaga ko ashaka kumva. Ariko byankoze ku mutima igihe namenyaga ko agiye kubona undi muntu.,sadness_low_mood,amod
"Mfite ikibazo cyo kubura sekuru, nkeneye ubufasha kugira ngo mbone uko mbyifatamo, ariko sinzi niba nshobora kwishyura ubufasha.",overwhelmed_identity,amod
Nyogokuru na musaza wanjye bombi bapfuye imyaka 11 ishize kandi rimwe na rimwe nijoro sinshobora kureka kurira mu gihe ntekereza ku byiza twibutse ariko ntabwo nzongera kubireka.,sleep,amod
"Umwaka ushize numvaga nta byiringiro mfite. Nta mishyikirano myiza mfitanye na mushiki wanjye. Mperutse gupfusha mama, kandi ibyo byongereye agahinda kanjye.",overwhelmed_identity,amod
"Ibyabaye mu gihe cyahise biranshimisha cyane kuruta uko bimeze ubu. Ibintu byose byabayeho mu gihe cyahise biranshimisha cyane; nkumva nkaba ndi mu bwenge bw'ibyiyumvo. Ariko amaherezo, birambabaza cyane iyo menye ko ibyo nibuka byose (n'inshuti yanjye magara yampaye) byagiyeho iteka ryose.",sadness_low_mood,amod
"Umugore wanjye arashaka kugenda. yemeye kugaruka akampa akanya gato. ndetse avuga ko yizeye ko nshobora kubikora. Twahambye umwana wacu w'imfura muri Jan 13 ishize. ntiyigeze abirengagiza. bityo buri mwaka muri iki gihe, arushaho kugira ibyiyumvo akavuga ko atekereza ko ankunda, ariko nyuma yaho dusubira mu buzima busanzwe.",relationship_support,amod
Ni iki nakora ngo ndeke kuririra mama? Iyo ndi maso ndarira buri munsi. Nta muntu mfite wo kuvugana na we. Nkeneye ubufasha; ndacyamuririra. Ese nzareka kurira? Hashize imyaka 3?,self_care_coping,amod
"Nubwo incuti yanjye yari yarabimburiye imiti, nabonye ko yari yarabimburiye imiti yo guhangayika.",anxiety_worry,amod
Umukazana wanjye mushya aherutse kumenyesha ko arimo kunywa urumogi mu gihe atwite kubera ubumuga bwo mu gitondo. Ndashenguwe n'inkuba kandi sinzi uko nzitabira.,self_care_coping,amod
"Mama arwaye Alzheimer, kandi arasaze kandi arangwa n'ubugome ku bantu bose, kandi buri gihe asaba ibintu bidashyize mu gaciro, bidafite icyo bisobanuye. Ndumva nduhutse kandi ndashavuye cyane, ariko nyuma yaho numva mfite icyaha kuko nzi ko atari ikosa rye.",self_care_coping,amod
"Mama arwaye indwara ya Alzheimer, kandi ndabona ko yabuze ubushobozi bwe bwo gutekereza. Nubwo nzi ko atari we wababaye, ndacyafite ikibazo cyo gutandukanya ibyiyumvo byanjye byo kwiheba no kwiheba, iyo mama asa n'utazi ibitekerezo byanjye n'ibyifuzo byanjye, kandi bisa n'aho",overwhelmed_identity,amod
"Mfite mama ukomeza kunyobora nubwo mfite imyaka hafi 30. Nashakaga kwimuka nkabaho ubuzima bwanjye, ariko numva ko igihe cyose nkora ibyo mama ashaka umubano wacu ukwiriye. Si byiza ko ntakora ibyo ashaka. Sinzi uko ntangira gufata imyanzuro yanjye bwite ntita ku byo abona ko ari byiza. Ese byaba byamfasha kuganira n'umuntu kuri ibi?",anxiety_worry,amod
"Nzi ko yari amaze imyaka myinshi. Yari afitanye ubucuti na mubyara wanjye igihe twahuye. Abana banjye bamubonaga nk'umusaza wabo. Ku munsi wa Halloween 2014, mama wanjye yapfuye azize kanseri. Mama na papa bari bakiri bashyingiranywe igihe yapfaga. Umugenzi wanjye yari ahari igihe cyose nabaga mpanganye n'icyo kibazo n'ubundi ndwara ya kanseri. Yaranshyigikiye cyane mu buzima bwanjye n'ubw'abana banjye, ariko ubu mu kwezi gushize, papa yambwiye ko akunda cyane umukunzi wanjye kandi ko yifuza kumushyingira.",overwhelmed_identity,amod
"Ndi umukobwa w'ingimbi cyangwa umwangavu w'ingimbi, kandi nakunze umukobwa umuto kundusha imyaka mike. Nanjye arankunda, ariko muri iki gihe ntituri kumwe mu buryo bw'umubiri. Nanjye natekereje kuzaba transgender vuba, ariko umuryango wanjye ntanyemera, ku buryo mu by'ukuri sinzi icyo nakora kuri ibyo kuko numva ngomba guhora nihisha uwo ndi we koko. Birambabaza cyane guhisha uwo ndi we koko. Nakora iki?",self_care_coping,amod
"Umuvandimwe wanjye mukuru (ari mu myaka 60) yatangiye gukundana n'umugore ufite indwara ya Asperger. Ni umugore w'igitsina gore kandi ureshya. Ntiyumva imipaka. Bamaze amezi make bakundana, kandi avuga iby'ishyingiranwa. Hari undi muvandimwe n'umugore we bamuhuriye, kandi bavuze ko atazigera atumirwa. Umuvandimwe wanjye ahora atoranya abagore bameze batyo. Mbese tuvugisha ukuri kandi tugashyira mu kaga ko gutakaza umubano?",relationship_support,amod
"Ndi ingimbi cyangwa umwangavu, kandi nzi akamaro k'amashuri ngiye kwiga, ariko uko nagerageza kose, umuryango wanjye utekereza ko nta cyo nagerageje gukora.",self_care_coping,amod
"Ndi ingimbi. Umuryango wanjye wose ukeneye ubuvuzi bwo mu muryango, kandi birashoboka cyane ko ari ubuvuzi bwa buri muntu. Ababyeyi banjye banze kugira icyo bakora, kandi ndambiwe. Ese hari uburyo nabona bwo kubikuraho?",sleep,amod
"Buri joro jye n'umukunzi wanjye turwana ku kibazo kimwe, kandi ambwira ko iyo ngiye gusura mama mu mahanga, ntazongera kumubona igihe nzagaruka.",relationship_support,amod
"Njye sinkunda mushiki wanjye. sinigeze ndamubabaza, ariko iyo mbishobora, nifuza ko tutari incuti. Ese ibi birakomeye? kuki amaraso agomba gutuma tuba inshuti? ese ndi umuntu utumva kandi hari uburyo bwo kubikemura?",relationship_support,amod
"Umugore wanjye na mama bafite amakimbirane akomeye. mu minsi ishize, bagiye bagira amakimbirane mato. Urugero, umugore wanjye yanyitotombera ko mama ari umunyabyaha cyane; mama yanyitotombera ko umugore wanjye ari umunebwe. Ariko, mu minsi ishize, byarakomeje. Ntekereza ko impamvu ari uko umugore wanjye yigeze kumusubiza. Ubu, amakimbirane mato arushaho kwiyongera, bigatuma havuka amakimbirane akomeye. Nakora iki?",self_care_coping,amod
"Mu cyumweru gishize, jye n'umukunzi wanjye twarwanye. Yafashe imyanzuro mibi myinshi, ubu akaba ari mu bitaro. Ndya gake cyangwa ndyama kuko mpora mpangayikishijwe na we. Abandi bose mu buzima bwanjye bavuga ko ngomba kumwibagirwa nkagenda.",sleep,amod
"Kuva mama apfa, umuryango wanjye wanfataga nk'umunyamahanga. Ubu mpangayikishijwe n'uko data azajya mu kigo cy'abakecuru. Niba ibyo bibaye ntekereza ko nzashobora kubyihanganira jyenyine. Nakora iki? Nzakenera ubufasha n'inkunga by'umuryango wanjye.",relationship_support,amod
"Twakodesha ababyeyi b'umukunzi wanjye. Se araza atadutangarije, aguma mu rugo igihe kirekire. Akinjira iwacu tutari kumwe buri munsi, akajyana imbwa zacu iwe. Akuraho amabaruwa yacu. Nta mipaka afite. Ni umuntu w'impuhwe, w'umunyamahane, w'umunyamahane. Atekereza ko buri mpera z'icyumweru azaturera iruhande, atanga inama zidakenewe ku birebana no kurera abana kandi ntiyubahiriza ubuzima bwacu bwite na gato. Yinjira nta muburo. Afite urufunguzo kandi yinjira mu nzu yacu atamubajije.",self_care_coping,amod
Mfite imyaka mike mpura n'umuvandimwe w'umusore w'umusore w'umusore w'umusore w'umusore w'umusore w'umusore w'umusore w'umusore w'umusore w'umusore w'umusore w'umusore w'umusore w'umusore w'umusore w'umusore w'umusore w'umusore w'umusore w'umusore w'umusore w'umusore w'umusore w'umusore w'umusore w'umusore w'umusore w'umusore w'umusore w'umusore w'umusore w'umusore w'umusore w'umusore w'umusore w'umusore,relationship_support,amod
"Papa ntakunda ko ndi umuhungu. Buri munsi arantuka kubera ibyo, akambwira ko ndi umunyamwaga kandi ko ndi umuntu w'imbaraga nyinshi. Ndumva nihebye cyane kubera ko papa arantuka. Akomeza kumbaza impamvu ntashobora kuba umuntu wishimye nk'uko ndi, kandi buri munsi arantuka. Ese ibyo bifatwa nk'ibitotezo mu byiyumvo?",sadness_low_mood,amod
Ese ni gute nakwiringira undi mugore? Nabonye ko buri gihe nsoma hagati y'imirongo n'undi mugore wese mpura na we. Mfite ikibazo cyo kugirana na buri wese imishyikirano bitewe n'uburiganya bwe n'ubushake bwe bwo kuvuga no gukora ikintu icyo ari cyo cyose kugira ngo antegeke ibyiyumvo byanjye.,overwhelmed_identity,amod
"Mu kwezi k'Ukuboza uyu mwaka, namenye ko ntari narigeze numva ndi umugore.",overwhelmed_identity,amod
"Mfite abavandimwe batatu. Mama arabakunda, ariko jye si ko ankunda. Buri gihe arantuka, ariko iyo bigeze ku bavandimwe banjye, abavugisha. Buri gihe ndarira mu cyumba cyanjye.",sadness_low_mood,amod
"Buri gihe iyo umuryango wanjye n'inshuti zanjye bagiranye amakimbirane, ni jye ubafata nk'intwari. Ni jye babahamagara ngo ndwane na bo. Ibyo ndabikora nubwo mpanganye n'ikibazo cyo kwizera abantu ndwanira. Ndi mu myaka 20 gusa.",relationship_support,amod
"Ubu mfite imyaka 20 n'umukunzi wanjye w'imyaka 7 kandi nifuza gutangira ubuzima. Mama wanjye arankunda cyane kandi arankunda cyane. Afite indwara ya diyabete yo mu bwoko bwa 1, akoresha kugira ngo anshinja icyaha niba naramutaye. Ikibazo ni uko nzumva mfite icyaha.",relationship_support,amod
"Ariko kandi, akenshi mba mfite ubwoba bwo kumubwira ikintu cy'ibanga kuko cyangwa ntamutega amatwi, cyangwa ngo agire icyo avuga ku bimwerekeyeho, cyangwa ngo yirengagize ibintu, ndetse n'iyo ari ku birebana n'ubuzima bwanjye bwo mu mutwe.",anxiety_worry,amod
"Iyo ndwaye, numva ko hari ibintu byinshi byambayeho, ariko iyo ndwaye, numva ko hari ibintu byinshi byambayeho, kandi ko hari ibintu byinshi byambayeho, nk'uko nagiye mbikora, nkumva ko hari ibintu byinshi byambayeho.",anxiety_worry,amod
"Nkunda igitsina cyanjye, ababyeyi banjye ntibabyemera, sinzi uko mbwira abandi kuko ntinya ko batazankunda.",anxiety_worry,amod
"Mfite akazi k'akazi k'uburyo bubiri, njya mu ishuri ryigisha ubutabera mu by'amategeko. Mu mpeshyi, data yagize ikibazo cy'ihungabana. Byari biteye agahinda kenshi. Data ntameze nk'abandi, umuryango wanjye urwana buri munsi.",sadness_low_mood,amod
"Ubu afitanye ubucuti n'umukunzi we, amaze imyaka irindwi afatwa mu gihe cyo kwiheba no guhangayika mu by'imibereho.",sadness_low_mood,amod
"Buri gihe nkomeza kuba umugome ku nshuti yanjye magara, kandi sinzi impamvu, ariko naje kubona ko ari uko mama ahora ankunda.",relationship_support,amod
"Ubu jye na mama turimo turwana cyane, kandi nifuza gusa kugirana na we imishyikirano myiza.",relationship_support,amod
"Ndi ingimbi, kandi musaza wanjye aranduta, afite umukunzi uhora amuherekeza, ntacyongera kungendanira. Twari dufitanye ubucuti bukomeye, kandi birambabaza cyane.",sadness_low_mood,amod
"Hari umugabo unkomerekeje imyaka itanu. Ntaho anyura mu muryango cyangwa abana. Buri wese mu muryango aranyanga. Hari Misa uyu munsi y'umwe mu bagize umuryango, kandi ntiyigeze ansaba kujya. Ubu ngomba kwicara jyenyine mu rugo no kuri Noheli. Yiteze ko njya kwicara jyenyine mu gihe yishimira kuba mu muryango. Turi mu myaka 50 y'amavuko, kandi biramubabaza cyane ko atajya atekerezaho cyangwa ngo anyereke mu muryango. Ntabitayeho. Ndamusiga vuba uko bishoboka kose,",sleep,amod
"Mwaramutse, mfite mu muryango wanjye mwene mama wambwiye ko ari umuntu w'umunyamwete, utumva afite umutekano kandi utumva ko afite agahinda mu gihe ari mu mujyi. Ndabizi ko akomoka ahantu h'urukundo, ariko buri gihe yagiye agira agahinda kenshi kandi akagira imyumvire irangwa n'ubushotoranyi iyo hari ikintu kitagenda uko yabiteganyije. Nakoze uko nshoboye kose ngo mpindure gahunda ze, ariko buri gihe arangiza agahinda kubera ukuntu ntashoboraga kuvugana n'abandi, hanyuma akandika amagambo y'ubugwaneza ku mico yanjye, harimo: kutitekerezaho, kwifata nabi, kwirengagiza, no kwifata uko ndi.",self_care_coping,amod
"Njyewe nari ndishimye cyane. uko byagenda kose, nari ndishimye. Nagiye mu rukundo n'uyu musore. Ndamukunda cyane. Twese turi ingimbi n'abangavu. Icyumweru kimwe nyuma y'amavuko ye, mama yansabye kureka kumuvugisha. Byaranteye agahinda. Yaje iwanjye aganira na we, aratureka tukongera gukundana ariko ntitubonana. Yajya ku ishuri ryanjye buri munsi kandi biranshinja agahinda ko kumubeshya.",relationship_support,amod
"Buri gihe mpora mpagarika umutima na data. Arambabaza bitewe n'akazi n'ubuzima, akambwira amagambo asa n'aho arushya kandi asa n'aho arushaho kurira.",anxiety_worry,amod
"Mfite ibibazo n'abantu babiri bazabana nanjye iteka. Mfite umukobwa n'umusore w'umuhungu wanjye. Ubu ndubatse, kandi umukunzi w'umugabo wanjye na we ari kumwe n'umusore w'umuhungu wanjye. Na bo bafite umukobwa umwe. Ikibazo cyanjye ni uko buri gihe haba hari imyidagaduro. Ndi inda, maze mbwira umusore w'umuhungu wanjye ko nta kibazo na kimwe nshaka cyangwa ngo mparanire. Nshaka kubana neza uko bishoboka kose, kandi yemeye.",relationship_support,amod
"Hari ikibazo mfite n'abagize umuryango wanjye bakora imibonano mpuzabitsina mu rugo rwanjye mu buryo butari bwo. Bakora imibonano mpuzabitsina mu masanduku y'ibyatsi, mu macupa, no mu nzu yanjye.",relationship_support,amod
Ndi umugabo mwiza. Nkunda umugore wanjye n'umutima wanjye wose. Dufite abahungu 3 n'umukobwa twabyaranye mbere. Dufite n'abuzukuru 3 ubu uyu munsi uratwitandukanya. Nifuza ko umuryango wacu waba umwe kandi wishimye. Ni ikosa ryakozwe kera cyane. Umugore wanjye ashaka kugenda kandi sinshaka ko biba. Ndamukunda cyane. Ndakwinginze umfashe kurokora urugo rwanjye. Ndetse n'abahungu banjye 3 bashaka ko dukemura ikibazo. Baradukunda twese kandi bifuza ko umuryango wacu uhurira hamwe. Ndabasabye kumpa inama cyangwa icyizere.,self_care_coping,amod
"Nagiye gusohokana n'umusore nahuye na we kuri interineti. yambwiye ko yandikishije ko ari umukozi w'ibitsina ariko nta cyo yakoze. Yasabye ko buri gihe yandikisha ko ari umukozi w'ibitsina kandi yarabikoze imyaka ibiri ishize. Ibyo byabayeho imyaka isaga mirongo ibiri ishize. Kuva icyo gihe nta kintu na kimwe kiri muri dosiye ye. Buri gihe nemera ko ibya kera byagombye kurengaho. Ariko abo tubana, umuryango wabo n'umwana wanjye ntibababarire. Ese nagombye kubabarira uyu mugabo nkunda cyangwa nkamwirukana?",relationship_support,amod
Mfite ibibazo n'umwe mu bagize umuryango wanjye. Polisi ntiyemera ibyo nahuye na byo kuko ndi umwana. Ndetse nagize ikibazo cyo gushaka umwarimu kuko navuze ko nifuza ko umuntu mukuru amfasha.,self_care_coping,amod
"Ubu se yavuze ko ejo ashobora kubireka. Niba ari uko bimeze, nshobora gushukura mu butaka nkoresheje inyandiko igira iti ""aha ni ho ibyiyumvo byanjye biri. R.I.P"". Nta byiyumvo na kimwe nsigaye mfite, maze nsanga ibyo atari ibintu bisanzwe, nkigereranya uko mbyifatamo mu mimerere runaka n'iya umuryango wanjye. Ni iki kibaye kuri jye?",relationship_support,amod
"Mfite amabanga mu mutwe wanjye, sinzi icyo nkora na yo. Sinshaka kubwira umugore wanjye na mama kuko sinshaka kubababaza. Ariko sinzi igihe nzamara mbikomeza.",overwhelmed_identity,amod
Ni iki gituma ishyingiranwa rirangwa n'amahoro riramba?,relationship_support,amod
"Uyu munsi namenye ko umugore wanjye anshuka. Ndamukunda, ariko ntashaka kumvugisha ukuri nubwo naba mfite ibimenyetso. Iyo ndamwingingiye ngo ambwire ukuri, araturika, aranseka, kandi agira imyifatire ikomeye.",relationship_support,amod
"Buri gihe numvira umugabo wanjye, ariko numva atanyumva.",relationship_support,amod
"Kuba ndamucumuyeho, ni ikintu ntashobora kwemera, ariko kubera ko dufite abakobwa babiri, niyemeje kudatandukanya umuryango. Ariko ubu ndwana n'uko nibagirwa ibyo byambayeho, nkaba numva ntashobora kumwizera.",relationship_support,amod
"Ndamukunda ariko ntampenda, ahubwo avugana nabi ku birebana nanjye n'incuti ze.",relationship_support,amod
"Data ari mu bitaro, bamusanganye indwara y'ubwonko bw'ikirere, kandi iyo mbyibutse, umugabo wanjye ahora ankurakariye.",relationship_support,amod
"Umugabo wanjye yafashe akazi hanze y'igihugu mu mwaka ukurikiyeho kandi asa n'umuntu utandukanye. Mbere yaho yakoraga, akaryama, kandi ku minsi y'ikiruhuko, yagumaga mu rugo kuko nta kindi yakoraga. Ubu ajya gusohoka n'inshuti ze nijoro rimwe mu cyumweru, mu gihe nanjye nkiri mu rugo nkora akazi k'amasaha 50 mu cyumweru kandi nkita ku bana babiri jyenyine.",overwhelmed_identity,amod
"Njyewe niyemeje kugumaho nkakora. Gusa sinshaka kwicara ku rubyiniro. Usibye ibyo, nagiye ndushaho kurengera iki kibazo. Numva ko bidakwiriye ko yitega ko nicara kuri urwo rubyiniro kandi ntampane wenyine. Nshobora gukomeza gukunda, guseka no gukina n'umugore wanjye. Gusa sinshaka kwicara kuri urwo rubyiniro.",relationship_support,amod
Numva ntandukanye n'umugabo wanjye. Numva ko nkura mu mubano. Mfite imyaka itandatu ndi kumwe n'umugabo wanjye kandi ndubatse hafi imyaka itanu. Gusa sincyumva uwo mwunga. Sincyumva ikintu na kimwe. Sinzi impamvu cyangwa niba ndi kuba ntatekereza.,relationship_support,amod
"Mfite icyifuzo gikomeye cyo kureba umugore wanjye aryamana n'undi mugabo. Namubwiye ko azankorera. Icyo gitekerezo kiranshimisha cyane ariko sinkifuza kuko kinanira. Ni gute nakireka kugikunda, cyangwa se nagombye kugitangira?",overwhelmed_identity,amod
"Njye n'umugabo wanjye turi kumwe kuva mu mashuri yisumbuye. Twari tumaze imyaka igera hafi ku icumi dushyingiranywe, kandi dufite abana batatu beza. Mu byumweru bike bishize, umugabo wanjye yafashe umwanzuro ko akeneye igihe runaka cyo gutandukana maze ajya kwa se igihe runaka. Yagaruka iwabo kureba abana maze agakora nk'aho nta kibi kinini cyabaye. Ese uyu mubano ushobora kurokoka cyangwa se biracyari bitinze?",overwhelmed_identity,amod
"Iyo mvugo irantuma mpenda. Iyo mbwiye umugabo wanjye ikintu akeneye guhindura, nk'igihe cyose ndeba iPad ye ndamubaza ko umwuzukuru wanjye yari hafi gusohora ikaramu cyangwa nkamusobanurira ko mfite ibintu byose akeneye kugira ngo atege gato.",anxiety_worry,amod
Umugabo wanjye ntanyizera kubera ibihe bya kera twari dufite.,sleep,amod
"Umugabo wanjye yaransenze, kandi byambabaza cyane.",relationship_support,amod
"Njye n'umugabo wanjye tumaze imyaka hafi irindwi. Twarashatse gato nyuma y'imyaka 5 turi kumwe. Nari narashatse nshaka gushyingirwa kandi nicuza ko nari ngiye kumwereka uko nshaka ko ambwira ko nshyingiranwa. Igihe yamusabaga ko nshyingiranwa, ni mu biruhuko by'amahirwe nari nateguye. Nari ndishimye ariko sinashoboraga kwihanganira kwiheba.",sadness_low_mood,amod
"Ubu maze imyaka 6 mfite indwara yo kubura ibyiyumvo. Mfite imyaka 20 n'amabyiruka. Ndimo ntangira gusubira mu ishuri kugira ngo mbe umutoza w'imiti, kandi rwose ngomba guhita ndushaho kumererwa neza. Ndatakaza imbaraga zo kwiyobora, nkaba ndakara, nkaba mfite impungenge, nkajya ndya kandi nkasukura.",overwhelmed_identity,amod
"Mfite ikibazo cyo kurya cyane cyane mu gihe mfite stress. Ndya cyane kandi numva mfite isoni n'agahinda ku buryo njya mu nzu y'imikino ngororamubiri nkagerageza gukora siporo. Mfite imyaka 20 irenga, kandi kuva nkiri ingimbi, ndacyabigerageza.",self_care_coping,amod
"Hari umuhungu wansabye gusohokana na we kera, maze ndamusubiza nti ""oya"" kuko incuti zanjye n'abagize umuryango wanjye bari kunyitotomba.",relationship_support,amod
"Hari ibintu byinshi nagiye mpura na byo mu rugo no mu ishuri. Ntitwigeze tujya kwa muganga kugira ngo tumenye ko mfite agahinda cyangwa ibindi bintu nk'ibyo, ariko buri gihe numva ko hari igice cy'umutima wanjye kimbuze.",sadness_low_mood,amod
"Mfite inshuti nahoranye, ni gato, maze duhinduka incuti nziza, maze mu mpera z'icyumweru mporana na yo, maze ibyo bibabaza umukunzi wanjye.",relationship_support,amod
"Mfite imyaka ine ndi kumwe n'uwo twashakanye, nta mpamvu n'imwe yampaye yo kumwizera, ariko muri iyi minsi, iyo akora ibintu bisanzwe, ndushaho kurenza urugero, mbese, mbona ko bituma imishyikirano mbi nari mfitanye n'uwo twashakanye itangira.",relationship_support,amod
"Mfite umubano w'igihe kirekire n'umukunzi wanjye, maze umwaka urenga. Mu cyumweru gishize yemeye ko afite ibyiyumvo ku wundi musore. Avuga ko ari urukundo gusa ariko sinzi uko mbyitwaramo.",self_care_coping,amod
"Mfite ibibazo by'imishyikirano, kandi nifuza kubikemura kugira ngo ibintu bibanze neza mbere y'uko mpita ndamuheba.",overwhelmed_identity,amod
"Namubwiye ko namukundaga, ko ari mwiza kandi ko ari mwiza, ariko ko atifuzaga kugirana imibonano mpuzabitsina, ko buri gihe yanshakana n'umuntu.",relationship_support,amod
"Ndi mu mubano w'igihe kirekire n'umugabo wanjye w'ikirenga, ariko sinshishikazwa na we nk'uko nagombye kuba. Ibindi byose biramushimisha, ariko nsanga nishimira abagabo bakundwa cyane. Intambwe ikurikiraho ni ugushyingiranwa, ariko nifuza gushaka umuntu nshobora gukundana na we maze nkongera kumugarukira. Ariko nanone, sinshishikazwa no gutakaza umubano mwiza kubera ibyo bishobora kuba ari irari gusa.",overwhelmed_identity,amod
"Hari umukobwa nahuye na we mu mashuri yisumbuye. Yari yarahindutse mu mpera z'umwaka, kandi kuva icyo gihe sinongeye kumubona. Haraciye imyaka mike. Twari dufite ubucuti bwiza kandi twagiranaga ubucuti, kandi twasaga n'aho dufite byinshi duhuriyeho. Sinigeze ngira ubutwari bwo kumusaba ko tuzabana.",relationship_support,amod
"Sinigeze mba umuseribateri, ntinya kuba jyenyine, nshaka umukunzi wanjye ngo anshimishe. Amaherezo narakomeje kwiyihatira, ngira umubano, nkora ibyo umukunzi mwiza akora byose ariko ntibyashobotse. Ubu hashize amezi menshi, nta mugabo n'umwe unshishikaza. Ese niteguye kongera gukundana?",sleep,amod
"Buri gihe umukunzi wanjye avuga ko arangije kunkurikirana, akomeza kugenda, ariko nyuma y'ijoro akomeza kuba hano, akabyuka mu gitondo, akigira nk'aho nta kintu na kimwe kibaho, kandi akajya asubiraho buri joro.",relationship_support,amod
"Nari maze imyaka myinshi ndi kumwe n'umukunzi wanjye, twarasohokanye, turatandukana inshuro eshatu, kuva aho dutandukaniye mu mezi atanu ashize, sinshobora gukomeza kubaho, nifuza kongera kubana ariko ntiyanvugana nanjye.",relationship_support,amod
Njyewe ndamukunda cyane kandi ndumva nanjye ankunda ariko mushiki we ni umukunzi wanjye mwiza. Mfite ubwoba ko ndamubwira ko nshaka musaza we azamwica.,anxiety_worry,amod
Numva ko nafashe umubano wacu nk'aho ari ikintu cyumvikana kandi ubu ari ku rugero rwo kureka. Nagize ikibazo cyo kumva ko nshobora kumwizera ariko ntiyampaye impamvu yo kutamwizera.,relationship_support,amod
"Buri gihe iyo ndirimba indirimbo nkunda (nubwo ari kubera umuvuduko gusa atari amagambo), umukunzi wanjye atekereza ko amagambo y'indirimbo asobanura ikintu kibi ku bucuti bwacu. Sinzi impamvu arakara cyane kandi atekereza ko nsobanura ikintu kibi kuri buri ndirimbo. Ubu sinshobora kwishimira no kuririmba indirimbo ntatekereje ko ndimo ndamuha igitekerezo. Ndetse anshinja ko ndyarya no kubeshya. Biranshuka. Ndamukunda kandi sinzigera nkora ikintu kibi nk'icyo.",relationship_support,amod
"Mfite ibibazo byinshi byo kurera abana, ibibazo by'amafaranga, umutekano muke no kugira ibiro byinshi. Nta nshuti mbifite. Birangora gukomeza kugira icyizere. Ndumva mfite ibyiyumvo byinshi, nkaba nishimye ku bantu nkunda.",relationship_support,amod
Umukunzi wanjye aherutse gutangira gusabana cyane n'umwe mu nshuti ze yamukoreye nabi kera maze akamusiga gusa. mu myaka 3 ishize ni njye n'umukunzi wanjye gusa. Ibintu byagenze neza kugeza mu kwezi gushize. ubu aranyihakana kandi arandikirana ubutumwa kandi arushaho gusabana n'umukunzi we. sinzi icyo nkora. umukunzi wanjye ari kure cyane. mbasha kumwirinda nte?,relationship_support,amod
"Njye n'umukunzi wanjye tumaze imyaka igera kuri ibiri dukundana. Mperutse kubabazwa cyane kandi mu mezi make ashize, nabonye ko nifuza kumwifashisha cyane. Birambabaza cyane kuba mbikeneye cyane, ariko sinshobora kubikora. Sinzi n'icyo ndi cyo ntamufite.",sadness_low_mood,amod
"Numva ndi jyenyine. Mfite abantu benshi cyane banzengurutse, ariko bisa n'aho bumva gusa ariko ntibumve. Bavuga ko byose bizagenda neza, cyangwa se ntibumve. Buri wese avuga ko ari hano kundondera ariko numva atari byo. Kuki numva ndi jyenyine?",relationship_support,amod
"Twari tumaze imyaka itatu turi kumwe. Twaraganiriye, arangiza ambwira ko atankunda. Biramubabaza kuko nifuza cyane gukemura ikibazo, kandi akomeza kucyitaho nubwo naheba ibyo yakoze nkavuga ko nicuza. Ibyo byakemuka bite? Dufite abana, kandi sinifuza ko umuryango wavunika kuko tudashobora gushyikirana?",relationship_support,amod
"Ndi kumwe n'uyu mugabo witwa Peter. Umukunzi wanjye Jennifer yari asanzwe amuhura na we kera, kandi we nta kibazo na kimwe afite natwe dukundana. Umukunzi wanjye wa mbere Paul yatandukanye na Jennifer, kandi arababaye cyane. Peter nanjye turi mu bihe bigoye mu mubano wacu.",relationship_support,amod
"Umukunzi wanjye yambwiye ko ari amagambo y'ibinyoma, maze ndamuca inyuma, ubu ni ubwa gatatu ambwiye atyo, kandi ndangije kumuhera amahirwe.",relationship_support,amod
"Umukobwa nakundaga amaze iminsi 11 muri Irilande, kandi ndumva nta cyo maze.",relationship_support,amod
"Mfite ubumuga bwo kwifata nabi cyane kandi nagiye ku mbuga nyinshi zo gukundana nka Meet Me, Match, na Zoosk. Nta n'umwe muri izo mbuga nagiyeho wagize amahirwe. Nashakaga cyane umukunzi ariko sinzi icyo nakora. Nifuza gusa kuba mu mubano.",relationship_support,amod
"Twari tumaze imyaka ibiri n'igice dufitanye ubucuti, mu minsi ishize nabonye telefoni ye, mbona abantu yandikiraga ubutumwa bwinshi, umwe muri bo akaba yari umukozi mugenzi we w'umugore. Sinzi uko nahangana n'iki kibazo.",relationship_support,amod
"Twari tubanye neza kugeza igihe yinjiriye mu gisirikare. ndamukunda kandi nzi ko ankunda, ariko biragoye.",anxiety_worry,amod
"Umwaka ushize nari mfite umukunzi w'umukobwa. byaragaragaye ko ari umusazi ku buryo niyemeje kureka kumuvugisha. Igihe yahamagaraga sinitaba telefoni. Ibyo byatumye umukunzi wanjye atangira kunyikeka cyane. Yambaza impamvu ntashoboraga guhita mpindura kuri iyo nomero ya telefoni. Nabwiye umukunzi wanjye ko ntashaka kuba inshuti y'uwo wundi mugore, ariko sinzi ko anyemera. Nakora iki ngo umukunzi wanjye amenye?",sadness_low_mood,amod
"Jye n'umukunzi wanjye dufite umubano w'ubuhumekero bitewe n'uko yannyuzura mu buryo bw'ibyiyumvo no mu mvugo ariko bituma numva ko ntazigera nsanga umuntu mwiza, kandi ko ntashobora kugira ibyishimo ntamufite.",relationship_support,amod
"Twakundaga kumenyana cyane, ariko nyuma yaho yaje kumperekeza. Numvaga ntashobora kubaho ntamufite.",anxiety_worry,amod
"Ndi mu kigero cy'imyaka 20, ababyeyi b'abahoze ari abavandimwe banjye ni incuti zabo kandi barababwira ibintu bibi ku birebana nanjye.",relationship_support,amod
"Kuva nkiri muto, nakundaga igitekerezo cyo gukunda umuntu no kumarana n'ubuzima bwanjye bwose. Buri wese nagiriraga neza. Ku bakobwa nakundaga, nakundaga kumarana nabo buri cyinsi. Buri gihe birangira kimwe: Ndagukunda nk'inshuti, cyangwa Nkunda kwitabwaho kwawe ariko si wowe.",relationship_support,amod
"Mfite umugabo nkunda cyane, dufite ibibazo, ariko nshobora kwibona turi kumwe mu gihe kirekire, ariko hari undi mugabo nkunda kuva kera, anyereka ibishyimbo iyo tuganira, umutima wanjye ukomeza kuntera umuvuduko igihe mbonye ko yanyoherereje ubutumwa, ibyo sinigeze mbyumvaho n'umukunzi wanjye.",overwhelmed_identity,amod
"Njye n'umusore twigeze gukundana tumaranye umwaka urenga. Afite imyaka 20 irenga, amaze imyaka itanu atanye n'abana babiri.",relationship_support,amod
"Ndi mu rukundo, ariko numva buri gihe nshyiraho byinshi kandi ntishyirwe mu mwanya w'abandi.",relationship_support,amod
"Nshimishwa n'uko ibyo ari bibi, kandi nifuza kubirengagiza.",relationship_support,amod
"Ubu ndwaye indwara yo kudakora neza mu mubiri kandi nagerageje Viagra, Cialis n'ibindi. Nta kintu na kimwe cyasaga n'aho cyakomeje. Umukunzi wanjye w'imyaka 3 afite agahinda kenshi mu by'igitsina. Namubwiye ko gukora imibonano mpuzabitsina n'abandi bagabo nta kibazo afite.",relationship_support,amod
"Mfite amezi make ndi kumwe na we. Tuzavugana buri munsi kandi azarakara kubera ikintu runaka nzavuga ntangeze. Dufite ibihe byiza, ariko ngomba kwibanda ku mimerere yanjye bwite, kandi numva ari kuntera hasi. Ndacyashaka kuba ndi kumwe na we, ariko si ubu.",sadness_low_mood,amod
"Namenye ko umukunzi wanjye afata imiti yo kurwanya kwiheba, mu minsi ishize avuga ko afite ibintu byinshi mu mutwe, kandi ko akeneye igihe cyo kutwibwira.",sadness_low_mood,amod
"Njye na se w'umwana wanjye tumaze umwaka dukundana. Twaharaniraga cyane, mu mizo ya mbere yifuzaga kubikemura. Ariko nyuma y'igihe yatangiye gusaba abandi bakamubwira ko agomba kunsiga. Ubu ashaka ko namurindira kugeza aho amariye gukura. Yifuza kuganira n'abandi bantu. Hanyuma akagaruka mu myaka ine. Ntiyifuza kunshakira inama nkiri inda. Ntiyantwara kwa muganga cyangwa ikindi kintu icyo ari cyo cyose. Numva ndi jyenyine.",relationship_support,amod
"Mfite ibibazo byinshi nk'ibyo: sinkunda abantu. Biranshangisha. Mfite ibibazo byo kuganira n'abantu. Numva ko bavuga ibyanjye kandi bakanseka. Numva meze ntyo mu myaka myinshi. Iyo ndebye abantu mu maso, numva ijwi rimubwira ngo mbakore nabi, kandi iyo ntaretse kureba uwo mvuga birumvikana cyane ku buryo ntumva ibyo bavuga. Ndahungabana n'abantu kugira ngo nirinde ibi. Ndareba abantu nkibaza uko nabababaza. Numva nta cyo maze kandi byaba byiza mbayeho",sadness_low_mood,amod
"Nari mfitanye umubano na we imyaka itatu. Mama ntiyishimira ko ndimo gukora ikosa. Yashyingiranywe nyuma y'amezi make dutandukanye, none ubu yaratanye. Namuhariye ibyo yakoze mu gihe cyahise, kandi avuga ko ababajwe n'ibyo yakoze kandi ko ankunda by'ukuri. Nanjye ndamukunda, ariko se byaba ari bibi ko ndamuha amahirwe ya kabiri?",relationship_support,amod
"Ubu mba muri hoteli nta n'umuryango mfite. Mperutse guhura n'umusore umwe. Ni umugabo w'igitsina gore. Afite inshuti nyinshi z'abaryamana bahuje igitsina ku mbuga nkoranyambaga. Ntiyari gufasha kwishyura icyumba. Igihe nasabaga televiziyo ya kure, yarayiroshye ahandi ansabye kuyitora. Namukubise nkamusaba kuva mu cyumba cyanjye. Twahise dusubira hamwe.",relationship_support,amod
"Mu mezi abiri n'igice ashize, nahuye n'umugore ku rubuga rwo gukundana. Twahise tubonana inshuro ebyiri, hanyuma nubwo yari afite gahunda z'ibanze zo kugenda neza no kugirana imishyikirano, amaherezo naje gusanga umugore we mu rugo ku wa Gatanu nimugoroba nyuma y'icyumweru kimwe dutangiye gukundana. Twaragerageje kubuza kuryamana, ariko nyuma y'amasaha menshi twirwanaga, twarabyemeye maze turaryamana. Nyuma yaho, nararaga iwe buri joro mu gihe cy'ibyumweru hafi bibiri. Hanyuma umunsi umwe, yagiye mu rugo rw'umuryango we ku munsi wo gushimira Imana, maze ibintu byose bihinduka. Mu gihe gito twamaze turi kumwe,",self_care_coping,amod
"Nagiye mu rukundo n'inshuti yanjye ya mbere, ariko yari amaze imyaka itanu atishimye. Twarakundanye kandi tumaze amezi umunani turi kumwe. Yagiye mu rugo asaba gutana. Yafashe umwanzuro wo kumubwira ibyerekeye umubano wacu, kandi yiteguye kumubabarira no gukora ku bintu. Ibyo byaramutunguye. Bafitanye abana babiri. Yafashe umwanzuro wo guhagarika gutana. Yagiye mu mujyi mu kwezi kumwe kugira ngo amenye neza ikibazo kandi agire umwarimu.",relationship_support,amod
"Mfite ukwezi kumwe n'umukunzi wanjye, twifuza umwana, ntitukora cyangwa ngo dutware imodoka, kandi ntitwaraganiriye n'ababyeyi bacu.",relationship_support,amod
"Nari kumwe n'inshuti yanjye magara. Twatangiye gusomana, ariko nyuma yaho, yavuze ko twagombye gukomeza kuba inshuti gusa kuko atagishaka gusenya ikintu icyo ari cyo cyose. Twembi twarangije imishyikirano. We yari afite imishyikirano ishingiye ku gitsina cyane. Sindi umuntu w'igitsina kandi arabizi. Ndashaka kuba ndi kumwe na we, ariko siniteguye indi mishyikirano, kandi sinzi niba azigera ashaka kuba inshuti gusa.",relationship_support,amod
Umukunzi wanjye ahora yihebye kubera ko abana be bagomba kubona no kwihanganira gutana. cyane cyane iyo nyina w'abana be akomeje kumutera agahinda akoresheje abana nk'impongano yo kumwihorera.,sadness_low_mood,amod
"Umukunzi wanjye yatandukanye nanjye mu mezi atanu ashize kuko namubwiye ibintu bibi ijoro rimwe nta mpamvu ye. Nagerageje kumugarura ariko ntibyoroshye. Afite imyaka 50 nanjye mfite 40 ni we nshaka mu buzima bwanjye, kandi ibi biranshyira mu kaga. Buri munsi ndarira, kandi nifuza cyane ubufasha.",sadness_low_mood,amod
"Ndi umunyeshuri w'umukobwa w'umuto mu ishuri ryisumbuye, kandi iki kibazo ni ku nshuti yanjye y'umugabo. Mu ntangiriro y'umwaka wa mbere, twarasohokanye icyumweru kimwe mbere yuko ababyeyi be barangiza kuko bavuze ko akiri muto cyane. Yamaze ukwezi kumwe n'umukobwa mwiza cyane mu mwaka wa nyuma w'amashuri yisumbuye. Nta kintu na kimwe ndamucira urubanza uretse kuba afite umutima wa Tim. Yemeza ko bakundana, kandi wenda baramukunda, ariko sinamwizera.",relationship_support,amod
"Mfite uyu musore ndamukunda cyane, ariko ubu ndamufite, kandi nifuza ko tumwibuka, ariko ubu ndamufite, kandi nifuza ko tumwibuka, ariko ubu nta kibazo mfite, kandi nifuza ko tumwibuka, ariko ubu nta kibazo mfite, kandi nifuza ko tumwibuka.",sleep,amod
"Njye n'umukunzi wanjye twaratandukanye tukongera tukongera kubana inshuro nyinshi mu myaka ibiri ishize. Twahise dutandukana na we mu ijoro ry'ejo ku munsi w'umwaka mushya. Iyo dutandukaniye, ku munsi ukurikiyeho, arantumira akigira nk'aho nta kintu na kimwe cyabaye. Akigira nk'aho ibintu byose bimeze neza. Ibi bimaze imyaka ibiri. Ndamukunda kandi ndamuha agaciro n'abana be cyane, ariko asa n'aho ari umuntu ukunda cyane ibyo umugabo amugirira. Buri gihe ambwira ko akwiriye ibyo n'ibyo umugabo amugirira.",anxiety_worry,amod
"Namutandukanye mu byumweru bitatu bishize kuko numvaga ko akeneye kubaha cyane. Kuva icyo gihe yagize umubano mwiza. Avuga ko ankunda kandi akankumbura ariko akananga kunshakisha. Avuga ko bizamugoye cyane kumbona. Igihe cyose tuganira, numva ko nshaka kumubona. Kera yari ankunda cyane, ariko ubu, asa n'utabyitaho.",relationship_support,amod
"Ndi umukobwa w'isugi w'imyaka 20 y'amavuko, umukunzi wanjye afite imyaka 20 y'amavuko afite abana. yampenze inshuro ebyiri: rimwe mu ntangiriro, nyuma amezi ane ashize. Ntiyari asanzwe asohokana n'isugi maze arandeka inshuro eshatu kuko atari azi neza. Twembi dukorera akazi kamwe (aho twahuye) kandi ni umukobwa dukorana.",overwhelmed_identity,amod
"Nibonera ko ntekereza ibintu mu buryo bw'ibitsina, kandi ndabyanga kuko bituma imishyikirano yanjye irushaho kuba mibi.",relationship_support,amod
"Umukunzi wanjye yampuriye mu mezi make ashize. Ndamukunda ariko imbwa ye irarimbura inzu yanjye. Buri munsi iyo tugeze mu rugo, haba imvururu nini ku butaka, ibintu byinshi birasenyuka (harimo n'icumbi). Arya buhoro buhoro ku miryango yose, kandi ahantu hose hazaba hari ibiryo n'ibihuha. N'ubwo nza mu rugo mu biruhuko byose kugira ngo ndamusohoke, aracyakora imbwa no gusesa mu nzu buri gihe. Sinashobora kwishyura amafaranga yo kugira imbwa isenya inzu yanjye. Nagerageje kuganira",relationship_support,amod
"Uyu munsi nagombaga kujya mu cyumba cy'ubutabazi kugira ngo nkore radiyo y'umugongo wanjye. Umukunzi wanjye ntiyifuzaga kwicara aho ngahangana nanjye. Ahubwo yifuzaga kujya gukorera ibintu incuti ze mu gihe nari ntinze. Igihe narangizaga, yaratinze kumfata iminota makumyabiri. Ntiyumva impamvu ndashavuye, kandi dukomeza guhana ku bintu byoroheje. Atekereza ko nta mpamvu mfite yo kurakara, ariko ndemera ko ndaza.",relationship_support,amod
"Umukunzi wanjye atekereza ko ndamwizera kuko mbere yaho nari naramunnyegeje, ariko ahisha telefoni ye kandi akohereza ubutumwa umukobwa we w'umusaza, ufite abana babiri.",relationship_support,amod
"Umukunzi wanjye wo kure ari mu muryango w'abavandimwe, kandi ibyo biramuhindura. Numva ntakibazo bimugeraho kandi birambabaza. Gusa yifuza ko nshigikira uwo muryango, ariko biragoye cyane. Buri munsi ngerageza kumwereka ko ari ikintu cy'ingenzi kuri jye, ariko ntashobora no kuguma ari maso mu birori by'abavandimwe kugira ngo ntatekereze ko akora ikintu kibabaje. Turakundana, ariko turi mu bihe bitoroshye.",anxiety_worry,amod
"Rimwe na rimwe, ntekereza ku wahoze ari umukunzi wanjye mu myaka ine ishize, n'uwo mfite ubu. Ni nk'aho ntashobora kurirengagiza, kandi nkeneye uburyo runaka bwo gufunga. Nkunda gutekereza ukuntu twagize ikintu, ariko kikarenganurwa kubera ko ababyeyi bacu batangiye gukora. Nta kibi na kimwe cyabayeho. Ubu twabaye inshuti, ariko hari umunaniro munini w'ibitsina hagati yacu, cyangwa nibura ndawumva iyo turi ahantu hamwe mu buryo bw'umubiri.",sleep,amod
"Umukunzi wanjye twahuye hashize umwaka. Twaramwizeye, turakundana vuba. Ariko afite ibibazo byo kumwizera, akeka ko ndimo ndayibeshya. Igihe namenyaga ko ntwite, twari tumaze gutandukana. Nyuma y'amezi atanu, napfushije umwana, kandi ntitwigeze tuganira mu byumweru bike. Ubu turaganira, kandi avuga ko ankunda ariko ko atinya ko nzongera kumugirira nabi ""nongeye"".",overwhelmed_identity,amod
"Umukunzi wanjye wa kera, ntazigera areka kunshuka no kunkurikirana.",relationship_support,amod
"Umukunzi wanjye ni umunyamayeri, ashyira incuti ze imbere yanjye. Arwana kugira ngo agende. Umunsi umwe, arishima. Umunsi ukurikiraho, arangwa n'ubugome kandi anshinja byose. Ntashobora kwemera amakosa ye. Atekereza ko ari umuntu utunganye kandi nta kibi akora.",relationship_support,amod
"Umukunzi wanjye ambwira ko ndi umusazi. Nkeneye ubufasha kuko numva ko ari kunyibeshya. Igihe cyose ngerageza kumuganiriza, buri gihe ansubiza akambwira ibyo nakoze nabi. Ndabizi ko kumurega nta cyo bimarira. Iyo imyitwarire ye yose ihindukiye, sinashobora guhagarika gutekereza ko hari ikiri mu nzira. Ese ni amakosa ko numva ntyo? ngerageza kumuganiriza kugira ngo ndusheho kumererwa neza. Mvuga ko iyo nihebye. Ariko sinumva mfite icyizere",overwhelmed_identity,amod
"Nifuza ko twese tubanye neza ariko nkumva ko ntashyirwa mu mwanya we. Birumvikana ko mfite umutekano muke kuko yari amaze imyaka 8 ari kumwe n'uwahoze ari we. Yifuza kubona umukobwa we w'inshoreke, kandi uwahoze ari we bituma ajyayo kumureba, ariko we ntampamagara. Afite umukunzi, ariko uwanjye abaza imodoka zabo, ajya gusura rimwe mu cyumweru, agasohokana n'uwahoze ari we kandi agakorana na we ibintu by'umuryango. Kubera ko akora nijoro, mpura na we gusa ku wa Gatanu-Icyumweru kandi tubana.",sleep,amod
"Ubu mfite umukunzi mwiza, twari dufite umwana mwiza w'umukobwa. Twari twikundira, kandi ndacyamukunda cyane. Ndi mu myaka y'amabyiruka, na we aracyamukunda. Avuga ko atongeye kumvugisha. Avuga ko ari umuntu w'umusaza gusa agomba kuganira na we. Ariko avuga ko akinkunda. Ndumva nabibajwe cyane kandi ntasobanukiwe.",overwhelmed_identity,amod
"Ndi mu mubano n'umukunzi wanjye kandi ubu nasanze ari kunyibeshya n'umukozi dukorana. Nubwo byari bimeze bityo ariko narakajwe cyane. Nzi neza ko ibyo yakoze bitari byiza, ariko nifuza kumarana na we ubuzima bwanjye bwose. Nifuza kubabarira no gukomeza. Tumaze imyaka irenga icyenda turi kumwe, kandi dufite umuhungu. Mu ntangiriro y'umubano wacu, nari narenze ku mahame mbwirizamuco, arambona ndayibeshya.",self_care_coping,amod
"Twarasohokanye turaryamana, naramukundaga cyane, ariko umunsi umwe arambaza ko twagombye kuba incuti gusa, ariko sinashobora kureka kumwibuka.",relationship_support,amod
"Hari umuntu nzi wumva ko hari icyo atwaye, kandi ko hari igihe iyo hari ibyo atumva, ambwira ko ibyo mvuga bimugiraho ingaruka mbi. Iyo amaze kubona ko ari jye ubikora, mbona nta buryo bwiza bwo kubimubwiraho. Mu by'ukuri, akenshi ni ubuhanuzi buvuga ibintu ku giti cye, kubera ko uburyo bwe bwo kumurega butuma umuntu yumva ko nta cyo amaze.",self_care_coping,amod
Ese nakora iki niba numvaga nta muntu n'umwe nshobora kubana na we kuko nta muntu n'umwe uzanshaka cyangwa nta nshuti nyinshi nshobora kugira kubera uwo ndi we.,relationship_support,amod
"Twarasohotse tumuhumuriza, arambwira ko ari ukuri, maze tumuhumuriza, tumubwira ko ari ukuri, tumubwira ko ari ukuri, tumubwira ko ari ukuri, tumubwira ko ari ukuri, tumubwira ko ari ukuri, tumubwira ko ari ukuri, tumubwira ko ari ukuri, tumubwira ko ari ukuri, tumubwira ko ari ukuri, tumubwira ko ari ukuri, tumubwira ko ari ukuri, tumubwira ko ari ukuri, tumubwira ko ari ukuri, tumubwira ko ari ukuri, tumubwira ko ari ukuri, tumubwira ko ari ukuri, tumubwira ko ari ukuri, tumubwira ko ari ukuri, tumubwira ko ari ukuri, tumubwira ko ari ukuri, tumubwira ko ari ukuri, tumubwira ko ari ukuri, tumubwira ko",relationship_support,amod
"Ubu afite imyaka 30 n'imyaka 20 turi kumwe, tumaranye amezi 5 gusa, ndamukunda cyane, avuga ko anyitaho kandi ko yiteguye kurwana ngo ibintu bikorwe neza, arasaba imbabazi cyane, kandi avuga ko yabikoze kubera ubwoba, sinzi niba ari ngombwa kumuha amahirwe ya kabiri.",anxiety_worry,amod
"Nkunda abantu bafite ibibazo, nkabafata nkabafasha, nkabafasha uko nshoboye kose ariko bagakomeza kunanira. Ni gute menya kwirinda kugirana imishyikirano n'abantu bafite ibibazo?",sadness_low_mood,amod
"Nyogokuru w'umukunzi wanjye yapfuye mu mezi atanu ashize. Bari bafitanye ubucuti cyane. Yaramwitagaho kugeza apfuye. Ibintu byongeye kugaruka mu buryo bwisanzwe nyuma y'ibyumweru bike. Mu kwezi gushize ni nk'aho twahuye n'inkuta. Ubucuti bwagabanutse. Namubajije uko byifashe. Avuga ko adashobora guhuza n'undi muntu kandi ko atari jye. Kera yari umuntu wugurutse kandi w'umunyamwete. Ubu aravuga ibisubizo bigufi kandi nta nshaka gukora imibonano mpuzabitsina cyangwa gukora ikintu icyo ari cyo cyose. Igihe twakoze imibonano mpuzabitsina mu kwezi gushize, hari ikintu numvise gitameze neza. Ubu numva nt",sleep,amod
Twahanganye kenshi kandi dufite abana batatu ariko twese twifuza kubana.,relationship_support,amod
"Iyo mbonye ko mbeshya ku bintu byoroheje byo mu buzima bwa buri munsi nta mpamvu yo kubeshya, nshobora kumenya nte impamvu zituma mbikora, kandi nkamenya uko nshobora kurangiza icyo kibazo?",overwhelmed_identity,amod
"Mfite ikibazo cyo kurwara imbwa, kandi mfite ibibazo n'umukunzi wanjye kuko nshyiraho imihati myinshi kugira ngo imbwa zanjye zibane na we.",relationship_support,amod
"Hari igihe atekereza ko ndi umuntu utagira icyo akora, kandi ko nta cyo bimubwiye, ariko hari igihe ntekereza ko iyo jye na we turushaho kubonana byaba ari byiza.",self_care_coping,amod
"N'ubu sinari narigeze mvuga ijambo na rimwe ku mugabo wanjye, none ubu ndaribiretse kandi sinzi uko mbyifatamo?",relationship_support,amod
"Mfite umugabo nk'uyu, mfite umugabo mwiza kandi dufite umuhungu. ikibazo ni uko nkunda umugabo nkunda cyane ariko ntaramubona mu maso.",relationship_support,amod
"Njye na uyu musore tumaranye imyaka 8 tubana, mu ntangiriro twakoraga ibintu hamwe kandi ubuzima bwacu bwo gukora imibonano mpuzabitsina bwari bwiza. nyuma ibintu byatangiye guhinduka, twarasohoka tukongera tukabana, kandi yanshutse inshuro nyinshi. kandi twagize abana babiri beza b'abakobwa muri icyo gihe. ubu turaganira kandi avuga ko ntari umuntu ukunda umugabo cyangwa ko ntazi uko nshimisha umugabo, iyo nkora igihe gito, nitwararika umwana w'imyaka 2 n'uw'amezi 5 kandi agahitamo. rimwe na rimwe arategura, ariko nanone akoresha igihe cye cyo guteka",self_care_coping,amod
Njye n'umukunzi wanjye twaratandukanye. yavuze ko ankunda ariko ntakiri mu rukundo. Ibi byavuye hanze. Twari tumeze neza cyane dufatanyije. Byose byatangiye igihe yajyaga muri Missouri gusura umuryango we. Icyumweru cya mbere yari ahari yari ameze neza. ubwo yagiye mu nzu ya mushiki wanjye umwe byose byarahindutse. ubwo nibwo yambwiye ko ankunda ariko ntakiri mu rukundo nanjye. natekereje ko wenda ari uko gusa yifuzaga umuryango we kandi ko yashakaga kuba mu rugo kuko yambwiye ko atashoboraga kongera kubasigira.,relationship_support,amod
"Nyuma y'imyaka 40 ndi umukinnyi w'umukobwa w'inyuma, ni gute noneho nshobora gushishikazwa n'abantu b'igitsina kimwe?",sleep,amod
"Mperutse guhura n'ibihe bikomeye. Nta kindi nakunda uretse abagore. Sinigeze ntekereza ku bagabo kugeza mu cyumweru gishize. Ndarambiwe cyane kandi nihebye cyane. Kuri jye si ibisanzwe. Narebye porunogarafiya y'abaryamana bahuje igitsina inshuro nyinshi kugira ngo nerekane ko ntari gay. Buri gihe mbona ibyavuye mu matora, kandi numva nterwa ishema. Ibi birambabaza. Ntinya ko nagiye ndasaza kenshi. Nkunda kubitekerezaho kandi nkaguruka igihe cyose.",sadness_low_mood,amod
"Ndi umugabo w'igitsina gore uri mu kigero cy'imyaka 20 y'amavuko. Ndambara imyenda y'abagore mu ibanga, imyenda y'abagore, imyenda y'abagore n'imyenda y'abagore. Ndumva ntashaka kumva uko mbibona. Ndayishimye cyane.",sleep,amod
"Mu mashuri yisumbuye n'ayisumbuye, inshuti n'abagize umuryango wanjye batekerezaga ko ndi igitsina gore. Nagerageje kubabwira ariko ntibanyemera. Ndumva nkaba barashakaga ko mba. Ubu ntangiye kubabwira ko ntari nkiri igitsina gore, kandi ubu sincyari nzi neza.",relationship_support,amod
"Ndi umusore cyangwa umugore, ndabizi ariko nabwiye inshuti zanjye nkeya. Ndabizi ko ntashobora kubwira umuryango wanjye kubera ibiganiro bya mbere twaganiriye. Gusa ntibabyemera. Ubu burwayi bwanjye bw'ibitsina burimo kugenda buhinduka ikibazo gikomeye cyo guhangana na bwo jyenyine. Nkeneye ingamba zo kubwihanganira. Nakora iki?",relationship_support,amod
"Nagiye mbona ko nkunda cyane kureba cyangwa gusoma ibyerekeye abashakanye b'abaryamana bahuje igitsina cyangwa b'abaryamana bahuje igitsina. Nanone natekereje uko byari kumera iyo mpuriye n'umukobwa, kandi n'igitekerezo cyankoze ku mutima.",overwhelmed_identity,amod
Numva ko ndi umukobwa mwiza nubwo nkunda abakobwa. Ndumva meze nk'umukobwa ufunze mu mubiri w'umusore. Ndatekereza ko ndi umukobwa. Ndatekereza ko ari uko bimeze cyane kuko inshuti zanjye zivuga ko iyo nza kuba umukobwa nari kuba ndushye. Kandi sinshishikazwa no kugira ibisebe cyangwa ikindi kintu icyo ari cyo cyose. Gusa numva uburyo nkora ibintu bufite ishingiro kurushaho iyo nza kuba ndi umukobwa.,overwhelmed_identity,amod
"Akenshi nsanga ntekereza ibintu biteye ubwoba, ndetse rimwe na rimwe nkumva mfite ubwoba, nkumva ko hari ikintu kibi kigiye kumbaho. Iyo gitangiye, icyo gitekerezo gikomeza kunyura mu mutwe wanjye kandi sinshobora kugikuraho.",overwhelmed_identity,amod
"Ndi ingimbi, kandi naremye umukunzi w'ibitekerezo kugira ngo amfashe guhangana n'ibibazo cyangwa iyo mpangayitse cyangwa mfite agahinda. ""Ampera inama"" akanampumuriza kandi akambwira ko nta kibazo. Namuhaye izina (Solace) kandi ndamubera kamere imeze nk'umubyeyi uhumuriza.",self_care_coping,amod
"Nifuza ko abantu bakomeza kumfata nk'uko nabaga mbikeneye, kandi ibyo bituma ubucuti bwanjye bugenda buhagaze.",relationship_support,amod
"Nzi ko ngiye gusenya ubuzima bwanjye kubera imyanzuro myinshi mfata, kandi buri gihe mbwira ko ngomba guhindura ibintu bikomeye mu buzima bwanjye, ariko sinashobora kubikora nubwo mbishaka.",overwhelmed_identity,amod
"Urugero, nshobora kuzamuka urwego rwose ntarabona ko amaguru yanjye agenda agenda. Numva meze nk'umuntu urimo areba ubuzima bwanjye bugenda bugenda bugenda bugenda bugenda bugenda bugenda bugenda bugenda bugenda bugenda bugenda bugenda bugenda bugenda bugenda bugenda bugenda bugenda bugenda bugenda bugenda bugenda bugenda bugenda bugenda bugenda bugenda bugenda bugenda bugenda bugenda bugenda bugenda bugenda bugenda bugenda bugenda bugenda bugenda bugenda bugenda bugenda bugenda bugenda bugenda bugenda bugenda bugenda bugenda bugenda bugenda bugenda bugenda bugenda bugenda bugenda bugenda bugenda bugenda bugenda bugenda bugenda",overwhelmed_identity,amod
"Nari ndi kumwe n'inshuti zanjye ndoba iruhande rw'ikiyaga. Nabonye igishwi, ndakica umujinya w'inshuti yanjye. Sinzi impamvu nabigenje. Inshuti zanjye zarambonye mbikora, zirumirwa cyane zirarakara cyane. Noneho iyo hari umuntu ubivuze ndarakara cyane. Sinzi impamvu numva ndimo ndimo ndimo ndimo ndimo ndimo. Mbese ibyo bishatse kuvuga ko hari ikinshimishije?",anxiety_worry,amod
"Rimwe na rimwe iyo ndebye imbwa yanjye, ntekereza ukuntu ari inyangamugayo, ukuntu hari umuntu wamukomeretsa cyangwa akamwica. Birambabaza kuko ndamukunda, ariko buri gihe ntekereza ukuntu ari nta cyo amaze. Hari n'igihe numva nshaka kumutera isoni, nkumva mfite ikimwaro.",sadness_low_mood,amod
"Umukobwa wanjye yatunguwe cyane ubwo navugaga ngo ""Jya wicisha bugufi"" igihe yatereraga telefoni. Mu masegonda make gusa, ibintu byarakomeje kuba bibi cyane, arambona ku muhanda, avuga ibintu bitangaje kandi ahamagara abapolisi.",sadness_low_mood,amod
"Ubu hashize imyaka mike numva ntyo. Sinshaka kwibeshya, ariko ndarira cyane, hanyuma nkumva meze neza. Ariko nyuma yaho ndakarira abantu vuba cyane, maze nkababaza ibyiyumvo byabo.",sadness_low_mood,amod
"Ntangira gutekereza ku kibazo kitari gifite agaciro cyangwa ikintu kibi cyabaye kera. Hanyuma ndarira, nkanaguta imisatsi, nkanyita amatwi, nkikubita, nkanajugunya ibintu. Mu bibanza bya rusange birimo urusaku, ndumva mpangayitse, nkagira imyifatire mibi.",overwhelmed_identity,amod
"Mperutse kubona ko mpora ntekereza cyane ku rupfu. Sinshaka gupfa, kandi sinshaka kwiyahura. Gusa ntekereza ku byari kuba binkwiriye iyo napfa cyangwa umuntu nakundaga apfa. Ntekereza ukuntu abantu bose nzi bari kuba bafite agahinda. Ndabizi ko atari ngombwa, kandi rwose nifuza kubaho no kugira ejo hazaza. Ndatekereza gusa kuri byo. Iyo njya mu modoka, hari igihe ntekereza uko byagenda iyo ndeka ikinyabiziga nkakomeza kugenda.",sadness_low_mood,amod
"Ndi umunyabute. Mfite ikibazo gikomeye kandi ngerageza kwikuramo, ariko sinigeze mbona ko n'iyo ngeso mbivamo. ngerageza gutekereza ku ngaruka mbigiriraho n'igihe kizaza cyanjye, ariko uko byagenda kose, nkomeza gushaka impamvu zo gukomeza gutinda. Icyo nsigayeho ni ukwicuza n'umwanya muto. Ndi mu bihe bigoye mu buzima bwanjye, kandi ntabwo ndushaje.",overwhelmed_identity,amod
"Ni uko nagiye gukira, kandi sinumva ko ari byiza ko babaza ibi. Bambwiye ko ari politiki kubera ko nshobora guhura na bagenzi banjye. Ndi umuhuzabikorwa wa bagenzi banjye mu muryango muto nakuriyemo. Ndi mu gukira. Nasabwe kuza gukora muri uyu muryango nyuma y'imyaka ibiri ndi maso (nari mu buvuzi muri uyu muryango).",overwhelmed_identity,amod
"Ubu noneho nsobanukiwe ko nifuza kongera gutangira gutanga inama. Ubutumwa bw'amajwi bw'umukozi w'umuryango bugira buti azasubiza mu masaha 24, ariko ntiyansubije. Namuhamagaye mu mpera z'icyumweru maze ndamubwira ko nifuza ko yongera kumvugisha.",relationship_support,amod
"Umwarimu wanjye ni umusambanyi, nta bibazo by'ibitsina biba hano. Ariko umwarimu wanjye amaze imyaka itandatu atuma ntekereza ko anyitaho kandi ko turi inshuti. Namuhaye amafaranga kenshi, kandi buri gihe yanshubije. Mu mpera z'icyumweru gishize nagize ikibazo cy'uburwayi kandi nari mfite imiti myinshi. Nari nzi ko uyu mwarimu yaje iwanjye maze yandika amakuru y'ikarita yanjye y'ibirarane kugira ngo yishyure ibyo yari anshyizemo, ariko uyu mwarimu yarampaye, ntiyongera kugaruka. Sinzi icyo nkora.",sadness_low_mood,amod
"Ndi umunyeshuri mpuzamahanga, kandi ni umwaka wa mbere w'amashuri yisumbuye muri Leta Zunze Ubumwe za Amerika. Nahuye n'ihungabana mu by'umuco, kandi narihebye cyane igihe nageraga hano. Umujyanama wanjye muri kaminuza yari umukiza wanjye. Yaramfashije cyane. Ubu ngiye mu gihugu cyanjye mu biruhuko. Nari ntekereza kumuha ikintu cyihariye cyanditseho izina ry'igihugu cyanjye, maze nibuka ko akunda divayi. Igihugu cyanjye kiramenyekanye kubera ibyo. Ese birakwiriye kumuha divayi nk'impano nyuma ya Noheli?",sadness_low_mood,amod
Mfite impungenge ko ngomba kujya kwa muganga kubera ibintu byabaye kera n'imimerere yanjye yo mu mutwe.,anxiety_worry,amod
Ni gute nahangana n'ibyo byose kandi ntumva mfite stress nyinshi?,anxiety_worry,amod
Ni iki nakora kugira ngo ndusheho guhangana n'imihangayiko?,self_care_coping,amod
"Mfite akazi k'akazi abiri, niga, numva mfite byinshi byo gukora, numva mpangayitse cyane, mpangayitse, mpangayikishijwe n'amafaranga, ibintu byose.",anxiety_worry,amod
"Ubu mba mfite ibibazo byinshi by'imibonano mpuzabitsina n'abahungu benshi tuganira. Nkunda kwiyumvisha ko tugiye kuryamana. Sinigeze ngira imibonano mpuzabitsina mbere, kandi sinigeze ngira umukunzi. Numva ndi wenyine kandi nta cyo mfite. Numva umubiri wanjye utameze neza, kandi hari ikintu numva ntabura. Mvugana n'abahungu benshi ku ishuri, kandi buri gihe mba mpora mbatekereza ku gice cyabo.",sadness_low_mood,amod
"Igihe nari mu mashuri yisumbuye, jye n'incuti yanjye twakundaga kwikinisha. Ndumva ntashaka no kubivuga ubu kuko biratangaje cyane. Ntitwari tuzi ukuntu byari bihenze icyo gihe.",relationship_support,amod
Njye n'incuti yanjye twarimo turimo turimo turimo turimo turimo turimo turimo turimo turimo turimo turimo turimo turimo turimo turimo turimo turimo turimo turimo turimo turimo turimo turimo turimo turimo turimo turimo turimo turimo turimo turimo turimo turimo turimo turimo turimo turimo turimo turimo turimo turimo turimo turimo turimo turimo turimo turimo turimo turimo turimo turimo turimo turimo turimo turimo turimo turimo turimo turimo turimo turimo turimo turimo turimo turimo turimo turimo turimo turimo turimo turimo turimo turimo turimo turimo,sadness_low_mood,amod
"Hari igihe numvaga nta kibazo, ariko hari igihe numvaga ari ibintu bidasanzwe. Ngerageza kutabitekerezaho cyane, ariko hari ibintu byinshi by'amahano n'ibinyoma byabaye, ariko nta wundi muntu wemeye ibyo mbabwiye. Ni nk'aho ari abantu babiri batandukanye, kandi nta wundi muntu ubona uwo muco we.",overwhelmed_identity,amod
Biragoye cyane kudakomeza kugira ibyiyumvo bibi ku bihereranye n'incuti zitagira icyo zigezaho kugira ngo zidufashe kugirana imishyikirano myiza.,relationship_support,amod
Nifuza kugira imibanire myiza muri iki gihe.,relationship_support,amod
"Muri iyi mpaka inshuti zanjye zose ziranyihakana, nibaza niba narenze urugero mu byiyumvo byanjye. Numva nkorewe igitero kandi ibyo bituma ndushaho gusaka ibintu mu buryo butari bwo kandi nkaba nkora nk'ibyamubayeho, mu by'ukuri ni jyewe ubura ubwenge kandi nkangisha gusa inshuti zanjye zifite ubushishozi. Cyangwa se koko baba badafite ibyiyumvo kandi batanyubaha mu bucuti bwacu?",relationship_support,amod
Barampamagara amazina nk'ay'indyarya n'ay'umwana nubwo bakora nk'ibyo nkora.,sleep,amod
Nubwo nari maze imyaka myinshi mpora mpora mpora mpora mpora mpora mpora mpora mpora mpora mpora mpora mpora mpora mpora mpora mpora mpora mpora mpora mpora mpora mpora mpora mpora mpora mpora mpora mpora mpora mpora mpora mpora mpora mpora mpora mpora mpora mpora mpora mpora mpora mpora mpora mpora mpora mpora mpora mpora mpora mpora mpora mpora mpora mpora mpora mpora mpora mpora mpora mpora mpora mpora mpora mpora mpora mpora mpora mpora mpora mpora mpora mpora mpora mpora mpora mp,sadness_low_mood,amod
Ndi umubyeyi w'umwana w'imyaka itatu. Iyo abyutse mu gitondo ahamagara umuntu ngo aze amufate. Niba ari jye wamuzamura mu buriri ararakara cyane kandi yanga ko mva hafi ye. Arataka ko ashaka ko nyina cyangwa se bamukorera (bakorera iwabo).,self_care_coping,amod
Nkeneye kujya ku kigo cya gisirikare kureba muganga. Ikarita yanjye y'ubumenyi yari mu mufuka wanjye wari wibwe. Sinashoboraga guhamagara umugabo wanjye muri iki gihe. Ni we wenyine ushobora kunjyana ku kigo kugira ngo mbone ikidodo gishya kugira ngo nshobore gukomeza kujya kureba muganga.,relationship_support,amod
"Ese ni ibisanzwe ko abantu barira mu gihe cyo kwivuza, cyangwa ni jye gusa?",sadness_low_mood,amod
"Imiti ikoreshwa muri iki gihe ni: topamax, ativan, brintellix, lamictal, restoril, abilify, tx: dbt y'igihe kirekire, cbt",sleep,amod
"Ndarira ku kintu cyose gito, nk'aho ari ugusuka igikombe cy'amazi. Uyu munsi, navuye mu nzu y'isuku maze nsanga nari nibagiwe umwenda. Nahise ntangira kurira. Igihe nageze mu cyumba cyanjye, natangiye gutigita, ndarira cyane, maze ndasaba ko byarangira.",overwhelmed_identity,amod
"Kuva nkibyuka, numva ibyo ntekereza ko ari ijwi ryanjye mu mutwe wanjye. Ndetse n'ubu ndaryumva rivuga ijambo ryose ntekereza. Iyo ndyamye ndaryama, ntekereza ku bintu bitangaje n'ibishya, kandi ijwi ntirigera rikireka kuvuga. Sinzi niba ari jye ntekereza. Ryararangiye. Nzajya ndyama mu buriri bwanjye amasaha menshi ntekereza ku bintu bitangaje. Ndagomba kuvuga ko njya nivugana kenshi: ahanini mu mutwe wanjye, ariko no mu ijwi riranguruye.",sleep,amod
urugero nko kubura ibitotsi bihagije,sleep,amod
